population,condition,participant,session_id,task_cluster,task_cluster_name,v1_detect,v2_temporal_detect,baseline_detect,v2_temporal_score,v2_temporal_threshold,tap_threshold_us,interval_threshold_us,tap_total,tap_violations,tap_violation_rate,tap_duration_min_us,tap_duration_median_us,interval_total,interval_violations,interval_violation_rate,interval_max_us,interval_median_us,ahb_tap_detect_ge1,ahb_interval_detect_ge1,ahb_both_detect_ge1,ahb_tap_detect_ge2,ahb_interval_detect_ge2,ahb_both_detect_ge2,ahb_tap_detect_ge3,ahb_interval_detect_ge3,ahb_both_detect_ge3
Human,Human,user1,20251012_104825,1,Shopping,,False,False,,,5000.0,6008676.0,15,0,0.0,34158.0,67721.0,32,2,0.0625,10658390.0,675923.0,False,True,True,False,True,True,False,False,False
Human,Human,user1,20251012_105107,1,Shopping,,False,False,,,5000.0,6008676.0,61,0,0.0,45119.0,79101.0,68,4,0.058823529411764705,9062110.0,1246892.5,False,True,True,False,True,True,False,True,True
Human,Human,user1,20251012_105412,1,Shopping,,False,False,,,5000.0,6008676.0,15,0,0.0,57038.0,78951.0,27,7,0.25925925925925924,21269311.0,1444966.0,False,True,True,False,True,True,False,True,True
Human,Human,user1,20251012_105701,1,Shopping,,False,False,,,5000.0,6008676.0,10,0,0.0,53957.0,79035.0,32,6,0.1875,10554658.0,1095883.0,False,True,True,False,True,True,False,True,True
Human,Human,user1,20251012_105947,1,Shopping,,False,False,,,5000.0,6008676.0,60,0,0.0,45085.0,68853.5,72,3,0.041666666666666664,9698838.0,570062.0,False,True,True,False,True,True,False,True,True
Human,Human,user1,20251012_110215,1,Shopping,,False,False,,,5000.0,6008676.0,18,0,0.0,56686.0,79514.0,19,4,0.21052631578947367,6684199.0,3591391.0,False,True,True,False,True,True,False,True,True
Human,Human,user1,20251012_110410,1,Shopping,,False,False,,,5000.0,6008676.0,21,0,0.0,44844.0,90623.0,22,2,0.09090909090909091,8723616.0,1624877.0,False,True,True,False,True,True,False,False,False
Human,Human,user1,20251012_110544,1,Shopping,,False,False,,,5000.0,6008676.0,21,0,0.0,57185.0,90779.0,48,3,0.0625,7402922.0,1044102.0,False,True,True,False,True,True,False,True,True
Human,Human,user1,20251012_110943,1,Shopping,,False,False,,,5000.0,6008676.0,6,0,0.0,56730.0,90116.0,5,3,0.6,8264290.0,7743644.0,False,True,True,False,True,True,False,True,True
Human,Human,user1,20251012_111051,1,Shopping,,False,False,,,5000.0,6008676.0,13,0,0.0,56781.0,79641.0,22,4,0.18181818181818182,21568801.0,2309564.0,False,True,True,False,True,True,False,True,True
Human,Human,user1,20251012_111330,3,Trip Planning,,False,False,,,5000.0,5957152.0,13,0,0.0,40819.0,90354.0,13,4,0.3076923076923077,11065870.0,3927355.0,False,True,True,False,True,True,False,True,True
Human,Human,user1,20251012_111614,3,Trip Planning,,False,False,,,5000.0,5957152.0,8,0,0.0,67828.0,79147.0,12,3,0.25,17459646.0,4087750.5,False,True,True,False,True,True,False,True,True
Human,Human,user1,20251012_111812,3,Trip Planning,,False,False,,,5000.0,5957152.0,11,0,0.0,67013.0,90489.0,49,4,0.08163265306122448,14237946.0,552243.0,False,True,True,False,True,True,False,True,True
Human,Human,user1,20251012_112054,3,Trip Planning,,False,False,,,5000.0,5957152.0,7,0,0.0,67949.0,79181.0,15,4,0.26666666666666666,16102529.0,1444243.0,False,True,True,False,True,True,False,True,True
Human,Human,user1,20251012_112232,3,Trip Planning,,False,False,,,5000.0,5957152.0,4,0,0.0,56699.0,67601.0,7,2,0.2857142857142857,8102182.0,4456353.0,False,True,True,False,True,True,False,False,False
Human,Human,user1,20251012_112338,2,Video Streaming,,False,False,,,5000.0,5927296.0,5,0,0.0,67605.0,78635.0,4,3,0.75,8219301.0,7800861.5,False,True,True,False,True,True,False,True,True
Human,Human,user1,20251012_112445,2,Video Streaming,,False,False,,,5000.0,5927296.0,4,0,0.0,79245.0,96319.0,15,2,0.13333333333333333,13100568.0,632769.0,False,True,True,False,True,True,False,False,False
Human,Human,user1,20251012_112604,2,Video Streaming,,False,False,,,5000.0,5927296.0,28,0,0.0,44733.0,78663.0,28,0,0.0,5078001.0,191901.5,False,False,False,False,False,False,False,False,False
Human,Human,user1,20251012_112714,2,Video Streaming,,False,True,,,5000.0,5927296.0,3,0,0.0,56669.0,79444.0,26,2,0.07692307692307693,7905325.0,513115.5,False,True,True,False,True,True,False,False,False
Human,Human,user1,20251012_112855,2,Video Streaming,,False,False,,,5000.0,5927296.0,7,0,0.0,79396.0,90972.0,21,3,0.14285714285714285,7841273.0,1185724.0,False,True,True,False,True,True,False,True,True
Human,Human,user1,20251012_113033,2,Video Streaming,,False,False,,,5000.0,5927296.0,6,0,0.0,67953.0,90465.0,6,2,0.3333333333333333,24275877.0,2552767.0,False,True,True,False,True,True,False,False,False
Human,Human,user1,20251012_113200,2,Video Streaming,,False,False,,,5000.0,5927296.0,12,0,0.0,33626.0,79531.0,28,2,0.07142857142857142,9683945.0,1456266.0,False,True,True,False,True,True,False,False,False
Human,Human,user1,20251012_113351,2,Video Streaming,,False,False,,,5000.0,5927296.0,12,0,0.0,45882.0,79323.0,13,1,0.07692307692307693,7712051.0,2280429.0,False,True,True,False,False,False,False,False,False
Human,Human,user1,20251012_113511,2,Video Streaming,,False,False,,,5000.0,5927296.0,8,0,0.0,45524.0,96363.0,24,1,0.041666666666666664,7283457.0,672777.0,False,True,True,False,False,False,False,False,False
Human,Human,user1,20251012_113631,2,Video Streaming,,False,False,,,5000.0,5927296.0,14,0,0.0,45451.0,80016.0,24,3,0.125,11278268.0,1833771.0,False,True,True,False,True,True,False,True,True
Human,Human,user1,20251012_113825,2,Video Streaming,,False,False,,,5000.0,5927296.0,3,0,0.0,79334.0,90711.0,12,3,0.25,11255375.0,1140885.0,False,True,True,False,True,True,False,True,True
Human,Human,user1,20251115_152846,2,Video Streaming,,False,False,,,5000.0,5927296.0,10,0,0.0,45437.0,67828.5,9,1,0.1111111111111111,14453704.0,608440.0,False,True,True,False,False,False,False,False,False
Human,Human,user1,20251115_153005,2,Video Streaming,,False,False,,,5000.0,5927296.0,12,0,0.0,56453.0,78837.0,11,2,0.18181818181818182,13094618.0,3042834.0,False,True,True,False,True,True,False,False,False
Human,Human,user1,20251115_153134,2,Video Streaming,,False,False,,,5000.0,5927296.0,21,0,0.0,44866.0,78422.0,21,4,0.19047619047619047,13766167.0,2818657.0,False,True,True,False,True,True,False,True,True
Human,Human,user1,20251115_153336,2,Video Streaming,,False,False,,,5000.0,5927296.0,14,0,0.0,55947.0,78757.0,35,2,0.05714285714285714,21019532.0,485093.0,False,True,True,False,True,True,False,False,False
Human,Human,user1,20251115_153556,2,Video Streaming,,False,False,,,5000.0,5927296.0,11,0,0.0,44804.0,79124.0,13,2,0.15384615384615385,15426261.0,2694931.0,False,True,True,False,True,True,False,False,False
Human,Human,user1,20251115_153746,2,Video Streaming,,False,False,,,5000.0,5927296.0,18,0,0.0,56246.0,68234.0,21,2,0.09523809523809523,13292015.0,869030.0,False,True,True,False,True,True,False,False,False
Human,Human,user1,20251115_153947,2,Video Streaming,,False,False,,,5000.0,5927296.0,7,0,0.0,45859.0,68289.0,24,3,0.125,13750483.0,632598.0,False,True,True,False,True,True,False,True,True
Human,Human,user1,20251115_154143,2,Video Streaming,,False,False,,,5000.0,5927296.0,7,0,0.0,22770.0,79571.0,9,2,0.2222222222222222,13076376.0,3563698.0,False,True,True,False,True,True,False,False,False
Human,Human,user1,20251115_170110,1,Shopping,,False,False,,,5000.0,6008676.0,4,0,0.0,45563.0,79179.0,4,2,0.5,11735912.0,4085974.5,False,True,True,False,True,True,False,False,False
Human,Human,user1,20251115_170216,1,Shopping,,False,False,,,5000.0,6008676.0,26,0,0.0,39330.0,78915.5,25,4,0.16,11270750.0,664402.0,False,True,True,False,True,True,False,True,True
Human,Human,user1,20251115_170354,1,Shopping,,False,False,,,5000.0,6008676.0,19,0,0.0,55822.0,77041.0,18,5,0.2777777777777778,9040978.0,360564.0,False,True,True,False,True,True,False,True,True
Human,Human,user1,20251115_170521,3,Trip Planning,,False,False,,,5000.0,5957152.0,6,0,0.0,44740.0,84853.5,13,2,0.15384615384615385,18987501.0,1508165.0,False,True,True,False,True,True,False,False,False
Human,Human,user1,20251115_170647,3,Trip Planning,,False,False,,,5000.0,5957152.0,7,0,0.0,67850.0,79009.0,6,2,0.3333333333333333,17854428.0,4963718.5,False,True,True,False,True,True,False,False,False
Human,Human,user1,20251115_170808,3,Trip Planning,,False,False,,,5000.0,5957152.0,13,0,0.0,34091.0,90354.0,24,6,0.25,9291521.0,3382863.0,False,True,True,False,True,True,False,True,True
Human,Human,user1,20251115_171016,3,Trip Planning,,False,False,,,5000.0,5957152.0,5,0,0.0,67193.0,79170.0,6,3,0.5,8955538.0,5396718.0,False,True,True,False,True,True,False,True,True
Human,Human,user1,20251115_171123,3,Trip Planning,,False,False,,,5000.0,5957152.0,7,0,0.0,34067.0,78739.0,9,3,0.3333333333333333,13329668.0,3075520.0,False,True,True,False,True,True,False,True,True
Human,Human,user1,20251115_171301,3,Trip Planning,,False,False,,,5000.0,5957152.0,19,0,0.0,67599.0,89794.0,21,9,0.42857142857142855,14129325.0,4654009.0,False,True,True,False,True,True,False,True,True
Human,Human,user1,20251115_171539,3,Trip Planning,,False,False,,,5000.0,5957152.0,7,0,0.0,67592.0,79117.0,7,3,0.42857142857142855,10357124.0,4664745.0,False,True,True,False,True,True,False,True,True
Human,Human,user1,20251115_171656,3,Trip Planning,,False,False,,,5000.0,5957152.0,12,0,0.0,67430.0,73491.0,11,4,0.36363636363636365,13996124.0,4499482.0,False,True,True,False,True,True,False,True,True
Human,Human,user1,20251115_171832,3,Trip Planning,,False,False,,,5000.0,5957152.0,55,0,0.0,55324.0,79127.0,82,13,0.15853658536585366,11951557.0,986425.0,False,True,True,False,True,True,False,True,True
Human,Human,user1,20251115_172258,3,Trip Planning,,False,False,,,5000.0,5957152.0,7,0,0.0,56384.0,67356.0,8,2,0.25,10329086.0,4386158.0,False,True,True,False,True,True,False,False,False
Human,Human,user1,20251115_172428,3,Trip Planning,,False,False,,,5000.0,5957152.0,10,0,0.0,56539.0,90307.0,13,3,0.23076923076923078,11117285.0,2651554.0,False,True,True,False,True,True,False,True,True
Human,Human,user1,20251115_172609,3,Trip Planning,,False,False,,,5000.0,5957152.0,20,0,0.0,33813.0,73134.0,30,4,0.13333333333333333,10629078.0,1506105.0,False,True,True,False,True,True,False,True,True
Human,Human,user1,20251115_172812,3,Trip Planning,,False,False,,,5000.0,5957152.0,5,0,0.0,79458.0,101490.0,10,3,0.3,9314807.0,1577229.0,False,True,True,False,True,True,False,True,True
Human,Human,user1,20251115_172930,3,Trip Planning,,False,False,,,5000.0,5957152.0,12,0,0.0,67241.0,96185.5,12,4,0.3333333333333333,17323903.0,4150453.5,False,True,True,False,True,True,False,True,True
Human,Human,user1,20251115_173115,3,Trip Planning,,False,False,,,5000.0,5957152.0,17,0,0.0,67282.0,90209.0,20,6,0.3,27413944.0,2293555.5,False,True,True,False,True,True,False,True,True
Human,Human,user1,20251115_173349,4,Office & Learning,,False,False,,,5000.0,5670071.0,4,0,0.0,68020.0,90471.5,3,1,0.3333333333333333,8545277.0,3179786.0,False,True,True,False,False,False,False,False,False
Human,Human,user1,20251115_173435,4,Office & Learning,,False,False,,,5000.0,5670071.0,12,0,0.0,45557.0,89560.0,34,3,0.08823529411764706,9153188.0,891698.0,False,True,True,False,True,True,False,True,True
Human,Human,user1,20251115_173627,4,Office & Learning,,False,False,,,5000.0,5670071.0,11,0,0.0,67435.0,78876.0,11,1,0.09090909090909091,6946326.0,3517472.0,False,True,True,False,False,False,False,False,False
Human,Human,user1,20251115_174051,1,Shopping,,False,False,,,5000.0,6008676.0,5,0,0.0,67373.0,68141.0,4,1,0.25,10214631.0,5444187.0,False,True,True,False,False,False,False,False,False
Human,Human,user1,20251115_174156,1,Shopping,,False,False,,,5000.0,6008676.0,6,0,0.0,68003.0,79460.5,14,3,0.21428571428571427,16044727.0,1268372.5,False,True,True,False,True,True,False,True,True
Human,Human,user1,20251115_174325,1,Shopping,,False,False,,,5000.0,6008676.0,11,0,0.0,67618.0,90102.0,16,6,0.375,15699427.0,4145643.5,False,True,True,False,True,True,False,True,True
Human,Human,user1,20251115_174539,1,Shopping,,False,False,,,5000.0,6008676.0,3,0,0.0,68066.0,89984.0,2,1,0.5,9313557.0,6658535.0,False,True,True,False,False,False,False,False,False
Human,Human,user1,20251115_174628,1,Shopping,,False,False,,,5000.0,6008676.0,6,0,0.0,67212.0,73445.5,19,2,0.10526315789473684,18905083.0,959478.0,False,True,True,False,True,True,False,False,False
Human,Human,user1,20251115_174812,1,Shopping,,False,False,,,5000.0,6008676.0,10,0,0.0,67731.0,79194.5,12,3,0.25,8706531.0,3315493.0,False,True,True,False,True,True,False,True,True
Human,Human,user1,20251115_174947,1,Shopping,,False,False,,,5000.0,6008676.0,3,0,0.0,55561.0,67816.0,4,2,0.5,10759796.0,7162668.0,False,True,True,False,True,True,False,False,False
Human,Human,user1,20251115_175046,1,Shopping,,False,False,,,5000.0,6008676.0,24,0,0.0,56500.0,79135.0,28,6,0.21428571428571427,11129519.0,1229468.5,False,True,True,False,True,True,False,True,True
Human,Human,user1,20251115_175719,3,Trip Planning,,False,False,,,5000.0,5957152.0,4,0,0.0,45105.0,73093.5,7,3,0.42857142857142855,21174627.0,3349181.0,False,True,True,False,True,True,False,True,True
Human,Human,user1,20251115_175856,3,Trip Planning,,False,False,,,5000.0,5957152.0,4,0,0.0,78838.0,83975.0,3,3,1.0,15541999.0,9372017.0,False,True,True,False,True,True,False,True,True
Human,Human,user1,20251115_180009,3,Trip Planning,,False,False,,,5000.0,5957152.0,9,0,0.0,55838.0,90436.0,18,4,0.2222222222222222,20725921.0,1261447.5,False,True,True,False,True,True,False,True,True
Human,Human,user1,20251115_180215,3,Trip Planning,,False,True,,,5000.0,5957152.0,2,0,0.0,67215.0,79307.5,1,1,1.0,15721770.0,15721770.0,False,True,True,False,False,False,False,False,False
Human,Human,user1,20251115_180306,3,Trip Planning,,False,True,,,5000.0,5957152.0,3,0,0.0,56020.0,79247.0,2,2,1.0,11132528.0,10129252.0,False,True,True,False,True,True,False,False,False
Human,Human,user1,20251115_180410,3,Trip Planning,,False,True,,,5000.0,5957152.0,4,0,0.0,23184.0,73184.5,3,3,1.0,11646773.0,11251723.0,False,True,True,False,True,True,False,True,True
Human,Human,user1,20251115_180520,1,Shopping,,False,False,,,5000.0,6008676.0,3,0,0.0,56539.0,56740.0,2,2,1.0,14646954.0,11575492.5,False,True,True,False,True,True,False,False,False
Human,Human,user1,20251115_180618,1,Shopping,,False,False,,,5000.0,6008676.0,5,0,0.0,68094.0,79216.0,12,1,0.08333333333333333,14240890.0,709898.5,False,True,True,False,False,False,False,False,False
Human,Human,user1,20251115_180724,1,Shopping,,False,False,,,5000.0,6008676.0,12,0,0.0,56737.0,91246.5,16,1,0.0625,13734522.0,1466130.5,False,True,True,False,False,False,False,False,False
Human,Human,user1,20251115_180846,1,Shopping,,False,False,,,5000.0,6008676.0,9,0,0.0,45754.0,79308.0,9,1,0.1111111111111111,14016974.0,744253.0,False,True,True,False,False,False,False,False,False
Human,Human,user1,20251115_180952,1,Shopping,,False,False,,,5000.0,6008676.0,7,0,0.0,67328.0,90208.0,31,2,0.06451612903225806,13022072.0,371996.0,False,True,True,False,True,True,False,False,False
Human,Human,user1,20251115_181129,1,Shopping,,False,False,,,5000.0,6008676.0,28,0,0.0,44373.0,79100.5,39,3,0.07692307692307693,13418864.0,756004.0,False,True,True,False,True,True,False,True,True
Human,Human,user1,20251115_181328,1,Shopping,,False,False,,,5000.0,6008676.0,4,0,0.0,67140.0,68194.0,3,2,0.6666666666666666,9108415.0,6412289.0,False,True,True,False,True,True,False,False,False
Human,Human,user1,20251115_181421,1,Shopping,,False,False,,,5000.0,6008676.0,6,0,0.0,78485.0,90450.0,5,2,0.4,12596075.0,4624771.0,False,True,True,False,True,True,False,False,False
Human,Human,user1,20251115_181528,1,Shopping,,False,False,,,5000.0,6008676.0,9,0,0.0,45443.0,101683.0,14,1,0.07142857142857142,9044092.0,936549.0,False,True,True,False,False,False,False,False,False
Human,Human,user1,20251115_181646,4,Office & Learning,,False,False,,,5000.0,5670071.0,18,0,0.0,56234.0,79893.0,17,2,0.11764705882352941,10746835.0,3391435.0,False,True,True,False,True,True,False,False,False
Human,Human,user1,20251115_181818,4,Office & Learning,,False,False,,,5000.0,5670071.0,35,0,0.0,45282.0,79222.0,34,2,0.058823529411764705,9772760.0,788520.0,False,True,True,False,True,True,False,False,False
Human,Human,user1,20251115_181940,4,Office & Learning,,False,False,,,5000.0,5670071.0,11,0,0.0,56381.0,76701.0,10,1,0.1,7498907.0,2586721.5,False,True,True,False,False,False,False,False,False
Human,Human,user1,20251115_182040,4,Office & Learning,,False,False,,,5000.0,5670071.0,6,0,0.0,68085.0,84591.0,8,2,0.25,21254373.0,2884601.5,False,True,True,False,True,True,False,False,False
Human,Human,user1,20251115_182154,4,Office & Learning,,False,False,,,5000.0,5670071.0,34,0,0.0,56353.0,90690.5,58,7,0.1206896551724138,17589326.0,535646.5,False,True,True,False,True,True,False,True,True
Human,Human,user1,20251115_182458,4,Office & Learning,,False,True,,,5000.0,5670071.0,26,0,0.0,44889.0,89854.0,40,3,0.075,9665454.0,822000.0,False,True,True,False,True,True,False,True,True
Human,Human,user1,20251115_182654,0,Social Media,,False,False,,,5000.0,6311961.0,4,0,0.0,67823.0,79025.5,3,1,0.3333333333333333,14760482.0,3536855.0,False,True,True,False,False,False,False,False,False
Human,Human,user1,20251115_182759,0,Social Media,,False,False,,,5000.0,6311961.0,9,0,0.0,44207.0,67746.0,11,3,0.2727272727272727,14731115.0,1794711.0,False,True,True,False,True,True,False,True,True
Human,Human,user1,20251115_182916,0,Social Media,,False,False,,,5000.0,6311961.0,18,0,0.0,55540.0,79203.5,19,4,0.21052631578947367,11885558.0,2434388.0,False,True,True,False,True,True,False,True,True
Human,Human,user1,20251115_183110,0,Social Media,,False,False,,,5000.0,6311961.0,6,0,0.0,44527.0,61938.0,5,2,0.4,15447987.0,2345279.0,False,True,True,False,True,True,False,False,False
Human,Human,user1,20251115_183212,0,Social Media,,False,False,,,5000.0,6311961.0,5,0,0.0,55945.0,80577.0,9,1,0.1111111111111111,14501887.0,1894340.0,False,True,True,False,False,False,False,False,False
Human,Human,user1,20251115_183319,0,Social Media,,False,False,,,5000.0,6311961.0,14,0,0.0,57048.0,79261.5,17,2,0.11764705882352941,10753550.0,1002470.0,False,True,True,False,True,True,False,False,False
Human,Human,user1,20251115_183442,0,Social Media,,False,False,,,5000.0,6311961.0,16,0,0.0,56005.0,85147.0,26,2,0.07692307692307693,12916859.0,867067.0,False,True,True,False,True,True,False,False,False
Human,Human,user1,20251115_183619,0,Social Media,,False,False,,,5000.0,6311961.0,16,0,0.0,45277.0,73825.5,18,1,0.05555555555555555,12879810.0,529461.5,False,True,True,False,False,False,False,False,False
Human,Human,user1,20251115_183725,0,Social Media,,False,False,,,5000.0,6311961.0,10,0,0.0,45354.0,73685.5,9,1,0.1111111111111111,12083780.0,1882950.0,False,True,True,False,False,False,False,False,False
Human,Human,user1,20251115_183836,0,Social Media,,False,False,,,5000.0,6311961.0,20,0,0.0,56533.0,79221.5,23,1,0.043478260869565216,11937393.0,687094.0,False,True,True,False,False,False,False,False,False
Human,Human,user1,20251115_183953,0,Social Media,,False,False,,,5000.0,6311961.0,16,0,0.0,22541.0,73564.0,19,3,0.15789473684210525,14452988.0,756386.0,False,True,True,False,True,True,False,True,True
Human,Human,user1,20251115_184122,0,Social Media,,False,False,,,5000.0,6311961.0,4,0,0.0,78427.0,84495.0,3,1,0.3333333333333333,9401429.0,5320844.0,False,True,True,False,False,False,False,False,False
Human,Human,user1,20251115_184222,0,Social Media,,False,False,,,5000.0,6311961.0,6,0,0.0,56638.0,79081.0,8,4,0.5,20129386.0,6567477.0,False,True,True,False,True,True,False,True,True
Human,Human,user1,20251115_184359,0,Social Media,,False,False,,,5000.0,6311961.0,25,0,0.0,45009.0,69460.0,27,1,0.037037037037037035,9422055.0,1093581.0,False,True,True,False,False,False,False,False,False
Human,Human,user1,20251115_184535,0,Social Media,,False,False,,,5000.0,6311961.0,6,0,0.0,44042.0,67429.0,5,3,0.6,10450199.0,6540819.0,False,True,True,False,True,True,False,True,True
Human,Human,user1,20251115_184640,0,Social Media,,False,False,,,5000.0,6311961.0,14,0,0.0,67603.0,83474.5,17,2,0.11764705882352941,10000305.0,1904935.0,False,True,True,False,True,True,False,False,False
Human,Human,user1,20251115_184801,0,Social Media,,False,False,,,5000.0,6311961.0,11,0,0.0,56129.0,79253.0,15,3,0.2,10345362.0,3370479.0,False,True,True,False,True,True,False,True,True
Human,Human,user1,20251115_184927,4,Office & Learning,,False,False,,,5000.0,5670071.0,24,0,0.0,45821.0,89534.0,30,5,0.16666666666666666,11630670.0,383596.5,False,True,True,False,True,True,False,True,True
Human,Human,user1,20251115_185119,4,Office & Learning,,False,False,,,5000.0,5670071.0,25,0,0.0,56278.0,79668.0,27,3,0.1111111111111111,11831151.0,833621.0,False,True,True,False,True,True,False,True,True
Human,Human,user1,20251115_185308,4,Office & Learning,,False,False,,,5000.0,5670071.0,30,0,0.0,56565.0,79385.5,30,4,0.13333333333333333,8580431.0,404691.5,False,True,True,False,True,True,False,True,True
Human,Human,user1,20251115_185627,0,Social Media,,False,False,,,5000.0,6311961.0,6,0,0.0,67716.0,84372.5,6,3,0.5,21286167.0,7070226.0,False,True,True,False,True,True,False,True,True
Human,Human,user1,20251115_185802,0,Social Media,,False,False,,,5000.0,6311961.0,24,0,0.0,67676.0,84363.0,25,2,0.08,10747931.0,765547.0,False,True,True,False,True,True,False,False,False
Human,Human,user1,20251115_190001,0,Social Media,,False,False,,,5000.0,6311961.0,5,0,0.0,56031.0,91710.0,6,2,0.3333333333333333,9329868.0,2590414.5,False,True,True,False,True,True,False,False,False
Human,Human,user1,20251115_190056,0,Social Media,,False,False,,,5000.0,6311961.0,54,0,0.0,33726.0,79355.0,62,9,0.14516129032258066,15933625.0,698477.5,False,True,True,False,True,True,False,True,True
Human,Human,user1,20251115_190358,0,Social Media,,False,False,,,5000.0,6311961.0,21,0,0.0,45449.0,79074.0,25,4,0.16,18711622.0,495283.0,False,True,True,False,True,True,False,True,True
Human,Human,user2,20251012_114348,1,Shopping,,False,False,,,5000.0,6008676.0,22,0,0.0,32583.0,56849.0,65,1,0.015384615384615385,6828480.0,258450.0,False,True,True,False,False,False,False,False,False
Human,Human,user2,20251012_114739,1,Shopping,,False,False,,,5000.0,6008676.0,16,0,0.0,56412.0,73682.5,48,4,0.08333333333333333,15099628.0,366078.0,False,True,True,False,True,True,False,True,True
Human,Human,user2,20251012_115159,1,Shopping,,False,False,,,5000.0,6008676.0,21,0,0.0,34258.0,68060.0,28,3,0.10714285714285714,9912631.0,1072652.5,False,True,True,False,True,True,False,True,True
Human,Human,user2,20251012_115421,1,Shopping,,False,False,,,5000.0,6008676.0,27,0,0.0,44180.0,67976.0,42,2,0.047619047619047616,7382322.0,496466.0,False,True,True,False,True,True,False,False,False
Human,Human,user2,20251012_115605,1,Shopping,,False,False,,,5000.0,6008676.0,24,0,0.0,34580.0,78511.5,55,3,0.05454545454545454,11038059.0,1105537.0,False,True,True,False,True,True,False,True,True
Human,Human,user2,20251012_115940,1,Shopping,,False,False,,,5000.0,6008676.0,3,0,0.0,45359.0,67714.0,10,2,0.2,12595835.0,616266.5,False,True,True,False,True,True,False,False,False
Human,Human,user2,20251012_120049,1,Shopping,,False,False,,,5000.0,6008676.0,9,0,0.0,45236.0,56793.0,12,1,0.08333333333333333,9615332.0,1275331.5,False,True,True,False,False,False,False,False,False
Human,Human,user2,20251012_120216,1,Shopping,,False,False,,,5000.0,6008676.0,24,0,0.0,33570.0,67699.0,46,6,0.13043478260869565,16466169.0,891148.0,False,True,True,False,True,True,False,True,True
Human,Human,user2,20251012_120506,3,Trip Planning,,False,False,,,5000.0,5957152.0,7,0,0.0,45030.0,67635.0,10,1,0.1,6205116.0,2323901.0,False,True,True,False,False,False,False,False,False
Human,Human,user2,20251012_120936,3,Trip Planning,,False,False,,,5000.0,5957152.0,8,0,0.0,56718.0,90191.0,19,0,0.0,5532893.0,1558479.0,False,False,False,False,False,False,False,False,False
Human,Human,user2,20251012_123337,3,Trip Planning,,False,False,,,5000.0,5957152.0,4,0,0.0,56587.0,62200.5,20,2,0.1,7234250.0,587433.0,False,True,True,False,True,True,False,False,False
Human,Human,user2,20251012_123538,3,Trip Planning,,False,False,,,5000.0,5957152.0,37,0,0.0,34064.0,67974.0,44,2,0.045454545454545456,8357647.0,90151.0,False,True,True,False,True,True,False,False,False
Human,Human,user2,20251012_121749,2,Video Streaming,,False,False,,,5000.0,5927296.0,17,0,0.0,21633.0,79584.0,24,1,0.041666666666666664,6573222.0,699429.5,False,True,True,False,False,False,False,False,False
Human,Human,user2,20251012_121859,2,Video Streaming,,False,False,,,5000.0,5927296.0,16,0,0.0,33627.0,73315.0,16,2,0.125,8853645.0,151735.0,False,True,True,False,True,True,False,False,False
Human,Human,user2,20251012_122001,2,Video Streaming,,False,False,,,5000.0,5927296.0,4,0,0.0,67590.0,83784.0,29,0,0.0,5827087.0,688702.0,False,False,False,False,False,False,False,False,False
Human,Human,user2,20251012_122121,2,Video Streaming,,False,False,,,5000.0,5927296.0,10,0,0.0,56044.0,67803.5,9,2,0.2222222222222222,14445338.0,1929187.0,False,True,True,False,True,True,False,False,False
Human,Human,user2,20251012_122322,2,Video Streaming,,False,False,,,5000.0,5927296.0,5,0,0.0,67279.0,90444.0,39,0,0.0,5925934.0,339141.0,False,False,False,False,False,False,False,False,False
Human,Human,user2,20251012_122441,2,Video Streaming,,False,False,,,5000.0,5927296.0,39,0,0.0,46813.0,78220.0,51,6,0.11764705882352941,29150159.0,2149263.0,False,True,True,False,True,True,False,True,True
Human,Human,user2,20251012_122801,2,Video Streaming,,False,False,,,5000.0,5927296.0,6,0,0.0,45595.0,79070.0,20,2,0.1,8187872.0,688962.0,False,True,True,False,True,True,False,False,False
Human,Human,user2,20251012_122918,2,Video Streaming,,False,False,,,5000.0,5927296.0,33,0,0.0,34186.0,68036.0,57,5,0.08771929824561403,13318905.0,586316.0,False,True,True,False,True,True,False,True,True
Human,Human,user2,20251012_123204,2,Video Streaming,,False,False,,,5000.0,5927296.0,7,0,0.0,56518.0,78784.0,23,3,0.13043478260869565,20409103.0,745023.0,False,True,True,False,True,True,False,True,True
Human,Human,user2,20251115_133408,2,Video Streaming,,False,False,,,5000.0,5927296.0,25,0,0.0,22184.0,56332.0,52,4,0.07692307692307693,15437512.0,494654.5,False,True,True,False,True,True,False,True,True
Human,Human,user2,20251115_133609,2,Video Streaming,,False,False,,,5000.0,5927296.0,21,0,0.0,33933.0,67298.0,30,4,0.13333333333333333,15701933.0,1078953.0,False,True,True,False,True,True,False,True,True
Human,Human,user2,20251115_134200,2,Video Streaming,,False,False,,,5000.0,5927296.0,36,0,0.0,43578.0,56697.0,46,4,0.08695652173913043,14742851.0,1243376.5,False,True,True,False,True,True,False,True,True
Human,Human,user2,20251115_134447,1,Shopping,,False,False,,,5000.0,6008676.0,4,0,0.0,34190.0,62435.0,10,3,0.3,16971685.0,967728.0,False,True,True,False,True,True,False,True,True
Human,Human,user2,20251115_135040,3,Trip Planning,,False,False,,,5000.0,5957152.0,23,0,0.0,34146.0,67627.0,27,2,0.07407407407407407,15117980.0,472300.0,False,True,True,False,True,True,False,False,False
Human,Human,user2,20251115_135609,3,Trip Planning,,False,False,,,5000.0,5957152.0,9,0,0.0,44763.0,68424.0,26,5,0.19230769230769232,15379113.0,415973.0,False,True,True,False,True,True,False,True,True
Human,Human,user2,20251115_135913,3,Trip Planning,,False,False,,,5000.0,5957152.0,11,0,0.0,22214.0,56455.0,10,1,0.1,7335252.0,540492.0,False,True,True,False,False,False,False,False,False
Human,Human,user2,20251115_140051,3,Trip Planning,,False,False,,,5000.0,5957152.0,8,0,0.0,45245.0,79119.0,12,3,0.25,18786515.0,2706614.5,False,True,True,False,True,True,False,True,True
Human,Human,user2,20251115_140635,3,Trip Planning,,False,False,,,5000.0,5957152.0,19,0,0.0,45164.0,68179.0,28,7,0.25,22657792.0,1161370.0,False,True,True,False,True,True,False,True,True
Human,Human,user2,20251115_141557,3,Trip Planning,,False,False,,,5000.0,5957152.0,55,0,0.0,44797.0,79179.0,113,15,0.13274336283185842,30977149.0,508729.0,False,True,True,False,True,True,False,True,True
Human,Human,user2,20251115_142408,3,Trip Planning,,False,False,,,5000.0,5957152.0,10,0,0.0,45079.0,78575.5,14,4,0.2857142857142857,13311292.0,3288110.5,False,True,True,False,True,True,False,True,True
Human,Human,user2,20251115_142609,3,Trip Planning,,False,False,,,5000.0,5957152.0,6,0,0.0,33663.0,89973.5,14,3,0.21428571428571427,15172656.0,1328015.5,False,True,True,False,True,True,False,True,True
Human,Human,user2,20251115_142826,3,Trip Planning,,False,False,,,5000.0,5957152.0,16,0,0.0,44992.0,78802.5,23,7,0.30434782608695654,14999634.0,2025755.0,False,True,True,False,True,True,False,True,True
Human,Human,user2,20251115_143101,3,Trip Planning,,False,False,,,5000.0,5957152.0,44,0,0.0,45011.0,79003.5,54,7,0.12962962962962962,13408065.0,1024961.5,False,True,True,False,True,True,False,True,True
Human,Human,user2,20251115_143429,3,Trip Planning,,False,False,,,5000.0,5957152.0,15,0,0.0,56561.0,78869.0,14,4,0.2857142857142857,19220699.0,2237397.0,False,True,True,False,True,True,False,True,True
Human,Human,user2,20251115_143632,4,Office & Learning,,False,False,,,5000.0,5670071.0,6,0,0.0,56522.0,73208.0,6,1,0.16666666666666666,12053965.0,2819161.0,False,True,True,False,False,False,False,False,False
Human,Human,user2,20251115_143741,4,Office & Learning,,False,False,,,5000.0,5670071.0,9,0,0.0,45046.0,67649.0,42,5,0.11904761904761904,7898948.0,162762.0,False,True,True,False,True,True,False,True,True
Human,Human,user2,20251115_143919,4,Office & Learning,,False,False,,,5000.0,5670071.0,16,0,0.0,33293.0,56822.0,20,5,0.25,17456360.0,1650277.0,False,True,True,False,True,True,False,True,True
Human,Human,user2,20251115_144119,4,Office & Learning,,False,False,,,5000.0,5670071.0,8,0,0.0,44133.0,73139.5,9,7,0.7777777777777778,32635568.0,7912847.0,False,True,True,False,True,True,False,True,True
Human,Human,user2,20251115_144335,4,Office & Learning,,False,False,,,5000.0,5670071.0,12,0,0.0,56071.0,73251.0,12,4,0.3333333333333333,10902415.0,2397959.5,False,True,True,False,True,True,False,True,True
Human,Human,user2,20251115_144550,4,Office & Learning,,False,False,,,5000.0,5670071.0,11,0,0.0,33506.0,67707.0,54,6,0.1111111111111111,11382150.0,574120.0,False,True,True,False,True,True,False,True,True
Human,Human,user2,20251115_144856,1,Shopping,,False,False,,,5000.0,6008676.0,24,0,0.0,45420.0,68083.5,34,2,0.058823529411764705,11890831.0,703624.0,False,True,True,False,True,True,False,False,False
Human,Human,user2,20251115_145039,1,Shopping,,False,False,,,5000.0,6008676.0,12,0,0.0,56143.0,78844.5,24,2,0.08333333333333333,15289668.0,1297219.5,False,True,True,False,True,True,False,False,False
Human,Human,user2,20251115_145418,1,Shopping,,False,False,,,5000.0,6008676.0,29,0,0.0,45072.0,67642.0,37,7,0.1891891891891892,25427353.0,461769.0,False,True,True,False,True,True,False,True,True
Human,Human,user2,20251115_145717,1,Shopping,,False,False,,,5000.0,6008676.0,19,0,0.0,22391.0,67655.0,26,3,0.11538461538461539,8583978.0,529945.5,False,True,True,False,True,True,False,True,True
Human,Human,user2,20251115_145846,1,Shopping,,False,False,,,5000.0,6008676.0,46,0,0.0,34229.0,66997.5,60,1,0.016666666666666666,7154656.0,439585.0,False,True,True,False,False,False,False,False,False
Human,Human,user2,20251115_150116,1,Shopping,,False,False,,,5000.0,6008676.0,8,0,0.0,44645.0,73359.5,28,4,0.14285714285714285,15526496.0,630490.5,False,True,True,False,True,True,False,True,True
Human,Human,user2,20251115_150329,1,Shopping,,False,False,,,5000.0,6008676.0,10,0,0.0,45042.0,73580.5,15,5,0.3333333333333333,11152341.0,1284972.0,False,True,True,False,True,True,False,True,True
Human,Human,user2,20251115_150506,1,Shopping,,False,False,,,5000.0,6008676.0,43,0,0.0,34163.0,67355.0,57,5,0.08771929824561403,22016649.0,518275.0,False,True,True,False,True,True,False,True,True
Human,Human,user2,20251115_150802,1,Shopping,,False,False,,,5000.0,6008676.0,10,0,0.0,33906.0,67886.5,31,3,0.0967741935483871,19880846.0,259237.0,False,True,True,False,True,True,False,True,True
Human,Human,user2,20251115_151011,3,Trip Planning,,False,False,,,5000.0,5957152.0,43,0,0.0,22128.0,78931.0,50,6,0.12,23342587.0,1949572.0,False,True,True,False,True,True,False,True,True
Human,Human,user2,20251115_151615,3,Trip Planning,,False,False,,,5000.0,5957152.0,15,0,0.0,56517.0,78748.0,16,4,0.25,20190750.0,1871994.5,False,True,True,False,True,True,False,True,True
Human,Human,user2,20251115_151821,3,Trip Planning,,False,False,,,5000.0,5957152.0,3,0,0.0,56407.0,56701.0,2,2,1.0,17335628.0,13847281.0,False,True,True,False,True,True,False,False,False
Human,Human,user2,20251115_151941,3,Trip Planning,,False,False,,,5000.0,5957152.0,11,0,0.0,44986.0,68697.0,10,3,0.3,13184848.0,5282773.5,False,True,True,False,True,True,False,True,True
Human,Human,user2,20251115_152122,3,Trip Planning,,False,False,,,5000.0,5957152.0,8,0,0.0,45094.0,79110.0,13,4,0.3076923076923077,16786622.0,3203774.0,False,True,True,False,True,True,False,True,True
Human,Human,user2,20251115_152317,1,Shopping,,False,False,,,5000.0,6008676.0,24,0,0.0,46145.0,79060.0,24,3,0.125,11382053.0,670813.5,False,True,True,False,True,True,False,True,True
Human,Human,user2,20251115_152450,1,Shopping,,False,False,,,5000.0,6008676.0,17,0,0.0,33716.0,67766.0,23,2,0.08695652173913043,12120378.0,417034.0,False,True,True,False,True,True,False,False,False
Human,Human,user2,20251115_154613,1,Shopping,,False,False,,,5000.0,6008676.0,14,0,0.0,45334.0,67890.5,25,1,0.04,14129069.0,687680.0,False,True,True,False,False,False,False,False,False
Human,Human,user2,20251115_155005,1,Shopping,,False,False,,,5000.0,6008676.0,19,0,0.0,44473.0,79055.0,18,2,0.1111111111111111,14205150.0,332019.5,False,True,True,False,True,True,False,False,False
Human,Human,user2,20251115_155141,1,Shopping,,False,False,,,5000.0,6008676.0,6,0,0.0,33819.0,79440.5,6,2,0.3333333333333333,13379842.0,5012052.5,False,True,True,False,True,True,False,False,False
Human,Human,user2,20251115_155429,4,Office & Learning,,False,False,,,5000.0,5670071.0,8,0,0.0,43902.0,61895.0,7,2,0.2857142857142857,20804053.0,3347368.0,False,True,True,False,True,True,False,False,False
Human,Human,user2,20251115_155918,4,Office & Learning,,False,False,,,5000.0,5670071.0,6,0,0.0,33149.0,73424.0,9,1,0.1111111111111111,10504239.0,744855.0,False,True,True,False,False,False,False,False,False
Human,Human,user2,20251115_160027,4,Office & Learning,,False,False,,,5000.0,5670071.0,17,0,0.0,33220.0,67133.0,34,4,0.11764705882352941,8258961.0,535608.5,False,True,True,False,True,True,False,True,True
Human,Human,user2,20251115_160213,4,Office & Learning,,False,False,,,5000.0,5670071.0,23,0,0.0,44456.0,67371.0,29,2,0.06896551724137931,14134763.0,496506.0,False,True,True,False,True,True,False,False,False
Human,Human,user2,20251115_160416,0,Social Media,,False,False,,,5000.0,6311961.0,27,0,0.0,56312.0,67858.0,26,1,0.038461538461538464,23850047.0,326705.5,False,True,True,False,False,False,False,False,False
Human,Human,user2,20251115_160541,0,Social Media,,False,False,,,5000.0,6311961.0,9,0,0.0,22054.0,68025.0,18,3,0.16666666666666666,13921564.0,315861.5,False,True,True,False,True,True,False,True,True
Human,Human,user2,20251115_160715,0,Social Media,,False,False,,,5000.0,6311961.0,14,0,0.0,56807.0,73919.5,21,2,0.09523809523809523,14447723.0,1308631.0,False,True,True,False,True,True,False,False,False
Human,Human,user2,20251115_160852,0,Social Media,,False,False,,,5000.0,6311961.0,6,0,0.0,67829.0,90647.5,7,2,0.2857142857142857,11879232.0,2853227.0,False,True,True,False,True,True,False,False,False
Human,Human,user2,20251115_161004,0,Social Media,,False,False,,,5000.0,6311961.0,6,0,0.0,44952.0,73791.0,11,2,0.18181818181818182,15379506.0,619401.0,False,True,True,False,True,True,False,False,False
Human,Human,user2,20251115_162116,0,Social Media,,False,False,,,5000.0,6311961.0,14,0,0.0,44585.0,56951.0,14,2,0.14285714285714285,7416938.0,247250.0,False,True,True,False,True,True,False,False,False
Human,Human,user2,20251115_162222,0,Social Media,,False,False,,,5000.0,6311961.0,29,0,0.0,33992.0,67248.0,39,0,0.0,6059081.0,145572.0,False,False,False,False,False,False,False,False,False
Human,Human,user2,20251115_162602,0,Social Media,,False,False,,,5000.0,6311961.0,19,0,0.0,32986.0,68315.0,18,3,0.16666666666666666,30562332.0,100710.0,False,True,True,False,True,True,False,True,True
Human,Human,user2,20251115_162738,0,Social Media,,False,False,,,5000.0,6311961.0,7,0,0.0,45687.0,79541.0,8,4,0.5,21310566.0,6170911.0,False,True,True,False,True,True,False,True,True
Human,Human,user2,20251115_162922,0,Social Media,,False,False,,,5000.0,6311961.0,42,0,0.0,31073.0,67245.0,52,3,0.057692307692307696,27488829.0,411014.0,False,True,True,False,True,True,False,True,True
Human,Human,user2,20251115_163214,0,Social Media,,False,False,,,5000.0,6311961.0,5,0,0.0,45044.0,67636.0,4,2,0.5,8209929.0,6165767.5,False,True,True,False,True,True,False,False,False
Human,Human,user2,20251115_163357,0,Social Media,,False,False,,,5000.0,6311961.0,9,0,0.0,45517.0,67483.0,15,2,0.13333333333333333,10950177.0,1025069.0,False,True,True,False,True,True,False,False,False
Human,Human,user2,20251115_163541,0,Social Media,,False,False,,,5000.0,6311961.0,18,0,0.0,45031.0,67974.0,20,3,0.15,8726338.0,2358802.0,False,True,True,False,True,True,False,True,True
Human,Human,user2,20251115_163738,4,Office & Learning,,False,False,,,5000.0,5670071.0,11,0,0.0,56350.0,67076.0,10,1,0.1,9201646.0,771508.0,False,True,True,False,False,False,False,False,False
Human,Human,user2,20251115_163848,4,Office & Learning,,False,False,,,5000.0,5670071.0,12,0,0.0,56428.0,73436.0,12,2,0.16666666666666666,7671049.0,1819726.0,False,True,True,False,True,True,False,False,False
Human,Human,user2,20251115_164015,4,Office & Learning,,False,False,,,5000.0,5670071.0,23,0,0.0,37659.0,68178.0,22,1,0.045454545454545456,23442250.0,590994.0,False,True,True,False,False,False,False,False,False
Human,Human,user2,20251115_164155,0,Social Media,,False,False,,,5000.0,6311961.0,19,0,0.0,33493.0,67798.0,18,2,0.1111111111111111,28165423.0,394694.5,False,True,True,False,True,True,False,False,False
Human,Human,user2,20251115_164609,0,Social Media,,False,False,,,5000.0,6311961.0,30,0,0.0,34131.0,59931.0,41,4,0.0975609756097561,18236675.0,607933.0,False,True,True,False,True,True,False,True,True
Human,Human,user2,20251115_164957,0,Social Media,,False,False,,,5000.0,6311961.0,22,0,0.0,44795.0,56617.5,28,4,0.14285714285714285,26339402.0,462449.0,False,True,True,False,True,True,False,True,True
Human,Human,user2,20251115_165250,0,Social Media,,False,False,,,5000.0,6311961.0,24,0,0.0,44430.0,67514.5,26,5,0.19230769230769232,19430492.0,558986.0,False,True,True,False,True,True,False,True,True
Human,Human,user3,20251014_142315,1,Shopping,,False,False,,,5000.0,6008676.0,15,0,0.0,56836.0,100850.0,22,4,0.18181818181818182,10295283.0,606326.0,False,True,True,False,True,True,False,True,True
Human,Human,user3,20251014_142456,1,Shopping,,False,False,,,5000.0,6008676.0,31,0,0.0,56345.0,79048.0,30,5,0.16666666666666666,10929275.0,792576.5,False,True,True,False,True,True,False,True,True
Human,Human,user3,20251014_142701,1,Shopping,,False,False,,,5000.0,6008676.0,59,0,0.0,56098.0,89180.0,121,9,0.0743801652892562,15541309.0,1216834.0,False,True,True,False,True,True,False,True,True
Human,Human,user3,20251014_143606,1,Shopping,,False,False,,,5000.0,6008676.0,74,0,0.0,56217.0,89031.0,74,6,0.08108108108108109,29630631.0,765605.0,False,True,True,False,True,True,False,True,True
Human,Human,user3,20251014_143943,1,Shopping,,False,False,,,5000.0,6008676.0,25,0,0.0,45100.0,90339.0,24,3,0.125,17910800.0,613671.5,False,True,True,False,True,True,False,True,True
Human,Human,user3,20251014_144122,1,Shopping,,False,False,,,5000.0,6008676.0,15,0,0.0,67231.0,79354.0,15,4,0.26666666666666666,14872205.0,1543758.0,False,True,True,False,True,True,False,True,True
Human,Human,user3,20251014_144258,1,Shopping,,False,False,,,5000.0,6008676.0,27,0,0.0,55615.0,79006.0,28,4,0.14285714285714285,11986297.0,2905921.5,False,True,True,False,True,True,False,True,True
Human,Human,user3,20251014_150407,1,Shopping,,False,False,,,5000.0,6008676.0,7,0,0.0,78663.0,101535.0,6,5,0.8333333333333334,15073091.0,8082539.0,False,True,True,False,True,True,False,True,True
Human,Human,user3,20251014_150538,3,Trip Planning,,False,False,,,5000.0,5957152.0,11,0,0.0,55334.0,101279.0,11,3,0.2727272727272727,9299870.0,3208412.0,False,True,True,False,True,True,False,True,True
Human,Human,user3,20251014_150852,3,Trip Planning,,False,False,,,5000.0,5957152.0,42,0,0.0,34315.0,90340.0,68,17,0.25,78755689.0,2051224.0,False,True,True,False,True,True,False,True,True
Human,Human,user3,20251014_164915,3,Trip Planning,,False,False,,,5000.0,5957152.0,7,0,0.0,89335.0,112064.0,20,1,0.05,17564988.0,1560347.5,False,True,True,False,False,False,False,False,False
Human,Human,user3,20251014_165053,3,Trip Planning,,False,False,,,5000.0,5957152.0,25,0,0.0,45020.0,78971.0,33,4,0.12121212121212122,21290647.0,1125561.0,False,True,True,False,True,True,False,True,True
Human,Human,user3,20251014_165451,2,Video Streaming,,False,False,,,5000.0,5927296.0,19,0,0.0,34344.0,90036.0,18,2,0.1111111111111111,11053333.0,366330.5,False,True,True,False,True,True,False,False,False
Human,Human,user3,20251014_165619,2,Video Streaming,,False,False,,,5000.0,5927296.0,33,0,0.0,44206.0,101130.0,32,3,0.09375,16737230.0,496352.0,False,True,True,False,True,True,False,True,True
Human,Human,user3,20251014_165827,2,Video Streaming,,False,True,,,5000.0,5927296.0,1,0,0.0,90513.0,90513.0,10,0,0.0,4309960.0,1608411.5,False,False,False,False,False,False,False,False,False
Human,Human,user3,20251014_170002,2,Video Streaming,,False,False,,,5000.0,5927296.0,18,0,0.0,56119.0,84914.0,33,4,0.12121212121212122,18391260.0,1399636.0,False,True,True,False,True,True,False,True,True
Human,Human,user3,20251014_170220,2,Video Streaming,,False,False,,,5000.0,5927296.0,18,0,0.0,55617.0,90985.5,17,1,0.058823529411764705,13113122.0,305354.0,False,True,True,False,False,False,False,False,False
Human,Human,user3,20251014_170724,2,Video Streaming,,False,False,,,5000.0,5927296.0,15,0,0.0,34218.0,88909.0,29,3,0.10344827586206896,10769347.0,1535604.0,False,True,True,False,True,True,False,True,True
Human,Human,user3,20251015_082205,2,Video Streaming,,False,False,,,5000.0,5927296.0,45,0,0.0,44143.0,88903.0,67,10,0.14925373134328357,82072710.0,1565006.0,False,True,True,False,True,True,False,True,True
Human,Human,user3,20251015_082913,2,Video Streaming,,False,False,,,5000.0,5927296.0,11,0,0.0,34038.0,101356.0,24,2,0.08333333333333333,7155166.0,1498788.0,False,True,True,False,True,True,False,False,False
Human,Human,user3,20251015_083103,2,Video Streaming,,False,False,,,5000.0,5927296.0,20,0,0.0,56307.0,112877.5,22,4,0.18181818181818182,18821843.0,1809316.5,False,True,True,False,True,True,False,True,True
Human,Human,user3,20251015_083307,2,Video Streaming,,False,False,,,5000.0,5927296.0,6,0,0.0,44406.0,96041.5,6,2,0.3333333333333333,109015669.0,3475421.5,False,True,True,False,True,True,False,False,False
Human,Human,user3,20251112_102133,2,Video Streaming,,False,False,,,5000.0,5927296.0,27,0,0.0,23268.0,89966.0,26,3,0.11538461538461539,18070521.0,150995.5,False,True,True,False,True,True,False,True,True
Human,Human,user3,20251112_102719,2,Video Streaming,,False,False,,,5000.0,5927296.0,30,0,0.0,43869.0,89632.0,48,3,0.0625,13158416.0,765527.5,False,True,True,False,True,True,False,True,True
Human,Human,user3,20251112_103323,2,Video Streaming,,False,False,,,5000.0,5927296.0,19,0,0.0,33556.0,101237.0,19,4,0.21052631578947367,15407545.0,1418034.0,False,True,True,False,True,True,False,True,True
Human,Human,user3,20251112_103520,2,Video Streaming,,False,False,,,5000.0,5927296.0,11,0,0.0,67948.0,91309.0,10,1,0.1,8790286.0,2183286.5,False,True,True,False,False,False,False,False,False
Human,Human,user3,20251112_103656,2,Video Streaming,,False,False,,,5000.0,5927296.0,4,0,0.0,90854.0,101655.0,10,0,0.0,5772418.0,1520206.0,False,False,False,False,False,False,False,False,False
Human,Human,user3,20251112_103829,2,Video Streaming,,False,False,,,5000.0,5927296.0,20,0,0.0,56516.0,84383.0,20,2,0.1,11171126.0,2128087.0,False,True,True,False,True,True,False,False,False
Human,Human,user3,20251112_104036,1,Shopping,,False,False,,,5000.0,6008676.0,11,0,0.0,33993.0,79383.0,12,3,0.25,15449114.0,2867519.5,False,True,True,False,True,True,False,True,True
Human,Human,user3,20251112_104825,3,Trip Planning,,False,False,,,5000.0,5957152.0,16,0,0.0,56471.0,90583.5,15,1,0.06666666666666667,7665294.0,416869.0,False,True,True,False,False,False,False,False,False
Human,Human,user3,20251112_104947,3,Trip Planning,,False,False,,,5000.0,5957152.0,21,0,0.0,56942.0,101019.0,26,3,0.11538461538461539,10425172.0,624292.0,False,True,True,False,True,True,False,True,True
Human,Human,user3,20251112_105145,3,Trip Planning,,False,False,,,5000.0,5957152.0,11,0,0.0,67347.0,90955.0,10,7,0.7,11501415.0,8383610.0,False,True,True,False,True,True,False,True,True
Human,Human,user3,20251112_105415,3,Trip Planning,,False,False,,,5000.0,5957152.0,8,0,0.0,57308.0,89936.0,7,0,0.0,5171794.0,360361.0,False,False,False,False,False,False,False,False,False
Human,Human,user3,20251112_105519,3,Trip Planning,,False,False,,,5000.0,5957152.0,10,0,0.0,66998.0,91193.0,9,1,0.1111111111111111,14031796.0,743042.0,False,True,True,False,False,False,False,False,False
Human,Human,user3,20251112_105704,3,Trip Planning,,False,False,,,5000.0,5957152.0,25,0,0.0,44233.0,79008.0,27,7,0.25925925925925924,18631575.0,2004053.0,False,True,True,False,True,True,False,True,True
Human,Human,user3,20251115_132213,3,Trip Planning,,False,False,,,5000.0,5957152.0,7,0,0.0,45044.0,56150.0,6,2,0.3333333333333333,8129312.0,4405105.0,False,True,True,False,True,True,False,False,False
Human,Human,user4,20260131_183559,2,Video Streaming,,False,False,,,5000.0,5927296.0,14,0,0.0,22418.0,78490.0,13,3,0.23076923076923078,9790395.0,2687065.0,False,True,True,False,True,True,False,True,True
Human,Human,user4,20260131_184110,2,Video Streaming,,False,False,,,5000.0,5927296.0,43,0,0.0,34180.0,67709.0,67,2,0.029850746268656716,12433073.0,653893.0,False,True,True,False,True,True,False,False,False
Human,Human,user4,20260131_184355,2,Video Streaming,,False,False,,,5000.0,5927296.0,10,0,0.0,44668.0,67479.0,10,1,0.1,10356865.0,1746640.0,False,True,True,False,False,False,False,False,False
Human,Human,user4,20260131_184526,2,Video Streaming,,False,False,,,5000.0,5927296.0,10,0,0.0,67266.0,95834.5,15,1,0.06666666666666667,10588989.0,1928655.0,False,True,True,False,False,False,False,False,False
Human,Human,user4,20260131_203650,2,Video Streaming,,False,False,,,5000.0,5927296.0,19,0,0.0,42901.0,67355.0,21,3,0.14285714285714285,14620432.0,1566693.0,False,True,True,False,True,True,False,True,True
Human,Human,user4,20260131_204258,2,Video Streaming,,False,False,,,5000.0,5927296.0,11,0,0.0,44978.0,67686.0,13,2,0.15384615384615385,8296765.0,1557339.0,False,True,True,False,True,True,False,False,False
Human,Human,user4,20260131_204415,1,Shopping,,False,False,,,5000.0,6008676.0,22,0,0.0,33515.0,79269.5,49,3,0.061224489795918366,11730004.0,954398.0,False,True,True,False,True,True,False,True,True
Human,Human,user4,20260131_205133,3,Trip Planning,,False,False,,,5000.0,5957152.0,13,0,0.0,34169.0,111996.0,14,5,0.35714285714285715,8453343.0,3592406.5,False,True,True,False,True,True,False,True,True
Human,Human,user4,20260131_205430,3,Trip Planning,,False,False,,,5000.0,5957152.0,8,0,0.0,45275.0,106830.5,7,2,0.2857142857142857,10108801.0,5195656.0,False,True,True,False,True,True,False,False,False
Human,Human,user4,20260131_205742,3,Trip Planning,,False,False,,,5000.0,5957152.0,3,0,0.0,55789.0,67842.0,2,1,0.5,9597503.0,6960099.0,False,True,True,False,False,False,False,False,False
Human,Human,user4,20260131_205836,3,Trip Planning,,False,False,,,5000.0,5957152.0,21,0,0.0,44793.0,79239.0,24,4,0.16666666666666666,9983348.0,1342879.0,False,True,True,False,True,True,False,True,True
Human,Human,user4,20260131_210032,3,Trip Planning,,False,False,,,5000.0,5957152.0,4,0,0.0,56047.0,101095.5,14,2,0.14285714285714285,18229915.0,1194759.5,False,True,True,False,True,True,False,False,False
Human,Human,user4,20260131_210243,3,Trip Planning,,False,False,,,5000.0,5957152.0,16,0,0.0,45115.0,129717.0,22,2,0.09090909090909091,19183210.0,420443.0,False,True,True,False,True,True,False,False,False
Human,Human,user4,20260131_210421,3,Trip Planning,,False,False,,,5000.0,5957152.0,4,0,0.0,32214.0,50826.5,5,3,0.6,18473052.0,8893406.0,False,True,True,False,True,True,False,True,True
Human,Human,user4,20260131_210547,3,Trip Planning,,False,False,,,5000.0,5957152.0,4,0,0.0,78666.0,106975.0,15,4,0.26666666666666666,18395751.0,381103.0,False,True,True,False,True,True,False,True,True
Human,Human,user4,20260131_210722,3,Trip Planning,,False,False,,,5000.0,5957152.0,8,0,0.0,56374.0,67384.5,8,3,0.375,7378450.0,1886269.0,False,True,True,False,True,True,False,True,True
Human,Human,user4,20260131_210827,3,Trip Planning,,False,False,,,5000.0,5957152.0,11,0,0.0,43593.0,79143.0,13,3,0.23076923076923078,10008706.0,3574422.0,False,True,True,False,True,True,False,True,True
Human,Human,user4,20260131_211000,3,Trip Planning,,False,False,,,5000.0,5957152.0,16,0,0.0,56085.0,101844.5,15,2,0.13333333333333333,8865348.0,1473142.0,False,True,True,False,True,True,False,False,False
Human,Human,user4,20260131_211124,4,Office & Learning,,False,False,,,5000.0,5670071.0,6,0,0.0,78914.0,101584.0,5,1,0.2,13816456.0,551437.0,False,True,True,False,False,False,False,False,False
Human,Human,user4,20260131_211213,4,Office & Learning,,False,False,,,5000.0,5670071.0,5,0,0.0,22395.0,89385.0,5,1,0.2,6532736.0,2235660.0,False,True,True,False,False,False,False,False,False
Human,Human,user4,20260131_211305,4,Office & Learning,,False,False,,,5000.0,5670071.0,15,0,0.0,56147.0,67570.0,15,1,0.06666666666666667,28101156.0,1629987.0,False,True,True,False,False,False,False,False,False
Human,Human,user4,20260131_211439,4,Office & Learning,,False,False,,,5000.0,5670071.0,10,0,0.0,33639.0,56212.5,9,2,0.2222222222222222,13640140.0,1919592.0,False,True,True,False,True,True,False,False,False
Human,Human,user4,20260131_211547,4,Office & Learning,,False,False,,,5000.0,5670071.0,11,0,0.0,43252.0,67472.0,12,1,0.08333333333333333,13281916.0,1965148.5,False,True,True,False,False,False,False,False,False
Human,Human,user4,20260131_211651,4,Office & Learning,,False,False,,,5000.0,5670071.0,12,0,0.0,33803.0,61346.5,11,3,0.2727272727272727,12770886.0,3268744.0,False,True,True,False,True,True,False,True,True
Human,Human,user4,20260131_211820,1,Shopping,,False,False,,,5000.0,6008676.0,12,0,0.0,45253.0,72756.5,11,0,0.0,4522818.0,1963225.0,False,False,False,False,False,False,False,False,False
Human,Human,user4,20260131_211940,1,Shopping,,False,False,,,5000.0,6008676.0,7,0,0.0,45132.0,56423.0,9,6,0.6666666666666666,10651498.0,6832638.0,False,True,True,False,True,True,False,True,True
Human,Human,user4,20260131_212124,1,Shopping,,False,False,,,5000.0,6008676.0,22,0,0.0,56455.0,79192.5,39,2,0.05128205128205128,11894710.0,493361.0,False,True,True,False,True,True,False,False,False
Human,Human,user4,20260131_212311,1,Shopping,,False,False,,,5000.0,6008676.0,4,0,0.0,78440.0,106932.5,3,1,0.3333333333333333,7279345.0,3760819.0,False,True,True,False,False,False,False,False,False
Human,Human,user4,20260131_212427,1,Shopping,,False,False,,,5000.0,6008676.0,15,0,0.0,19167.0,79170.0,31,2,0.06451612903225806,37691229.0,685635.0,False,True,True,False,True,True,False,False,False
Human,Human,user4,20260131_212632,1,Shopping,,False,True,,,5000.0,6008676.0,7,0,0.0,45342.0,68629.0,13,3,0.23076923076923078,9741298.0,1101448.0,False,True,True,False,True,True,False,True,True
Human,Human,user4,20260131_212830,1,Shopping,,False,False,,,5000.0,6008676.0,3,0,0.0,67078.0,67316.0,3,3,1.0,10658446.0,8292936.0,False,True,True,False,True,True,False,True,True
Human,Human,user4,20260131_213423,3,Trip Planning,,False,False,,,5000.0,5957152.0,4,0,0.0,67010.0,89911.0,5,1,0.2,8961724.0,1004259.0,False,True,True,False,False,False,False,False,False
Human,Human,user4,20260131_213529,3,Trip Planning,,False,False,,,5000.0,5957152.0,4,0,0.0,44812.0,96002.0,5,2,0.4,13617781.0,4164885.0,False,True,True,False,True,True,False,False,False
Human,Human,user4,20260131_213638,3,Trip Planning,,False,False,,,5000.0,5957152.0,6,0,0.0,21975.0,73127.5,5,3,0.6,21277271.0,10729699.0,False,True,True,False,True,True,False,True,True
Human,Human,user4,20260131_213818,3,Trip Planning,,False,False,,,5000.0,5957152.0,5,0,0.0,22581.0,64593.0,4,1,0.25,13048058.0,3260258.0,False,True,True,False,False,False,False,False,False
Human,Human,user4,20260131_213918,3,Trip Planning,,False,False,,,5000.0,5957152.0,8,0,0.0,56185.0,73546.0,8,2,0.25,8908398.0,3223556.0,False,True,True,False,True,True,False,False,False
Human,Human,user4,20260131_214023,3,Trip Planning,,False,True,,,5000.0,5957152.0,10,0,0.0,67400.0,112883.0,11,2,0.18181818181818182,19971628.0,67408.0,False,True,True,False,True,True,False,False,False
Human,Human,user5,20260201_195707,2,Video Streaming,,False,False,,,5000.0,5927296.0,45,0,0.0,44653.0,78500.0,70,8,0.11428571428571428,15055546.0,956672.5,False,True,True,False,True,True,False,True,True
Human,Human,user5,20260201_200100,2,Video Streaming,,False,False,,,5000.0,5927296.0,5,0,0.0,78309.0,90156.0,8,1,0.125,11095433.0,3045788.0,False,True,True,False,False,False,False,False,False
Human,Human,user5,20260201_200504,3,Trip Planning,,False,False,,,5000.0,5957152.0,4,0,0.0,67440.0,89846.0,4,2,0.5,11175773.0,7322304.0,False,True,True,False,True,True,False,False,False
Human,Human,user5,20260201_200610,3,Trip Planning,,False,False,,,5000.0,5957152.0,8,0,0.0,67364.0,90050.5,7,4,0.5714285714285714,9664133.0,6368118.0,False,True,True,False,True,True,False,True,True
Human,Human,user5,20260201_201208,3,Trip Planning,,False,False,,,5000.0,5957152.0,51,0,0.0,45434.0,89875.0,75,14,0.18666666666666668,17009599.0,1460313.0,False,True,True,False,True,True,False,True,True
Human,Human,user5,20260201_201719,3,Trip Planning,,False,False,,,5000.0,5957152.0,9,0,0.0,67935.0,90752.0,8,4,0.5,15294658.0,5947028.0,False,True,True,False,True,True,False,True,True
Human,Human,user5,20260201_201913,3,Trip Planning,,False,False,,,5000.0,5957152.0,10,0,0.0,78245.0,101499.5,11,5,0.45454545454545453,21878603.0,5063834.0,False,True,True,False,True,True,False,True,True
Human,Human,user5,20260201_202208,3,Trip Planning,,False,False,,,5000.0,5957152.0,13,0,0.0,43234.0,112498.0,19,7,0.3684210526315789,14110137.0,2812450.0,False,True,True,False,True,True,False,True,True
Human,Human,user5,20260201_202556,3,Trip Planning,,False,False,,,5000.0,5957152.0,9,0,0.0,33737.0,90311.0,10,4,0.4,14636499.0,5328889.5,False,True,True,False,True,True,False,True,True
Human,Human,user5,20260201_202749,3,Trip Planning,,False,False,,,5000.0,5957152.0,9,0,0.0,67283.0,101535.0,8,5,0.625,18613157.0,6539881.5,False,True,True,False,True,True,False,True,True
Human,Human,user5,20260201_203155,4,Office & Learning,,False,False,,,5000.0,5670071.0,16,0,0.0,67145.0,87585.0,17,3,0.17647058823529413,8970712.0,1997964.0,False,True,True,False,True,True,False,True,True
Human,Human,user5,20260201_203507,1,Shopping,,False,False,,,5000.0,6008676.0,16,0,0.0,56747.0,90197.0,26,2,0.07692307692307693,12449919.0,1162625.0,False,True,True,False,True,True,False,False,False
Human,Human,user5,20260201_203638,1,Shopping,,False,False,,,5000.0,6008676.0,16,0,0.0,44840.0,100825.0,24,6,0.25,15309840.0,2697401.5,False,True,True,False,True,True,False,True,True
Human,Human,user5,20260201_203842,1,Shopping,,False,False,,,5000.0,6008676.0,11,0,0.0,67288.0,79181.0,10,1,0.1,8922401.0,1450714.5,False,True,True,False,False,False,False,False,False
Human,Human,user5,20260201_203954,1,Shopping,,False,False,,,5000.0,6008676.0,6,0,0.0,53332.0,95971.5,11,2,0.18181818181818182,14834350.0,3842563.0,False,True,True,False,True,True,False,False,False
Human,Human,user5,20260201_204131,1,Shopping,,False,False,,,5000.0,6008676.0,7,0,0.0,22795.0,90286.0,12,5,0.4166666666666667,22853791.0,4854611.5,False,True,True,False,True,True,False,True,True
Human,Human,user5,20260201_204507,1,Shopping,,False,False,,,5000.0,6008676.0,20,0,0.0,67496.0,101106.5,27,5,0.18518518518518517,19421589.0,1970391.0,False,True,True,False,True,True,False,True,True
Human,Human,user5,20260201_204743,3,Trip Planning,,False,False,,,5000.0,5957152.0,10,0,0.0,56384.0,95481.0,10,5,0.5,25428388.0,6243102.5,False,True,True,False,True,True,False,True,True
Human,Human,user5,20260201_204954,3,Trip Planning,,False,False,,,5000.0,5957152.0,12,0,0.0,67602.0,79454.5,11,4,0.36363636363636365,12034784.0,2770765.0,False,True,True,False,True,True,False,True,True
Human,Human,user5,20260201_205119,3,Trip Planning,,False,False,,,5000.0,5957152.0,4,0,0.0,67217.0,95613.0,3,1,0.3333333333333333,9715075.0,4188782.0,False,True,True,False,False,False,False,False,False
Human,Human,user5,20260201_205238,3,Trip Planning,,False,False,,,5000.0,5957152.0,16,0,0.0,80197.0,101854.5,18,4,0.2222222222222222,8300102.0,3444128.5,False,True,True,False,True,True,False,True,True
Human,Human,user5,20260201_205420,1,Shopping,,False,False,,,5000.0,6008676.0,19,0,0.0,44377.0,90591.0,18,1,0.05555555555555555,17612107.0,1059678.5,False,True,True,False,False,False,False,False,False
Human,Human,user5,20260201_205550,1,Shopping,,False,False,,,5000.0,6008676.0,6,0,0.0,67175.0,84807.0,13,5,0.38461538461538464,12908838.0,2773063.0,False,True,True,False,True,True,False,True,True
Human,Human,user5,20260201_205837,1,Shopping,,False,False,,,5000.0,6008676.0,22,0,0.0,33884.0,89748.0,21,2,0.09523809523809523,10328600.0,880558.0,False,True,True,False,True,True,False,False,False
Human,Human,user5,20260201_205957,1,Shopping,,False,False,,,5000.0,6008676.0,27,0,0.0,45604.0,79208.0,30,6,0.2,15288433.0,2457098.5,False,True,True,False,True,True,False,True,True
Human,Human,user5,20260201_210322,1,Shopping,,False,False,,,5000.0,6008676.0,21,0,0.0,55980.0,100444.0,20,1,0.05,18939027.0,162906.0,False,True,True,False,False,False,False,False,False
Human,Human,user5,20260201_210434,1,Shopping,,False,False,,,5000.0,6008676.0,13,0,0.0,56431.0,90507.0,12,5,0.4166666666666667,12764296.0,5091016.0,False,True,True,False,True,True,False,True,True
Human,Human,user5,20260201_210811,4,Office & Learning,,False,False,,,5000.0,5670071.0,6,0,0.0,56118.0,89786.0,6,2,0.3333333333333333,9951492.0,4240749.5,False,True,True,False,True,True,False,False,False
Human,Human,user5,20260201_210912,4,Office & Learning,,False,False,,,5000.0,5670071.0,19,0,0.0,67360.0,90598.0,21,1,0.047619047619047616,7351475.0,934267.0,False,True,True,False,False,False,False,False,False
Human,Human,user5,20260201_211200,0,Social Media,,False,False,,,5000.0,6311961.0,27,0,0.0,45361.0,90943.0,34,5,0.14705882352941177,14033532.0,1669154.0,False,True,True,False,True,True,False,True,True
Human,Human,user5,20260201_211522,0,Social Media,,False,False,,,5000.0,6311961.0,5,0,0.0,79541.0,89734.0,6,3,0.5,21707338.0,6260789.5,False,True,True,False,True,True,False,True,True
Human,Human,user5,20260201_212028,0,Social Media,,False,False,,,5000.0,6311961.0,50,0,0.0,67733.0,100720.5,52,5,0.09615384615384616,12713745.0,952373.0,False,True,True,False,True,True,False,True,True
Human,Human,user5,20260201_212253,0,Social Media,,False,False,,,5000.0,6311961.0,3,0,0.0,79203.0,101788.0,8,2,0.25,8625878.0,2514770.5,False,True,True,False,True,True,False,False,False
Human,Human,user5,20260201_212431,4,Office & Learning,,False,False,,,5000.0,5670071.0,28,0,0.0,44202.0,91353.0,27,4,0.14814814814814814,13933820.0,1153808.0,False,True,True,False,True,True,False,True,True
Human,Human,user5,20260201_212750,0,Social Media,,False,False,,,5000.0,6311961.0,9,0,0.0,55170.0,79387.0,10,2,0.2,9402732.0,1960921.5,False,True,True,False,True,True,False,False,False
Human,Human,user5,20260201_212927,0,Social Media,,False,False,,,5000.0,6311961.0,15,0,0.0,45558.0,79426.0,14,1,0.07142857142857142,14170072.0,179931.0,False,True,True,False,False,False,False,False,False
Human,Human,user5,20260201_213026,0,Social Media,,False,False,,,5000.0,6311961.0,26,0,0.0,56531.0,90025.0,27,3,0.1111111111111111,10486838.0,721132.0,False,True,True,False,True,True,False,True,True
Human,Human,user6,20260201_213818,2,Video Streaming,,False,False,,,5000.0,5927296.0,3,0,0.0,65168.0,67842.0,2,1,0.5,17749902.0,10662152.0,False,True,True,False,False,False,False,False,False
Human,Human,user6,20260201_213953,2,Video Streaming,,False,False,,,5000.0,5927296.0,35,0,0.0,44901.0,78941.0,44,4,0.09090909090909091,17204894.0,1786465.5,False,True,True,False,True,True,False,True,True
Human,Human,user6,20260201_214327,2,Video Streaming,,False,False,,,5000.0,5927296.0,5,0,0.0,56067.0,79262.0,9,5,0.5555555555555556,11674460.0,5993181.0,False,True,True,False,True,True,False,True,True
Human,Human,user6,20260201_214752,1,Shopping,,False,False,,,5000.0,6008676.0,90,0,0.0,43818.0,67742.0,103,8,0.07766990291262135,15611096.0,393934.0,False,True,True,False,True,True,False,True,True
Human,Human,user6,20260201_215133,3,Trip Planning,,False,False,,,5000.0,5957152.0,32,0,0.0,56971.0,84256.5,36,6,0.16666666666666666,19307383.0,1217021.5,False,True,True,False,True,True,False,True,True
Human,Human,user6,20260201_215452,3,Trip Planning,,False,False,,,5000.0,5957152.0,57,0,0.0,44198.0,86148.0,61,9,0.14754098360655737,36774440.0,958564.0,False,True,True,False,True,True,False,True,True
Human,Human,user6,20260201_220243,3,Trip Planning,,False,False,,,5000.0,5957152.0,5,0,0.0,45164.0,146634.0,4,3,0.75,18766403.0,11545586.5,False,True,True,False,True,True,False,True,True
Human,Human,user6,20260201_220425,3,Trip Planning,,False,False,,,5000.0,5957152.0,7,0,0.0,101268.0,135431.0,9,4,0.4444444444444444,11358535.0,5543718.0,False,True,True,False,True,True,False,True,True
Human,Human,user6,20260201_220629,3,Trip Planning,,False,False,,,5000.0,5957152.0,10,0,0.0,90422.0,124420.5,9,4,0.4444444444444444,11513022.0,5049708.0,False,True,True,False,True,True,False,True,True
Human,Human,user6,20260201_220820,4,Office & Learning,,False,False,,,5000.0,5670071.0,9,0,0.0,78952.0,112219.0,9,3,0.3333333333333333,10460951.0,3856502.0,False,True,True,False,True,True,False,True,True
Human,Human,user6,20260201_220945,4,Office & Learning,,False,False,,,5000.0,5670071.0,35,0,0.0,55302.0,90555.0,52,8,0.15384615384615385,11691412.0,2007242.0,False,True,True,False,True,True,False,True,True
Human,Human,user6,20260201_221317,1,Shopping,,False,False,,,5000.0,6008676.0,20,0,0.0,67914.0,91387.5,29,2,0.06896551724137931,8482271.0,1033729.0,False,True,True,False,True,True,False,False,False
Human,Human,user6,20260201_221511,1,Shopping,,False,False,,,5000.0,6008676.0,22,0,0.0,43589.0,96135.0,21,0,0.0,4878130.0,620951.0,False,False,False,False,False,False,False,False,False
Human,Human,user6,20260201_221644,3,Trip Planning,,False,False,,,5000.0,5957152.0,15,0,0.0,45369.0,97802.0,14,3,0.21428571428571427,19328865.0,1944832.0,False,True,True,False,True,True,False,True,True
Human,Human,user6,20260201_221824,3,Trip Planning,,False,False,,,5000.0,5957152.0,9,0,0.0,79417.0,113015.0,10,3,0.3,10897173.0,4155649.5,False,True,True,False,True,True,False,True,True
Human,Human,user6,20260201_222015,3,Trip Planning,,False,False,,,5000.0,5957152.0,3,0,0.0,79413.0,90975.0,2,1,0.5,10095501.0,7543155.0,False,True,True,False,False,False,False,False,False
Human,Human,user6,20260201_222111,1,Shopping,,False,False,,,5000.0,6008676.0,15,0,0.0,67893.0,100947.0,14,2,0.14285714285714285,9130693.0,1340942.5,False,True,True,False,True,True,False,False,False
Human,Human,user6,20260201_222225,1,Shopping,,False,False,,,5000.0,6008676.0,6,0,0.0,89892.0,101789.0,8,1,0.125,7360646.0,2575396.5,False,True,True,False,False,False,False,False,False
Human,Human,user6,20260201_222324,1,Shopping,,False,False,,,5000.0,6008676.0,11,0,0.0,78279.0,101634.0,12,2,0.16666666666666666,10010477.0,3212145.0,False,True,True,False,True,True,False,False,False
Human,Human,user6,20260201_222453,1,Shopping,,False,False,,,5000.0,6008676.0,5,0,0.0,90770.0,101143.0,4,1,0.25,8997244.0,2394907.5,False,True,True,False,False,False,False,False,False
Human,Human,user6,20260201_222553,1,Shopping,,False,False,,,5000.0,6008676.0,7,0,0.0,67541.0,91099.0,6,1,0.16666666666666666,13247865.0,5016492.5,False,True,True,False,False,False,False,False,False
Human,Human,user6,20260201_222719,4,Office & Learning,,False,False,,,5000.0,5670071.0,4,0,0.0,90018.0,135163.0,5,3,0.6,10331649.0,6187292.0,False,True,True,False,True,True,False,True,True
Human,Human,user6,20260201_222831,4,Office & Learning,,False,False,,,5000.0,5670071.0,17,0,0.0,67451.0,112457.0,21,3,0.14285714285714285,7900415.0,1351069.0,False,True,True,False,True,True,False,True,True
Human,Human,user6,20260201_223036,0,Social Media,,False,False,,,5000.0,6311961.0,16,0,0.0,62336.0,101845.0,26,5,0.19230769230769232,48945845.0,2299969.5,False,True,True,False,True,True,False,True,True
Human,Human,user6,20260201_223330,0,Social Media,,False,False,,,5000.0,6311961.0,13,0,0.0,78868.0,101373.0,29,3,0.10344827586206896,12994119.0,1475397.0,False,True,True,False,True,True,False,True,True
Human,Human,user6,20260201_223543,0,Social Media,,False,False,,,5000.0,6311961.0,23,0,0.0,56650.0,90306.0,22,2,0.09090909090909091,11837553.0,1001959.5,False,True,True,False,True,True,False,False,False
Human,Human,user6,20260201_223711,0,Social Media,,False,False,,,5000.0,6311961.0,18,0,0.0,33778.0,90480.0,24,1,0.041666666666666664,7150757.0,1773871.0,False,True,True,False,False,False,False,False,False
Human,Human,user6,20260201_223843,0,Social Media,,False,False,,,5000.0,6311961.0,55,0,0.0,46046.0,90078.0,60,4,0.06666666666666667,14441387.0,862948.0,False,True,True,False,True,True,False,True,True
Human,Human,user6,20260201_224138,0,Social Media,,False,False,,,5000.0,6311961.0,17,0,0.0,67950.0,90228.0,25,0,0.0,6164900.0,1071583.0,False,False,False,False,False,False,False,False,False
Human,Human,user6,20260201_224304,0,Social Media,,False,False,,,5000.0,6311961.0,13,0,0.0,44372.0,99923.0,26,3,0.11538461538461539,11717173.0,1392835.0,False,True,True,False,True,True,False,True,True
Human,Human,user6,20260201_224635,0,Social Media,,False,False,,,5000.0,6311961.0,43,0,0.0,44049.0,79312.0,46,5,0.10869565217391304,18476325.0,1103958.0,False,True,True,False,True,True,False,True,True
Human,Human,user6,20260201_224952,0,Social Media,,False,False,,,5000.0,6311961.0,8,0,0.0,56462.0,84577.0,24,2,0.08333333333333333,20297111.0,2271996.5,False,True,True,False,True,True,False,False,False
Human,Human,user6,20260201_225245,4,Office & Learning,,False,False,,,5000.0,5670071.0,12,0,0.0,45074.0,73948.0,11,1,0.09090909090909091,10766462.0,1330803.0,False,True,True,False,False,False,False,False,False
Human,Human,user6,20260201_225352,4,Office & Learning,,False,False,,,5000.0,5670071.0,28,0,0.0,56326.0,90309.5,31,3,0.0967741935483871,8034909.0,1350232.0,False,True,True,False,True,True,False,True,True
Human,Human,user6,20260201_225553,0,Social Media,,False,False,,,5000.0,6311961.0,9,0,0.0,78449.0,90820.0,10,2,0.2,9177980.0,3791169.5,False,True,True,False,True,True,False,False,False
Human,Human,user6,20260201_225713,0,Social Media,,False,False,,,5000.0,6311961.0,5,0,0.0,65047.0,90110.0,4,1,0.25,8089171.0,3878329.5,False,True,True,False,False,False,False,False,False
Human,Human,user6,20260201_225813,0,Social Media,,False,False,,,5000.0,6311961.0,25,0,0.0,67847.0,90008.0,27,2,0.07407407407407407,8529808.0,1251595.0,False,True,True,False,True,True,False,False,False
Human,Human,user6,20260201_225959,0,Social Media,,False,False,,,5000.0,6311961.0,26,0,0.0,68359.0,90426.5,32,3,0.09375,15548274.0,1854975.0,False,True,True,False,True,True,False,True,True
Human,Human,user7,20260202_194202,2,Video Streaming,,False,False,,,5000.0,5927296.0,22,0,0.0,32919.0,73001.5,21,3,0.14285714285714285,17036994.0,640131.0,False,True,True,False,True,True,False,True,True
Human,Human,user7,20260202_194403,2,Video Streaming,,False,False,,,5000.0,5927296.0,19,0,0.0,22324.0,79185.0,22,2,0.09090909090909091,10848585.0,1004827.0,False,True,True,False,True,True,False,False,False
Human,Human,user7,20260202_194529,2,Video Streaming,,False,False,,,5000.0,5927296.0,58,0,0.0,44734.0,78628.0,132,6,0.045454545454545456,13741088.0,585143.5,False,True,True,False,True,True,False,True,True
Human,Human,user7,20260202_194926,2,Video Streaming,,False,False,,,5000.0,5927296.0,5,0,0.0,44316.0,67740.0,12,1,0.08333333333333333,7276444.0,966665.0,False,True,True,False,False,False,False,False,False
Human,Human,user7,20260202_195636,3,Trip Planning,,False,False,,,5000.0,5957152.0,19,0,0.0,56195.0,79079.0,28,2,0.07142857142857142,6370544.0,2584665.5,False,True,True,False,True,True,False,False,False
Human,Human,user7,20260202_195833,3,Trip Planning,,False,False,,,5000.0,5957152.0,20,0,0.0,55847.0,90595.0,52,4,0.07692307692307693,15768317.0,855779.0,False,True,True,False,True,True,False,True,True
Human,Human,user7,20260202_200123,3,Trip Planning,,False,False,,,5000.0,5957152.0,9,0,0.0,56161.0,112792.0,22,4,0.18181818181818182,11963235.0,433713.5,False,True,True,False,True,True,False,True,True
Human,Human,user7,20260202_200258,3,Trip Planning,,False,False,,,5000.0,5957152.0,9,0,0.0,44700.0,79114.0,31,3,0.0967741935483871,10943335.0,517673.0,False,True,True,False,True,True,False,True,True
Human,Human,user7,20260202_200432,4,Office & Learning,,False,False,,,5000.0,5670071.0,40,0,0.0,33205.0,73770.5,70,2,0.02857142857142857,8245587.0,737014.5,False,True,True,False,True,True,False,False,False
Human,Human,user7,20260202_200653,4,Office & Learning,,False,False,,,5000.0,5670071.0,12,0,0.0,55466.0,101363.5,22,4,0.18181818181818182,7089968.0,1289113.5,False,True,True,False,True,True,False,True,True
Human,Human,user7,20260202_200821,1,Shopping,,False,False,,,5000.0,6008676.0,9,0,0.0,67774.0,90296.0,16,2,0.125,8705155.0,2489140.5,False,True,True,False,True,True,False,False,False
Human,Human,user7,20260202_200952,1,Shopping,,False,False,,,5000.0,6008676.0,10,0,0.0,56466.0,84573.5,45,2,0.044444444444444446,11793704.0,495207.0,False,True,True,False,True,True,False,False,False
Human,Human,user7,20260202_201131,1,Shopping,,False,False,,,5000.0,6008676.0,11,0,0.0,55626.0,101968.0,30,3,0.1,14294947.0,557077.0,False,True,True,False,True,True,False,True,True
Human,Human,user7,20260202_201322,1,Shopping,,False,False,,,5000.0,6008676.0,29,0,0.0,34360.0,79157.0,65,5,0.07692307692307693,15831210.0,607626.0,False,True,True,False,True,True,False,True,True
Human,Human,user7,20260202_201617,1,Shopping,,False,True,,,5000.0,6008676.0,35,0,0.0,45451.0,90284.0,67,3,0.04477611940298507,17446956.0,507408.0,False,True,True,False,True,True,False,True,True
Human,Human,user7,20260202_201838,3,Trip Planning,,False,False,,,5000.0,5957152.0,7,0,0.0,78364.0,101307.0,6,4,0.6666666666666666,23766012.0,8546621.5,False,True,True,False,True,True,False,True,True
Human,Human,user7,20260202_202035,3,Trip Planning,,False,False,,,5000.0,5957152.0,5,0,0.0,55893.0,67929.0,7,3,0.42857142857142855,22733370.0,1341320.0,False,True,True,False,True,True,False,True,True
Human,Human,user7,20260202_202242,3,Trip Planning,,False,False,,,5000.0,5957152.0,5,0,0.0,56762.0,90019.0,4,2,0.5,84232237.0,7855560.0,False,True,True,False,True,True,False,False,False
Human,Human,user7,20260202_202510,3,Trip Planning,,False,False,,,5000.0,5957152.0,9,0,0.0,56516.0,79457.0,16,1,0.0625,10265648.0,540620.5,False,True,True,False,False,False,False,False,False
Human,Human,user7,20260202_202617,1,Shopping,,False,False,,,5000.0,6008676.0,29,0,0.0,33426.0,79256.0,29,1,0.034482758620689655,6861104.0,348891.0,False,True,True,False,False,False,False,False,False
Human,Human,user7,20260202_202730,1,Shopping,,False,False,,,5000.0,6008676.0,22,0,0.0,34236.0,90259.5,22,1,0.045454545454545456,8606290.0,343077.5,False,True,True,False,False,False,False,False,False
Human,Human,user7,20260202_202839,1,Shopping,,False,False,,,5000.0,6008676.0,6,0,0.0,69299.0,90412.0,7,1,0.14285714285714285,6580804.0,2760003.0,False,True,True,False,False,False,False,False,False
Human,Human,user7,20260202_203218,0,Social Media,,False,False,,,5000.0,6311961.0,31,0,0.0,67476.0,99960.0,54,4,0.07407407407407407,17432807.0,942009.5,False,True,True,False,True,True,False,True,True
Human,Human,user7,20260202_203510,0,Social Media,,False,False,,,5000.0,6311961.0,22,0,0.0,56501.0,79114.5,22,3,0.13636363636363635,8388321.0,147014.5,False,True,True,False,True,True,False,True,True
Human,Human,user7,20260202_204246,0,Social Media,,False,False,,,5000.0,6311961.0,21,0,0.0,67617.0,101438.0,26,1,0.038461538461538464,8963825.0,433398.5,False,True,True,False,False,False,False,False,False
Human,Human,user7,20260202_204523,0,Social Media,,False,False,,,5000.0,6311961.0,11,0,0.0,45092.0,90089.0,12,0,0.0,6048919.0,1891373.5,False,False,False,False,False,False,False,False,False
Human,Human,user7,20260202_204643,0,Social Media,,False,False,,,5000.0,6311961.0,14,0,0.0,78099.0,118329.5,50,1,0.02,9924696.0,676526.0,False,True,True,False,False,False,False,False,False
Human,Human,user7,20260202_204933,4,Office & Learning,,False,False,,,5000.0,5670071.0,11,0,0.0,68207.0,101751.0,14,2,0.14285714285714285,17363569.0,585209.0,False,True,True,False,True,True,False,False,False
Agent,Raw,ui-tars no humanity,20250923_145342,1,Shopping,True,True,True,1.4173734190941052,0.9998944296157402,5000.0,6008676.0,6,4,0.6666666666666666,1018.0,3009.0,20,10,0.5,14965272.0,5944629.0,True,True,True,True,True,True,True,True,True
Agent,Raw,ui-tars no humanity,20250924_202009,1,Shopping,True,False,True,0.9998944296157398,0.9998944296157402,5000.0,6008676.0,22,22,1.0,361.0,1382.0,21,21,1.0,28982262.0,10069869.0,True,True,True,True,True,True,True,True,True
Agent,Raw,ui-tars no humanity,20250924_202636,1,Shopping,True,False,True,0.9998944296157398,0.9998944296157402,5000.0,6008676.0,13,13,1.0,366.0,1948.0,12,12,1.0,17720903.0,10438111.0,True,True,True,True,True,True,True,True,True
Agent,Raw,ui-tars no humanity,20250923_150928,1,Shopping,True,False,True,0.9998944296157398,0.9998944296157402,5000.0,6008676.0,11,10,0.9090909090909091,377.0,1901.0,10,10,1.0,19976318.0,10255467.0,True,True,True,True,True,True,True,True,True
Agent,Raw,ui-tars no humanity,20250924_202945,1,Shopping,True,True,True,1.08600984620481,0.9998944296157402,5000.0,6008676.0,8,8,1.0,374.0,914.5,9,9,1.0,22919377.0,15451513.0,True,True,True,True,True,True,True,True,True
Agent,Raw,ui-tars no humanity,20250924_203229,1,Shopping,True,False,True,0.9998944296157399,0.9998944296157402,5000.0,6008676.0,4,4,1.0,352.0,1213.5,3,3,1.0,8166787.0,7950465.0,True,True,True,True,True,True,True,True,True
Agent,Raw,ui-tars no humanity,20250924_203327,1,Shopping,True,False,True,0.9998944296157399,0.9998944296157402,5000.0,6008676.0,9,9,1.0,351.0,397.0,8,8,1.0,8707195.0,7610806.5,True,True,True,True,True,True,True,True,True
Agent,Raw,ui-tars no humanity,20250924_203506,1,Shopping,True,False,True,0.9998944296157399,0.9998944296157402,5000.0,6008676.0,9,9,1.0,362.0,1553.0,8,8,1.0,18078904.0,12191750.0,True,True,True,True,True,True,True,True,True
Agent,Raw,ui-tars no humanity,20251004_131252,3,Trip Planning,True,True,True,1.2614536898461142,0.9998944296157402,5000.0,5957152.0,13,13,1.0,381.0,1097.0,24,14,0.5833333333333334,22897058.0,7011891.0,True,True,True,True,True,True,True,True,True
Agent,Raw,ui-tars no humanity,20250921_193913,3,Trip Planning,True,False,True,0.8957523627742113,0.9998944296157402,5000.0,5957152.0,10,9,0.9,367.0,832.5,12,10,0.8333333333333334,16357493.0,14075810.5,True,True,True,True,True,True,True,True,True
Agent,Raw,ui-tars no humanity,20250924_204450,3,Trip Planning,True,True,True,1.1691493185941326,0.9998944296157402,5000.0,5957152.0,5,5,1.0,384.0,1759.0,6,6,1.0,31055791.0,9916384.5,True,True,True,True,True,True,True,True,True
Agent,Raw,ui-tars no humanity,20250924_204726,3,Trip Planning,True,True,True,1.1097297741911676,0.9998944296157402,5000.0,5957152.0,8,7,0.875,603.0,2059.5,12,12,1.0,58219254.0,8750015.5,True,True,True,True,True,True,True,True,True
Agent,Raw,ui-tars no humanity,20250924_205228,3,Trip Planning,True,True,True,1.115535853278014,0.9998944296157402,5000.0,5957152.0,7,7,1.0,1091.0,1809.0,9,9,1.0,30133822.0,8814507.0,True,True,True,True,True,True,True,True,True
Agent,Raw,ui-tars no humanity,20251004_100544,2,Video Streaming,True,False,True,0.9998944296157399,0.9998944296157402,5000.0,5927296.0,2,2,1.0,1080.0,1982.0,1,1,1.0,27617348.0,27617348.0,True,True,True,True,False,True,False,False,False
Agent,Raw,ui-tars no humanity,20251004_122354,2,Video Streaming,True,False,True,0.99989442961574,0.9998944296157402,5000.0,5927296.0,3,3,1.0,347.0,744.0,2,2,1.0,22433481.0,17905657.5,True,True,True,True,True,True,True,False,True
Agent,Raw,ui-tars no humanity,20250923_151632,2,Video Streaming,True,False,True,0.9998944296157399,0.9998944296157402,5000.0,5927296.0,5,4,0.8,366.0,867.0,4,4,1.0,24935621.0,11704947.0,True,True,True,True,True,True,True,True,True
Agent,Raw,ui-tars no humanity,20250924_205530,2,Video Streaming,True,True,True,1.0503262130712767,0.9998944296157402,5000.0,5927296.0,9,7,0.7777777777777778,376.0,1148.0,9,9,1.0,16482432.0,13556745.0,True,True,True,True,True,True,True,True,True
Agent,Raw,ui-tars no humanity,20250924_205811,2,Video Streaming,True,False,True,0.9998944296157399,0.9998944296157402,5000.0,5927296.0,5,5,1.0,1147.0,2430.0,4,4,1.0,34198111.0,7736206.5,True,True,True,True,True,True,True,True,True
Agent,Raw,ui-tars no humanity,20250923_151943,2,Video Streaming,True,False,True,0.9998944296157399,0.9998944296157402,5000.0,5927296.0,5,3,0.6,785.0,4263.0,4,3,0.75,18862944.0,14394861.5,True,True,True,True,True,True,True,True,True
Agent,Raw,ui-tars no humanity,20250924_210008,2,Video Streaming,True,True,True,1.3668401672208932,0.9998944296157402,5000.0,5927296.0,21,21,1.0,350.0,565.0,51,50,0.9803921568627451,21084720.0,8382965.0,True,True,True,True,True,True,True,True,True
Agent,Raw,ui-tars no humanity,20250924_210901,2,Video Streaming,True,False,True,0.9998944296157398,0.9998944296157402,5000.0,5927296.0,14,14,1.0,365.0,1264.5,13,13,1.0,17039338.0,9679877.0,True,True,True,True,True,True,True,True,True
Agent,Raw,ui-tars no humanity,20250924_211217,2,Video Streaming,True,True,True,1.1667059527099117,0.9998944296157402,5000.0,5927296.0,7,7,1.0,367.0,1797.0,8,8,1.0,16795937.0,8569240.5,True,True,True,True,True,True,True,True,True
Agent,Raw,ui-tars no humanity,20250924_211434,2,Video Streaming,True,True,True,1.1625514576623723,0.9998944296157402,5000.0,5927296.0,29,24,0.8275862068965517,331.0,1223.0,40,39,0.975,19967236.0,9038542.5,True,True,True,True,True,True,True,True,True
Agent,Raw,ui-tars no humanity,20250924_212156,2,Video Streaming,True,False,True,0.99989442961574,0.9998944296157402,5000.0,5927296.0,3,3,1.0,679.0,1585.0,2,2,1.0,12985143.0,10796787.0,True,True,True,True,True,True,True,False,True
Agent,Raw,ui-tars no humanity,20251202_133819,2,Video Streaming,True,False,True,0.9998944296157399,0.9998944296157402,5000.0,5927296.0,2,2,1.0,1416.0,1794.5,1,1,1.0,18105805.0,18105805.0,True,True,True,True,False,True,False,False,False
Agent,Raw,ui-tars no humanity,20251202_133944,2,Video Streaming,True,False,True,0.9998944296157399,0.9998944296157402,5000.0,5927296.0,5,5,1.0,367.0,1722.0,4,4,1.0,33699545.0,10697208.0,True,True,True,True,True,True,True,True,True
Agent,Raw,ui-tars no humanity,20251202_134205,2,Video Streaming,True,False,True,0.9998944296157398,0.9998944296157402,5000.0,5927296.0,12,12,1.0,352.0,1321.5,11,11,1.0,17412216.0,9294758.0,True,True,True,True,True,True,True,True,True
Agent,Raw,ui-tars no humanity,20251202_134516,2,Video Streaming,True,True,True,1.3402232091797779,0.9998944296157402,5000.0,5927296.0,2,2,1.0,471.0,1437.0,6,6,1.0,10242566.0,7951745.5,True,True,True,True,True,True,False,True,True
Agent,Raw,ui-tars no humanity,20251202_134706,2,Video Streaming,True,True,True,1.119736907539823,0.9998944296157402,5000.0,5927296.0,1,1,1.0,1135.0,1135.0,4,4,1.0,13834330.0,7963289.0,True,True,True,False,True,True,False,True,True
Agent,Raw,ui-tars no humanity,20251202_134841,2,Video Streaming,True,True,True,1.1847718513659165,0.9998944296157402,5000.0,5927296.0,1,1,1.0,364.0,364.0,4,3,0.75,8907793.0,6542844.0,True,True,True,False,True,True,False,True,True
Agent,Raw,ui-tars no humanity,20251202_135007,2,Video Streaming,True,False,True,0.9998944296157398,0.9998944296157402,5000.0,5927296.0,11,10,0.9090909090909091,390.0,1996.0,10,10,1.0,15455407.0,8407161.5,True,True,True,True,True,True,True,True,True
Agent,Raw,ui-tars no humanity,20251202_135242,2,Video Streaming,True,False,True,0.9998944296157399,0.9998944296157402,5000.0,5927296.0,4,4,1.0,650.0,1462.5,3,3,1.0,22108469.0,20968565.0,True,True,True,True,True,True,True,True,True
Agent,Raw,ui-tars no humanity,20251202_135453,2,Video Streaming,True,False,True,0.9998944296157399,0.9998944296157402,5000.0,5927296.0,10,9,0.9,394.0,2646.0,9,9,1.0,28602332.0,8243903.0,True,True,True,True,True,True,True,True,True
Agent,Raw,ui-tars no humanity,20251202_135743,1,Shopping,True,False,True,0.9998944296157399,0.9998944296157402,5000.0,6008676.0,2,2,1.0,492.0,889.0,1,1,1.0,14482737.0,14482737.0,True,True,True,True,False,True,False,False,False
Agent,Raw,ui-tars no humanity,20251202_135904,1,Shopping,True,False,True,0.9998944296157398,0.9998944296157402,5000.0,6008676.0,6,6,1.0,407.0,1239.5,5,5,1.0,16441529.0,14399098.0,True,True,True,True,True,True,True,True,True
Agent,Raw,ui-tars no humanity,20251202_140124,1,Shopping,True,False,True,0.9998944296157399,0.9998944296157402,5000.0,6008676.0,10,10,1.0,404.0,1974.5,9,9,1.0,20963227.0,13514130.0,True,True,True,True,True,True,True,True,True
Agent,Raw,ui-tars no humanity,20251202_140420,3,Trip Planning,True,False,True,0.9998944296157399,0.9998944296157402,5000.0,5957152.0,2,2,1.0,1044.0,1164.0,1,1,1.0,23694204.0,23694204.0,True,True,True,True,False,True,False,False,False
Agent,Raw,ui-tars no humanity,20251202_140550,3,Trip Planning,True,True,True,1.178051165320329,0.9998944296157402,5000.0,5957152.0,3,3,1.0,359.0,1172.0,4,4,1.0,31553176.0,15690503.0,True,True,True,True,True,True,True,True,True
Agent,Raw,ui-tars no humanity,20251202_140811,3,Trip Planning,True,False,True,0.8832947838351257,0.9998944296157402,5000.0,5957152.0,4,4,1.0,326.0,2183.5,4,4,1.0,17351204.0,12983681.5,True,True,True,True,True,True,True,True,True
Agent,Raw,ui-tars no humanity,20251202_141012,3,Trip Planning,True,False,True,0.9998944296157398,0.9998944296157402,5000.0,5957152.0,6,6,1.0,355.0,2712.0,5,5,1.0,64894350.0,17313863.0,True,True,True,True,True,True,True,True,True
Agent,Raw,ui-tars no humanity,20251202_141334,3,Trip Planning,True,False,True,0.9998944296157399,0.9998944296157402,5000.0,5957152.0,10,9,0.9,508.0,2077.5,9,9,1.0,16476434.0,13349092.0,True,True,True,True,True,True,True,True,True
Agent,Raw,ui-tars no humanity,20251202_141630,3,Trip Planning,True,True,True,1.0183518264429976,0.9998944296157402,5000.0,5957152.0,5,5,1.0,653.0,1058.0,5,5,1.0,18109216.0,9240276.0,True,True,True,True,True,True,True,True,True
Agent,Raw,ui-tars no humanity,20251202_141825,3,Trip Planning,True,True,True,1.3448240006124836,0.9998944296157402,5000.0,5957152.0,8,7,0.875,525.0,1943.5,67,67,1.0,18773968.0,7988467.0,True,True,True,True,True,True,True,True,True
Agent,Raw,ui-tars no humanity,20251202_143002,3,Trip Planning,True,True,True,1.4104224438516,0.9998944296157402,5000.0,5957152.0,1,1,1.0,2671.0,2671.0,7,7,1.0,16595412.0,7894947.0,True,True,True,False,True,True,False,True,True
Agent,Raw,ui-tars no humanity,20251202_143208,3,Trip Planning,True,False,True,0.9998944296157398,0.9998944296157402,5000.0,5957152.0,7,7,1.0,363.0,1174.0,6,6,1.0,16806853.0,9102737.5,True,True,True,True,True,True,True,True,True
Agent,Raw,ui-tars no humanity,20251202_143423,3,Trip Planning,True,True,True,1.064564190641484,0.9998944296157402,5000.0,5957152.0,11,11,1.0,465.0,1118.0,11,11,1.0,16978656.0,9108845.0,True,True,True,True,True,True,True,True,True
Agent,Raw,ui-tars no humanity,20251202_143719,3,Trip Planning,True,False,True,0.99989442961574,0.9998944296157402,5000.0,5957152.0,3,3,1.0,461.0,2769.0,2,2,1.0,14436498.0,10706834.0,True,True,True,True,True,True,True,False,True
Agent,Raw,ui-tars no humanity,20251202_143909,3,Trip Planning,True,True,True,1.4240719321479303,0.9998944296157402,5000.0,5957152.0,5,5,1.0,894.0,1038.0,11,11,1.0,17363917.0,8438960.0,True,True,True,True,True,True,True,True,True
Agent,Raw,ui-tars no humanity,20251202_144222,3,Trip Planning,True,True,True,1.0107846151809807,0.9998944296157402,5000.0,5957152.0,28,28,1.0,348.0,1472.0,28,28,1.0,78423909.0,8886640.5,True,True,True,True,True,True,True,True,True
Agent,Raw,ui-tars no humanity,20251202_144958,4,Office & Learning,True,True,True,1.2879472236327738,0.9998944296157402,5000.0,5670071.0,8,8,1.0,403.0,2698.5,16,16,1.0,26217563.0,12696052.0,True,True,True,True,True,True,True,True,True
Agent,Raw,ui-tars no humanity,20251202_145429,4,Office & Learning,True,False,True,0.9998944296157398,0.9998944296157402,5000.0,5670071.0,7,7,1.0,824.0,1790.0,6,6,1.0,16355211.0,7993935.0,True,True,True,True,True,True,True,True,True
Agent,Raw,ui-tars no humanity,20251202_145624,4,Office & Learning,True,False,True,0.9998944296157399,0.9998944296157402,5000.0,5670071.0,2,2,1.0,725.0,1745.5,1,1,1.0,6172284.0,6172284.0,True,True,True,True,False,True,False,False,False
Agent,Raw,ui-tars no humanity,20251202_145729,4,Office & Learning,True,False,True,0.99989442961574,0.9998944296157402,5000.0,5670071.0,3,3,1.0,2377.0,3481.0,2,2,1.0,7590916.0,7311774.0,True,True,True,True,True,True,True,False,True
Agent,Raw,ui-tars no humanity,20251202_145840,4,Office & Learning,True,False,True,0.9998944296157398,0.9998944296157402,5000.0,5670071.0,6,6,1.0,371.0,895.5,5,5,1.0,14330686.0,7556143.0,True,True,True,True,True,True,True,True,True
Agent,Raw,ui-tars no humanity,20251202_150020,4,Office & Learning,True,False,True,0.9998944296157399,0.9998944296157402,5000.0,5670071.0,8,8,1.0,354.0,1823.5,7,7,1.0,14638063.0,7951993.0,True,True,True,True,True,True,True,True,True
Agent,Raw,ui-tars no humanity,20251202_150431,1,Shopping,True,True,True,1.1913650698898604,0.9998944296157402,5000.0,6008676.0,10,10,1.0,376.0,1922.0,13,12,0.9230769230769231,23260679.0,8287089.0,True,True,True,True,True,True,True,True,True
Agent,Raw,ui-tars no humanity,20251202_150752,1,Shopping,True,True,True,1.0917753008079403,0.9998944296157402,5000.0,6008676.0,6,6,1.0,357.0,2164.0,9,9,1.0,27145614.0,9461356.0,True,True,True,True,True,True,True,True,True
Agent,Raw,ui-tars no humanity,20251202_151058,1,Shopping,True,True,True,1.198361439286257,0.9998944296157402,5000.0,6008676.0,10,10,1.0,354.0,1604.5,14,14,1.0,19571013.0,9378290.5,True,True,True,True,True,True,True,True,True
Agent,Raw,ui-tars no humanity,20251202_151428,1,Shopping,True,False,True,0.9998944296157399,0.9998944296157402,5000.0,6008676.0,5,5,1.0,528.0,2097.0,4,4,1.0,8181523.0,6935952.0,True,True,True,True,True,True,True,True,True
Agent,Raw,ui-tars no humanity,20251202_151609,1,Shopping,True,False,True,0.9998944296157399,0.9998944296157402,5000.0,6008676.0,4,4,1.0,433.0,3027.0,3,3,1.0,21274354.0,16987048.0,True,True,True,True,True,True,True,True,True
Agent,Raw,ui-tars no humanity,20251202_151839,1,Shopping,True,False,True,0.9998944296157399,0.9998944296157402,5000.0,6008676.0,18,17,0.9444444444444444,352.0,1721.0,17,17,1.0,17986731.0,14913326.0,True,True,True,True,True,True,True,True,True
Agent,Raw,ui-tars no humanity,20251202_152335,1,Shopping,True,False,True,0.9998944296157399,0.9998944296157402,5000.0,6008676.0,2,2,1.0,1365.0,2630.0,1,1,1.0,12703772.0,12703772.0,True,True,True,True,False,True,False,False,False
Agent,Raw,ui-tars no humanity,20251202_152452,1,Shopping,True,True,True,1.1420163085991584,0.9998944296157402,5000.0,6008676.0,20,19,0.95,360.0,2062.0,27,22,0.8148148148148148,24077250.0,7468643.0,True,True,True,True,True,True,True,True,True
Agent,Raw,ui-tars no humanity,20251202_153003,1,Shopping,True,True,True,1.0452201913538,0.9998944296157402,5000.0,6008676.0,13,13,1.0,385.0,2628.0,13,13,1.0,24030720.0,15025123.0,True,True,True,True,True,True,True,True,True
Agent,Raw,ui-tars no humanity,20251202_153404,3,Trip Planning,True,False,True,0.9998944296157399,0.9998944296157402,5000.0,5957152.0,2,2,1.0,353.0,481.5,1,1,1.0,16014243.0,16014243.0,True,True,True,True,False,True,False,False,False
Agent,Raw,ui-tars no humanity,20251202_153519,3,Trip Planning,True,False,True,0.99989442961574,0.9998944296157402,5000.0,5957152.0,3,3,1.0,393.0,490.0,2,2,1.0,59095190.0,37533220.0,True,True,True,True,True,True,True,False,True
Agent,Raw,ui-tars no humanity,20251202_153745,3,Trip Planning,True,False,True,0.9998944296157399,0.9998944296157402,5000.0,5957152.0,2,1,0.5,2167.0,4228.5,1,1,1.0,18693300.0,18693300.0,True,True,True,False,False,False,False,False,False
Agent,Raw,ui-tars no humanity,20251202_153906,3,Trip Planning,True,False,True,0.9998944296157399,0.9998944296157402,5000.0,5957152.0,2,2,1.0,370.0,420.0,1,1,1.0,9199745.0,9199745.0,True,True,True,True,False,True,False,False,False
Agent,Raw,ui-tars no humanity,20251202_154016,3,Trip Planning,True,True,True,0.9998944296157405,0.9998944296157402,5000.0,5957152.0,38,36,0.9473684210526315,348.0,777.0,37,37,1.0,15615322.0,8309971.0,True,True,True,True,True,True,True,True,True
Agent,Raw,ui-tars no humanity,20251202_154638,1,Shopping,True,True,True,1.4812218774601644,0.9998944296157402,5000.0,6008676.0,6,6,1.0,367.0,1664.5,25,25,1.0,65194180.0,7124496.0,True,True,True,True,True,True,True,True,True
Agent,Raw,ui-tars no humanity,20251202_155210,1,Shopping,True,True,True,1.2370544403359212,0.9998944296157402,5000.0,6008676.0,5,5,1.0,380.0,1977.0,6,6,1.0,40261491.0,17811819.0,True,True,True,True,True,True,True,True,True
Agent,Raw,ui-tars no humanity,20251202_155520,1,Shopping,True,False,True,0.9998944296157399,0.9998944296157402,5000.0,6008676.0,2,2,1.0,358.0,692.0,1,1,1.0,20165821.0,20165821.0,True,True,True,True,False,True,False,False,False
Agent,Raw,ui-tars no humanity,20251202_155856,1,Shopping,True,False,True,0.9998944296157399,0.9998944296157402,5000.0,6008676.0,8,6,0.75,365.0,508.0,7,7,1.0,21963977.0,17513819.0,True,True,True,True,True,True,True,True,True
Agent,Raw,ui-tars no humanity,20251202_160142,1,Shopping,True,False,True,0.9998944296157399,0.9998944296157402,5000.0,6008676.0,2,2,1.0,1219.0,1461.0,1,1,1.0,18496829.0,18496829.0,True,True,True,True,False,True,False,False,False
Agent,Raw,ui-tars no humanity,20251202_160307,1,Shopping,True,False,True,0.9998944296157399,0.9998944296157402,5000.0,6008676.0,8,7,0.875,358.0,1784.5,7,7,1.0,19738572.0,16681298.0,True,True,True,True,True,True,True,True,True
Agent,Raw,ui-tars no humanity,20251202_160543,1,Shopping,True,False,True,0.9998944296157398,0.9998944296157402,5000.0,6008676.0,6,6,1.0,394.0,834.5,5,5,1.0,22790934.0,18972199.0,True,True,True,True,True,True,True,True,True
Agent,Raw,ui-tars no humanity,20251202_160938,4,Office & Learning,True,False,True,0.9998944296157399,0.9998944296157402,5000.0,5670071.0,2,2,1.0,2453.0,2932.0,1,1,1.0,7044308.0,7044308.0,True,True,True,True,False,True,False,False,False
Agent,Raw,ui-tars no humanity,20251202_161044,4,Office & Learning,True,False,True,0.9998944296157399,0.9998944296157402,5000.0,5670071.0,2,2,1.0,1193.0,1732.5,1,1,1.0,7619159.0,7619159.0,True,True,True,True,False,True,False,False,False
Agent,Raw,ui-tars no humanity,20251202_161430,4,Office & Learning,True,True,True,1.299038310610087,0.9998944296157402,5000.0,5670071.0,18,18,1.0,430.0,2882.0,33,33,1.0,20577460.0,9599996.0,True,True,True,True,True,True,True,True,True
Agent,Raw,ui-tars no humanity,20251202_162101,4,Office & Learning,True,True,True,1.4034809952077185,0.9998944296157402,5000.0,5670071.0,10,10,1.0,557.0,1986.5,22,22,1.0,21039063.0,11829953.5,True,True,True,True,True,True,True,True,True
Agent,Raw,ui-tars no humanity,20251202_162643,0,Social Media,True,False,True,0.9998944296157399,0.9998944296157402,5000.0,6311961.0,2,2,1.0,1018.0,2784.5,1,1,1.0,17647402.0,17647402.0,True,True,True,True,False,True,False,False,False
Agent,Raw,ui-tars no humanity,20251202_162803,0,Social Media,True,True,True,1.4835443040574616,0.9998944296157402,5000.0,6311961.0,4,4,1.0,388.0,485.0,38,15,0.39473684210526316,17177891.0,6214129.5,True,True,True,True,True,True,True,True,True
Agent,Raw,ui-tars no humanity,20251202_163344,0,Social Media,True,False,True,0.9998944296157398,0.9998944296157402,5000.0,6311961.0,7,6,0.8571428571428571,367.0,451.0,6,4,0.6666666666666666,23766750.0,11923323.5,True,True,True,True,True,True,True,True,True
Agent,Raw,ui-tars no humanity,20251202_163554,0,Social Media,True,True,True,1.1749301653292665,0.9998944296157402,5000.0,6311961.0,3,3,1.0,1236.0,1784.0,3,3,1.0,25715252.0,12154353.0,True,True,True,True,True,True,True,True,True
Agent,Raw,ui-tars no humanity,20251202_163750,0,Social Media,True,True,True,1.543604548959026,0.9998944296157402,5000.0,6311961.0,3,3,1.0,388.0,3270.0,18,17,0.9444444444444444,33970310.0,8949683.0,True,True,True,True,True,True,True,True,True
Agent,Raw,ui-tars no humanity,20251202_164225,0,Social Media,True,True,True,1.1581355222049698,0.9998944296157402,5000.0,6311961.0,17,16,0.9411764705882353,355.0,2054.0,22,22,1.0,42773453.0,8531466.5,True,True,True,True,True,True,True,True,True
Agent,Raw,ui-tars no humanity,20251202_164736,0,Social Media,True,False,True,0.99989442961574,0.9998944296157402,5000.0,6311961.0,3,3,1.0,364.0,1984.0,2,2,1.0,20898903.0,18329886.5,True,True,True,True,True,True,True,False,True
Agent,Raw,ui-tars no humanity,20251202_164916,0,Social Media,True,True,True,1.0473427943830877,0.9998944296157402,5000.0,6311961.0,7,7,1.0,1003.0,2018.0,7,7,1.0,18611935.0,15329073.0,True,True,True,True,True,True,True,True,True
Agent,Raw,ui-tars no humanity,20251202_165147,0,Social Media,True,True,True,1.4018608445993976,0.9998944296157402,5000.0,6311961.0,9,9,1.0,554.0,2545.0,27,26,0.9629629629629629,23922512.0,8417229.0,True,True,True,True,True,True,True,True,True
Agent,Raw,ui-tars no humanity,20251202_165839,0,Social Media,True,False,True,0.9998944296157399,0.9998944296157402,5000.0,6311961.0,4,4,1.0,429.0,732.5,3,2,0.6666666666666666,16287505.0,14983814.0,True,True,True,True,True,True,True,False,True
Agent,Raw,ui-tars no humanity,20251202_170020,0,Social Media,True,True,True,1.182133968329205,0.9998944296157402,5000.0,6311961.0,6,6,1.0,367.0,2058.5,9,7,0.7777777777777778,16626869.0,15025514.0,True,True,True,True,True,True,True,True,True
Agent,Raw,ui-tars no humanity,20251202_170300,0,Social Media,True,True,True,1.2090127919399993,0.9998944296157402,5000.0,6311961.0,8,8,1.0,362.0,643.5,11,11,1.0,31230668.0,7863025.0,True,True,True,True,True,True,True,True,True
Agent,Raw,ui-tars no humanity,20251202_170616,0,Social Media,True,True,True,1.274199992252839,0.9998944296157402,5000.0,6311961.0,7,7,1.0,403.0,539.0,12,12,1.0,40345566.0,11735437.0,True,True,True,True,True,True,True,True,True
Agent,Raw,ui-tars no humanity,20251202_171052,0,Social Media,True,False,True,0.9998944296157399,0.9998944296157402,5000.0,6311961.0,5,5,1.0,1252.0,2697.0,4,4,1.0,18530385.0,16796701.0,True,True,True,True,True,True,True,True,True
Agent,Raw,ui-tars no humanity,20251202_171252,0,Social Media,True,False,True,0.9998944296157399,0.9998944296157402,5000.0,6311961.0,9,9,1.0,489.0,1856.0,8,8,1.0,21599710.0,12127508.5,True,True,True,True,True,True,True,True,True
Agent,Raw,ui-tars no humanity,20251202_171558,0,Social Media,True,False,True,0.9998944296157399,0.9998944296157402,5000.0,6311961.0,2,2,1.0,619.0,1277.5,1,1,1.0,17416651.0,17416651.0,True,True,True,True,False,True,False,False,False
Agent,Raw,ui-tars no humanity,20251202_171718,0,Social Media,True,False,True,0.9998944296157399,0.9998944296157402,5000.0,6311961.0,5,5,1.0,415.0,598.0,4,4,1.0,20897967.0,14039178.0,True,True,True,True,True,True,True,True,True
Agent,Raw,ui-tars no humanity,20251202_171929,0,Social Media,True,True,True,1.0166719212134157,0.9998944296157402,5000.0,6311961.0,11,11,1.0,362.0,492.0,12,12,1.0,26311283.0,12967041.0,True,True,True,True,True,True,True,True,True
Agent,Raw,ui-tars no humanity,20251202_172356,4,Office & Learning,True,True,True,1.0685240126350204,0.9998944296157402,5000.0,5670071.0,3,3,1.0,1431.0,2712.0,3,2,0.6666666666666666,15840305.0,7888819.0,True,True,True,True,True,True,True,False,True
Agent,Raw,ui-tars no humanity,20251202_172526,4,Office & Learning,True,True,True,1.0677549201399918,0.9998944296157402,5000.0,5670071.0,6,6,1.0,2471.0,2802.0,6,6,1.0,16387188.0,7969324.5,True,True,True,True,True,True,True,True,True
Agent,Raw,ui-tars no humanity,20251202_172732,4,Office & Learning,True,True,True,1.0969831835814274,0.9998944296157402,5000.0,5670071.0,8,8,1.0,373.0,2177.5,8,8,1.0,21601879.0,8001027.5,True,True,True,True,True,True,True,True,True
Agent,Raw,ui-tars no humanity,20251202_172957,0,Social Media,True,False,True,0.99989442961574,0.9998944296157402,5000.0,6311961.0,3,3,1.0,474.0,477.0,2,1,0.5,58138687.0,31976366.5,True,True,True,True,False,True,True,False,True
Agent,Raw,ui-tars no humanity,20251202_173217,0,Social Media,True,True,True,1.4372973637672917,0.9998944296157402,5000.0,6311961.0,3,3,1.0,390.0,1583.0,7,3,0.42857142857142855,28161581.0,5674564.0,True,True,True,True,True,True,True,True,True
Agent,Raw,ui-tars no humanity,20251202_173448,0,Social Media,True,False,True,0.9998944296157399,0.9998944296157402,5000.0,6311961.0,2,2,1.0,434.0,1189.5,1,1,1.0,51729961.0,51729961.0,True,True,True,True,False,True,False,False,False
Agent,Raw,ui-tars no humanity,20251202_173711,0,Social Media,True,True,True,1.293733135270294,0.9998944296157402,5000.0,6311961.0,3,3,1.0,2795.0,3209.0,8,5,0.625,30260216.0,6813931.5,True,True,True,True,True,True,True,True,True
Agent,Raw,ui-tars no humanity,20251202_173952,0,Social Media,True,False,True,0.9998944296157399,0.9998944296157402,5000.0,6311961.0,2,2,1.0,677.0,1247.0,1,1,1.0,13450379.0,13450379.0,True,True,True,True,False,True,False,False,False
Agent,Raw,ui-tars no humanity,20251202_174143,0,Social Media,True,True,True,1.440244964234912,0.9998944296157402,5000.0,6311961.0,5,5,1.0,343.0,830.0,13,7,0.5384615384615384,18099587.0,9633426.0,True,True,True,True,True,True,True,True,True
Agent,Raw,gpt4o no humanity,20250925_085544,1,Shopping,True,False,True,0.9995701273904484,0.9995701273904486,5000.0,6008676.0,21,21,1.0,350.0,664.0,20,20,1.0,128791618.0,59232226.5,True,True,True,True,True,True,True,True,True
Agent,Raw,gpt4o no humanity,20250925_092951,1,Shopping,True,False,True,0.9995701273904484,0.9995701273904486,5000.0,6008676.0,5,5,1.0,429.0,1289.0,4,4,1.0,78037228.0,58034693.0,True,True,True,True,True,True,True,True,True
Agent,Raw,gpt4o no humanity,20250925_093831,1,Shopping,True,False,True,0.9995701273904483,0.9995701273904486,5000.0,6008676.0,2,2,1.0,353.0,2212.5,1,1,1.0,79108837.0,79108837.0,True,True,True,True,False,True,False,False,False
Agent,Raw,gpt4o no humanity,20250925_094246,1,Shopping,True,True,True,1.0766624473477469,0.9995701273904486,5000.0,6008676.0,27,26,0.9629629629629629,366.0,2144.0,29,29,1.0,171114114.0,54678349.0,True,True,True,True,True,True,True,True,True
Agent,Raw,gpt4o no humanity,20250924_090037,1,Shopping,True,False,True,0.9995701273904485,0.9995701273904486,5000.0,6008676.0,13,11,0.8461538461538461,352.0,433.0,12,12,1.0,76582140.0,56031904.5,True,True,True,True,True,True,True,True,True
Agent,Raw,gpt4o no humanity,20250925_101347,1,Shopping,True,False,True,0.9995701273904483,0.9995701273904486,5000.0,6008676.0,1,1,1.0,468.0,468.0,0,0,0.0,,,True,False,True,False,False,False,False,False,False
Agent,Raw,gpt4o no humanity,20250925_101607,1,Shopping,True,False,True,0.9995701273904483,0.9995701273904486,5000.0,6008676.0,4,4,1.0,356.0,1911.0,3,3,1.0,59860515.0,58476295.0,True,True,True,True,True,True,True,True,True
Agent,Raw,gpt4o no humanity,20250925_102121,1,Shopping,True,False,True,0.9995701273904483,0.9995701273904486,5000.0,6008676.0,2,2,1.0,370.0,564.5,1,1,1.0,51311817.0,51311817.0,True,True,True,True,False,True,False,False,False
Agent,Raw,gpt4o no humanity,20250925_102416,1,Shopping,True,False,True,0.9774930338137687,0.9995701273904486,5000.0,6008676.0,24,20,0.8333333333333334,340.0,594.5,24,24,1.0,84078155.0,66984228.5,True,True,True,True,True,True,True,True,True
Agent,Raw,gpt4o no humanity,20251004_141622,3,Trip Planning,True,False,True,0.9067196634110601,0.9995701273904486,5000.0,5957152.0,16,16,1.0,374.0,2085.0,17,17,1.0,118991358.0,51483952.0,True,True,True,True,True,True,True,True,True
Agent,Raw,gpt4o no humanity,20251004_144149,3,Trip Planning,True,False,True,0.9995701273904483,0.9995701273904486,5000.0,5957152.0,1,0,0.0,6360.0,6360.0,0,0,0.0,,,False,False,False,False,False,False,False,False,False
Agent,Raw,gpt4o no humanity,20250925_105538,3,Trip Planning,True,False,True,0.9927368874611336,0.9995701273904486,5000.0,5957152.0,26,26,1.0,349.0,2194.0,31,31,1.0,114995043.0,53158502.0,True,True,True,True,True,True,True,True,True
Agent,Raw,gpt4o no humanity,20250925_112604,3,Trip Planning,True,False,True,0.894915549884615,0.9995701273904486,5000.0,5957152.0,7,7,1.0,363.0,2233.0,7,7,1.0,55592203.0,47617642.0,True,True,True,True,True,True,True,True,True
Agent,Raw,gpt4o no humanity,20250925_113331,3,Trip Planning,True,True,True,1.0550924759967533,0.9995701273904486,5000.0,5957152.0,23,23,1.0,360.0,1100.0,24,24,1.0,111716967.0,56717098.0,True,True,True,True,True,True,True,True,True
Agent,Raw,gpt4o no humanity,20251004_123100,2,Video Streaming,True,True,True,1.119753374603863,0.9995701273904486,5000.0,5927296.0,7,7,1.0,356.0,1467.0,7,7,1.0,66182420.0,50079861.0,True,True,True,True,True,True,True,True,True
Agent,Raw,gpt4o no humanity,20250924_141611,2,Video Streaming,True,False,True,0.9995701273904483,0.9995701273904486,5000.0,5927296.0,3,3,1.0,1627.0,3689.0,2,2,1.0,86837937.0,65433697.5,True,True,True,True,True,True,True,False,True
Agent,Raw,gpt4o no humanity,20250925_120121,2,Video Streaming,True,False,True,0.9995701273904483,0.9995701273904486,5000.0,5927296.0,1,1,1.0,721.0,721.0,0,0,0.0,,,True,False,True,False,False,False,False,False,False
Agent,Raw,gpt4o no humanity,20250925_120303,2,Video Streaming,True,False,True,0.9995701273904484,0.9995701273904486,5000.0,5927296.0,37,34,0.918918918918919,356.0,2313.0,36,36,1.0,85602407.0,45913773.5,True,True,True,True,True,True,True,True,True
Agent,Raw,gpt4o no humanity,20250924_142420,2,Video Streaming,True,False,True,0.9995701273904483,0.9995701273904486,5000.0,5927296.0,3,3,1.0,370.0,381.0,2,2,1.0,51611002.0,49490615.5,True,True,True,True,True,True,True,False,True
Agent,Raw,gpt4o no humanity,20250925_123357,2,Video Streaming,True,False,True,0.9995701273904484,0.9995701273904486,5000.0,5927296.0,6,6,1.0,344.0,959.5,5,5,1.0,66668644.0,53041944.0,True,True,True,True,True,True,True,True,True
Agent,Raw,gpt4o no humanity,20250925_124024,2,Video Streaming,True,False,True,0.9995701273904483,0.9995701273904486,5000.0,5927296.0,4,4,1.0,358.0,397.0,3,3,1.0,52799314.0,45673458.0,True,True,True,True,True,True,True,True,True
Agent,Raw,gpt4o no humanity,20250925_124533,2,Video Streaming,True,True,True,1.1847043528843553,0.9995701273904486,5000.0,5927296.0,7,7,1.0,342.0,2449.0,8,8,1.0,82936948.0,46172273.0,True,True,True,True,True,True,True,True,True
Agent,Raw,gpt4o no humanity,20250925_125415,2,Video Streaming,True,False,True,0.9995701273904483,0.9995701273904486,5000.0,5927296.0,1,1,1.0,432.0,432.0,0,0,0.0,,,True,False,True,False,False,False,False,False,False
Agent,Raw,gpt4o no humanity,20251208_143154,2,Video Streaming,True,False,True,0.9995701273904483,0.9995701273904486,5000.0,5927296.0,1,1,1.0,359.0,359.0,0,0,0.0,,,True,False,True,False,False,False,False,False,False
Agent,Raw,gpt4o no humanity,20251208_143740,2,Video Streaming,True,False,True,0.9995701273904483,0.9995701273904486,5000.0,5927296.0,8,7,0.875,731.0,1696.5,7,7,1.0,89148896.0,59790268.0,True,True,True,True,True,True,True,True,True
Agent,Raw,gpt4o no humanity,20251208_144801,2,Video Streaming,True,False,True,0.9995701273904483,0.9995701273904486,5000.0,5927296.0,3,3,1.0,1047.0,2794.0,2,2,1.0,67615391.0,66230880.0,True,True,True,True,True,True,True,False,True
Agent,Raw,gpt4o no humanity,20251208_145257,2,Video Streaming,True,True,True,1.3422935080879523,0.9995701273904486,5000.0,5927296.0,1,1,1.0,3165.0,3165.0,1,1,1.0,61357956.0,61357956.0,True,True,True,False,False,False,False,False,False
Agent,Raw,gpt4o no humanity,20251208_145702,2,Video Streaming,True,True,True,1.239890625630803,0.9995701273904486,5000.0,5927296.0,13,13,1.0,365.0,2436.0,20,20,1.0,109759289.0,91268853.5,True,True,True,True,True,True,True,True,True
Agent,Raw,gpt4o no humanity,20251208_152814,2,Video Streaming,True,False,True,0.9995701273904483,0.9995701273904486,5000.0,5927296.0,2,2,1.0,1686.0,1793.5,1,1,1.0,64961730.0,64961730.0,True,True,True,True,False,True,False,False,False
Agent,Raw,gpt4o no humanity,20251208_153209,2,Video Streaming,True,False,True,0.9995701273904483,0.9995701273904486,5000.0,5927296.0,2,2,1.0,2998.0,3244.0,1,1,1.0,56876024.0,56876024.0,True,True,True,True,False,True,False,False,False
Agent,Raw,gpt4o no humanity,20251208_153534,2,Video Streaming,True,False,True,0.9995701273904484,0.9995701273904486,5000.0,5927296.0,20,19,0.95,364.0,2243.5,19,19,1.0,151387081.0,75438623.0,True,True,True,True,True,True,True,True,True
Agent,Raw,gpt4o no humanity,20251208_160414,1,Shopping,True,False,True,0.9995701273904483,0.9995701273904486,5000.0,6008676.0,2,2,1.0,990.0,1478.5,1,1,1.0,68102222.0,68102222.0,True,True,True,True,False,True,False,False,False
Agent,Raw,gpt4o no humanity,20251208_160819,1,Shopping,True,False,True,0.9995701273904483,0.9995701273904486,5000.0,6008676.0,8,8,1.0,352.0,868.0,7,7,1.0,75970991.0,64954050.0,True,True,True,True,True,True,True,True,True
Agent,Raw,gpt4o no humanity,20251208_161816,1,Shopping,True,True,True,1.1680953843783832,0.9995701273904486,5000.0,6008676.0,9,7,0.7777777777777778,348.0,3693.0,11,11,1.0,349273596.0,97630809.0,True,True,True,True,True,True,True,True,True
Agent,Raw,gpt4o no humanity,20251208_164254,3,Trip Planning,True,False,True,0.9995701273904483,0.9995701273904486,5000.0,5957152.0,1,1,1.0,1146.0,1146.0,0,0,0.0,,,True,False,True,False,False,False,False,False,False
Agent,Raw,gpt4o no humanity,20251208_164615,3,Trip Planning,True,False,True,0.9995701273904484,0.9995701273904486,5000.0,5957152.0,5,5,1.0,362.0,1274.0,4,4,1.0,134816602.0,90239045.5,True,True,True,True,True,True,True,True,True
Agent,Raw,gpt4o no humanity,20251208_165651,3,Trip Planning,True,True,True,1.4057514810232439,0.9995701273904486,5000.0,5957152.0,5,5,1.0,413.0,507.0,12,12,1.0,182897220.0,91104080.5,True,True,True,True,True,True,True,True,True
Agent,Raw,gpt4o no humanity,20251208_172025,3,Trip Planning,True,False,True,0.9995701273904483,0.9995701273904486,5000.0,5957152.0,1,1,1.0,3169.0,3169.0,0,0,0.0,,,True,False,True,False,False,False,False,False,False
Agent,Raw,gpt4o no humanity,20251208_172315,3,Trip Planning,True,False,True,0.9995701273904483,0.9995701273904486,5000.0,5957152.0,3,3,1.0,745.0,1226.0,2,2,1.0,100981364.0,98120577.5,True,True,True,True,True,True,True,False,True
Agent,Raw,gpt4o no humanity,20251208_173001,3,Trip Planning,True,False,True,0.9995701273904484,0.9995701273904486,5000.0,5957152.0,10,10,1.0,423.0,944.5,9,9,1.0,151147367.0,95602978.0,True,True,True,True,True,True,True,True,True
Agent,Raw,gpt4o no humanity,20251208_174929,3,Trip Planning,True,True,True,1.1759709997694467,0.9995701273904486,5000.0,5957152.0,2,2,1.0,375.0,757.5,2,2,1.0,102782125.0,97024370.5,True,True,True,True,True,True,False,False,False
Agent,Raw,gpt4o no humanity,20251208_175640,3,Trip Planning,True,True,True,1.2968405686405107,0.9995701273904486,5000.0,5957152.0,7,7,1.0,1836.0,2802.0,15,15,1.0,187217397.0,113386977.0,True,True,True,True,True,True,True,True,True
Agent,Raw,gpt4o no humanity,20251208_182751,3,Trip Planning,True,True,True,1.5872787686015573,0.9995701273904486,5000.0,5957152.0,1,1,1.0,964.0,964.0,19,19,1.0,122033248.0,83113448.0,True,True,True,False,True,True,False,True,True
Agent,Raw,gpt4o no humanity,20251208_190123,3,Trip Planning,True,False,True,0.9995701273904484,0.9995701273904486,5000.0,5957152.0,10,9,0.9,399.0,2304.0,9,9,1.0,86827305.0,76575594.0,True,True,True,True,True,True,True,True,True
Agent,Raw,gpt4o no humanity,20251208_191540,3,Trip Planning,True,False,True,0.9995701273904483,0.9995701273904486,5000.0,5957152.0,8,8,1.0,506.0,2252.0,7,7,1.0,73824310.0,66047866.0,True,True,True,True,True,True,True,True,True
Agent,Raw,gpt4o no humanity,20251208_192607,3,Trip Planning,True,True,True,1.0486344528139988,0.9995701273904486,5000.0,5957152.0,16,16,1.0,351.0,970.0,16,16,1.0,181999575.0,94312076.5,True,True,True,True,True,True,True,True,True
Agent,Raw,gpt4o no humanity,20251208_195421,3,Trip Planning,True,True,True,1.3159230564880413,0.9995701273904486,5000.0,5957152.0,7,7,1.0,355.0,2037.0,10,10,1.0,125437460.0,83840585.5,True,True,True,True,True,True,True,True,True
Agent,Raw,gpt4o no humanity,20251208_201244,3,Trip Planning,True,False,True,0.9995701273904483,0.9995701273904486,5000.0,5957152.0,2,2,1.0,3552.0,3867.0,1,1,1.0,71846906.0,71846906.0,True,True,True,True,False,True,False,False,False
Agent,Raw,gpt4o no humanity,20251208_201655,4,Office & Learning,True,False,True,0.9995701273904483,0.9995701273904486,5000.0,5670071.0,3,3,1.0,439.0,1039.0,2,2,1.0,82870182.0,68055640.0,True,True,True,True,True,True,True,False,True
Agent,Raw,gpt4o no humanity,20251208_202155,4,Office & Learning,True,False,True,0.9995701273904484,0.9995701273904486,5000.0,5670071.0,5,5,1.0,541.0,1282.0,4,4,1.0,89394259.0,81377042.0,True,True,True,True,True,True,True,True,True
Agent,Raw,gpt4o no humanity,20251208_202941,4,Office & Learning,True,False,True,0.9995701273904483,0.9995701273904486,5000.0,5670071.0,17,17,1.0,383.0,1461.0,16,16,1.0,205548529.0,86449110.5,True,True,True,True,True,True,True,True,True
Agent,Raw,gpt4o no humanity,20251208_210053,4,Office & Learning,True,False,True,0.9995701273904483,0.9995701273904486,5000.0,5670071.0,3,3,1.0,467.0,1912.0,2,2,1.0,57338075.0,55279448.5,True,True,True,True,True,True,True,False,True
Agent,Raw,gpt4o no humanity,20251208_210518,4,Office & Learning,True,False,True,0.9995701273904484,0.9995701273904486,5000.0,5670071.0,6,6,1.0,355.0,1712.0,5,5,1.0,98881672.0,66697914.0,True,True,True,True,True,True,True,True,True
Agent,Raw,gpt4o no humanity,20251208_211414,4,Office & Learning,True,False,True,0.9995701273904483,0.9995701273904486,5000.0,5670071.0,9,9,1.0,356.0,2664.0,8,8,1.0,90566959.0,71770036.5,True,True,True,True,True,True,True,True,True
Agent,Raw,gpt4o no humanity,20251208_212700,1,Shopping,True,False,True,0.9995701273904483,0.9995701273904486,5000.0,6008676.0,9,8,0.8888888888888888,364.0,517.0,8,8,1.0,81927628.0,61858546.0,True,True,True,True,True,True,True,True,True
Agent,Raw,gpt4o no humanity,20251208_213831,1,Shopping,True,True,True,1.0638285228824025,0.9995701273904486,5000.0,6008676.0,19,17,0.8947368421052632,355.0,2732.0,20,20,1.0,119811821.0,82567713.5,True,True,True,True,True,True,True,True,True
Agent,Raw,gpt4o no humanity,20251208_220941,1,Shopping,True,True,True,1.048982988641499,0.9995701273904486,5000.0,6008676.0,14,13,0.9285714285714286,345.0,3239.5,14,14,1.0,155352117.0,126631532.5,True,True,True,True,True,True,True,True,True
Agent,Raw,gpt4o no humanity,20251208_224051,1,Shopping,True,False,True,0.9995701273904484,0.9995701273904486,5000.0,6008676.0,10,10,1.0,363.0,1022.5,9,9,1.0,195067337.0,72507079.0,True,True,True,True,True,True,True,True,True
Agent,Raw,gpt4o no humanity,20251208_225957,1,Shopping,True,True,True,1.1329187912266658,0.9995701273904486,5000.0,6008676.0,15,15,1.0,449.0,2957.0,17,17,1.0,174066714.0,91678269.0,True,True,True,True,True,True,True,True,True
Agent,Raw,gpt4o no humanity,20251208_233107,1,Shopping,True,False,True,0.9995701273904483,0.9995701273904486,5000.0,6008676.0,3,2,0.6666666666666666,372.0,1095.0,2,2,1.0,81909170.0,78103534.5,True,True,True,True,True,True,False,False,False
Agent,Raw,gpt4o no humanity,20251208_233637,1,Shopping,True,False,True,0.9995701273904483,0.9995701273904486,5000.0,6008676.0,2,2,1.0,437.0,1120.0,1,1,1.0,53843768.0,53843768.0,True,True,True,True,False,True,False,False,False
Agent,Raw,gpt4o no humanity,20251208_234027,1,Shopping,True,True,True,1.558756391850268,0.9995701273904486,5000.0,6008676.0,3,3,1.0,1119.0,1800.0,19,19,1.0,127624187.0,95640474.0,True,True,True,True,True,True,True,True,True
Agent,Raw,gpt4o no humanity,20251209_001137,1,Shopping,True,True,True,1.5692134357050327,0.9995701273904486,5000.0,6008676.0,5,5,1.0,369.0,1494.0,19,19,1.0,120900506.0,90459778.0,True,True,True,True,True,True,True,True,True
Agent,Raw,gpt4o no humanity,20251209_004248,3,Trip Planning,True,False,True,0.9995701273904483,0.9995701273904486,5000.0,5957152.0,1,1,1.0,436.0,436.0,0,0,0.0,,,True,False,True,False,False,False,False,False,False
Agent,Raw,gpt4o no humanity,20251209_004508,3,Trip Planning,True,False,True,0.9995701273904483,0.9995701273904486,5000.0,5957152.0,2,2,1.0,372.0,720.0,1,1,1.0,67367586.0,67367586.0,True,True,True,True,False,True,False,False,False
Agent,Raw,gpt4o no humanity,20251209_004913,3,Trip Planning,True,False,True,0.9995701273904485,0.9995701273904486,5000.0,5957152.0,7,7,1.0,374.0,513.0,6,6,1.0,74619921.0,62890658.0,True,True,True,True,True,True,True,True,True
Agent,Raw,gpt4o no humanity,20251209_005808,3,Trip Planning,True,False,True,0.9995701273904483,0.9995701273904486,5000.0,5957152.0,4,4,1.0,380.0,500.5,3,3,1.0,78173367.0,66623840.0,True,True,True,True,True,True,True,True,True
Agent,Raw,gpt4o no humanity,20251209_010429,3,Trip Planning,True,False,True,0.9995701273904483,0.9995701273904486,5000.0,5957152.0,1,1,1.0,4849.0,4849.0,0,0,0.0,,,True,False,True,False,False,False,False,False,False
Agent,Raw,gpt4o no humanity,20251209_010704,3,Trip Planning,True,False,True,0.9995701273904483,0.9995701273904486,5000.0,5957152.0,1,1,1.0,1296.0,1296.0,0,0,0.0,,,True,False,True,False,False,False,False,False,False
Agent,Raw,gpt4o no humanity,20251209_011139,1,Shopping,True,False,True,0.9995701273904483,0.9995701273904486,5000.0,6008676.0,1,1,1.0,2347.0,2347.0,0,0,0.0,,,True,False,True,False,False,False,False,False,False
Agent,Raw,gpt4o no humanity,20251209_011359,1,Shopping,True,True,True,1.1052922582164417,0.9995701273904486,5000.0,6008676.0,3,2,0.6666666666666666,737.0,1011.0,3,3,1.0,68602222.0,67162819.0,True,True,True,True,True,True,False,True,True
Agent,Raw,gpt4o no humanity,20251209_012014,1,Shopping,True,True,True,1.1562823222875425,0.9995701273904486,5000.0,6008676.0,5,4,0.8,361.0,2189.0,5,5,1.0,115457379.0,81559209.0,True,True,True,True,True,True,True,True,True
Agent,Raw,gpt4o no humanity,20251209_013200,1,Shopping,True,False,True,0.9995701273904483,0.9995701273904486,5000.0,6008676.0,1,1,1.0,385.0,385.0,0,0,0.0,,,True,False,True,False,False,False,False,False,False
Agent,Raw,gpt4o no humanity,20251209_013520,1,Shopping,True,False,True,0.9995701273904483,0.9995701273904486,5000.0,6008676.0,1,1,1.0,359.0,359.0,0,0,0.0,,,True,False,True,False,False,False,False,False,False
Agent,Raw,gpt4o no humanity,20251209_013815,1,Shopping,True,False,True,0.9995701273904484,0.9995701273904486,5000.0,6008676.0,6,6,1.0,359.0,447.5,5,5,1.0,96263881.0,79712637.0,True,True,True,True,True,True,True,True,True
Agent,Raw,gpt4o no humanity,20251209_014746,1,Shopping,True,False,True,0.9995701273904483,0.9995701273904486,5000.0,6008676.0,4,4,1.0,349.0,395.0,3,3,1.0,124034147.0,59531313.0,True,True,True,True,True,True,True,True,True
Agent,Raw,gpt4o no humanity,20251209_015426,1,Shopping,True,True,True,1.1122234884858548,0.9995701273904486,5000.0,6008676.0,4,4,1.0,612.0,1840.5,6,6,1.0,96888836.0,70462131.5,True,True,True,True,True,True,True,True,True
Agent,Raw,gpt4o no humanity,20251209_020426,1,Shopping,True,False,True,0.9995701273904483,0.9995701273904486,5000.0,6008676.0,1,1,1.0,362.0,362.0,0,0,0.0,,,True,False,True,False,False,False,False,False,False
Agent,Raw,gpt4o no humanity,20251209_020745,4,Office & Learning,True,False,True,0.9995701273904483,0.9995701273904486,5000.0,5670071.0,2,2,1.0,1347.0,1511.5,1,1,1.0,64274935.0,64274935.0,True,True,True,True,False,True,False,False,False
Agent,Raw,gpt4o no humanity,20251209_021108,4,Office & Learning,True,False,True,0.9995701273904483,0.9995701273904486,5000.0,5670071.0,17,17,1.0,462.0,2115.0,16,16,1.0,289377478.0,68577613.5,True,True,True,True,True,True,True,True,True
Agent,Raw,gpt4o no humanity,20251209_024216,4,Office & Learning,True,True,True,1.1074080907585306,0.9995701273904486,5000.0,5670071.0,6,6,1.0,1188.0,2753.5,6,6,1.0,74829997.0,63251096.5,True,True,True,True,True,True,True,True,True
Agent,Raw,gpt4o no humanity,20251209_025057,4,Office & Learning,True,False,True,0.9995701273904484,0.9995701273904486,5000.0,5670071.0,5,5,1.0,1384.0,1999.0,4,4,1.0,83993171.0,67555588.5,True,True,True,True,True,True,True,True,True
Agent,Raw,gpt4o no humanity,20251209_025832,4,Office & Learning,True,True,True,1.0503617369881668,0.9995701273904486,5000.0,5670071.0,18,17,0.9444444444444444,366.0,2581.5,19,19,1.0,202030789.0,85958901.0,True,True,True,True,True,True,True,True,True
Agent,Raw,gpt4o no humanity,20251209_032942,4,Office & Learning,True,True,True,1.1244877054489915,0.9995701273904486,5000.0,5670071.0,13,13,1.0,384.0,996.0,14,14,1.0,182300282.0,63572132.5,True,True,True,True,True,True,True,True,True
Agent,Raw,gpt4o no humanity,20251209_035014,0,Social Media,True,False,True,0.9995701273904483,0.9995701273904486,5000.0,6311961.0,2,2,1.0,1202.0,2034.0,1,1,1.0,52833901.0,52833901.0,True,True,True,True,False,True,False,False,False
Agent,Raw,gpt4o no humanity,20251209_035334,0,Social Media,True,False,True,0.9995701273904483,0.9995701273904486,5000.0,6311961.0,2,2,1.0,480.0,1076.5,1,1,1.0,62698083.0,62698083.0,True,True,True,True,False,True,False,False,False
Agent,Raw,gpt4o no humanity,20251209_035701,0,Social Media,True,False,True,0.9995701273904484,0.9995701273904486,5000.0,6311961.0,22,22,1.0,491.0,2509.0,21,21,1.0,211878770.0,73616530.0,True,True,True,True,True,True,True,True,True
Agent,Raw,gpt4o no humanity,20251209_042810,0,Social Media,True,True,True,1.3681772874521843,0.9995701273904486,5000.0,6311961.0,5,3,0.6,1380.0,2368.0,8,8,1.0,97638019.0,70825410.5,True,True,True,True,True,True,True,True,True
Agent,Raw,gpt4o no humanity,20251209_044456,0,Social Media,True,True,True,1.0981858698604454,0.9995701273904486,5000.0,6311961.0,16,16,1.0,362.0,2378.0,17,17,1.0,169047887.0,74287598.0,True,True,True,True,True,True,True,True,True
Agent,Raw,gpt4o no humanity,20251209_051606,0,Social Media,True,True,True,1.2628867538334352,0.9995701273904486,5000.0,6311961.0,15,15,1.0,488.0,2565.0,23,23,1.0,120644328.0,62342913.0,True,True,True,True,True,True,True,True,True
Agent,Raw,gpt4o no humanity,20251209_054716,0,Social Media,True,False,True,0.9995701273904483,0.9995701273904486,5000.0,6311961.0,4,4,1.0,1230.0,1559.0,3,3,1.0,104241759.0,54074220.0,True,True,True,True,True,True,True,True,True
Agent,Raw,gpt4o no humanity,20251209_055311,0,Social Media,True,True,True,1.0307796945216305,0.9995701273904486,5000.0,6311961.0,11,11,1.0,425.0,2642.0,11,11,1.0,67436613.0,56025357.0,True,True,True,True,True,True,True,True,True
Agent,Raw,gpt4o no humanity,20251209_060552,0,Social Media,True,True,True,1.062082251251052,0.9995701273904486,5000.0,6311961.0,14,14,1.0,352.0,1091.0,14,14,1.0,102166958.0,62414865.0,True,True,True,True,True,True,True,True,True
Agent,Raw,gpt4o no humanity,20251209_062600,0,Social Media,True,False,True,0.9995701273904484,0.9995701273904486,5000.0,6311961.0,5,5,1.0,385.0,1235.0,4,4,1.0,58486035.0,56536515.0,True,True,True,True,True,True,True,True,True
Agent,Raw,gpt4o no humanity,20251209_063236,0,Social Media,True,False,True,0.9995701273904484,0.9995701273904486,5000.0,6311961.0,12,12,1.0,347.0,1351.5,11,11,1.0,97983337.0,55795749.0,True,True,True,True,True,True,True,True,True
Agent,Raw,gpt4o no humanity,20251209_064658,0,Social Media,True,False,True,0.9995701273904484,0.9995701273904486,5000.0,6311961.0,6,6,1.0,1183.0,2731.0,5,5,1.0,79629430.0,62048316.0,True,True,True,True,True,True,True,True,True
Agent,Raw,gpt4o no humanity,20251209_065444,0,Social Media,True,False,True,0.9995701273904483,0.9995701273904486,5000.0,6311961.0,3,3,1.0,2014.0,2074.0,2,2,1.0,55353598.0,52508925.5,True,True,True,True,True,True,True,False,True
Agent,Raw,gpt4o no humanity,20251209_065905,0,Social Media,True,False,True,0.9995701273904483,0.9995701273904486,5000.0,6311961.0,3,3,1.0,354.0,3582.0,2,2,1.0,118667251.0,89734701.0,True,True,True,True,True,True,True,False,True
Agent,Raw,gpt4o no humanity,20251209_070431,0,Social Media,True,False,True,0.9995701273904485,0.9995701273904486,5000.0,6311961.0,7,7,1.0,412.0,1987.0,6,6,1.0,383751053.0,63322927.0,True,True,True,True,True,True,True,True,True
Agent,Raw,gpt4o no humanity,20251209_072003,0,Social Media,True,False,True,0.9995701273904483,0.9995701273904486,5000.0,6311961.0,2,2,1.0,2031.0,2378.5,1,1,1.0,57098401.0,57098401.0,True,True,True,True,False,True,False,False,False
Agent,Raw,gpt4o no humanity,20251209_072318,0,Social Media,True,False,True,0.9995701273904484,0.9995701273904486,5000.0,6311961.0,6,5,0.8333333333333334,1085.0,2794.0,5,5,1.0,61841733.0,59908114.0,True,True,True,True,True,True,True,True,True
Agent,Raw,gpt4o no humanity,20251209_073119,0,Social Media,True,True,True,1.048493594608494,0.9995701273904486,5000.0,6311961.0,19,19,1.0,356.0,1102.0,19,19,1.0,70366310.0,63930969.0,True,True,True,True,True,True,True,True,True
Agent,Raw,gpt4o no humanity,20251209_075353,4,Office & Learning,True,True,True,1.1200747143902248,0.9995701273904486,5000.0,5670071.0,5,5,1.0,1243.0,2882.0,5,5,1.0,52670984.0,51428899.0,True,True,True,True,True,True,True,True,True
Agent,Raw,gpt4o no humanity,20251209_080004,4,Office & Learning,True,False,True,0.9995701273904484,0.9995701273904486,5000.0,5670071.0,5,4,0.8,385.0,1836.0,4,4,1.0,86626890.0,63400104.0,True,True,True,True,True,True,True,True,True
Agent,Raw,gpt4o no humanity,20251209_080650,4,Office & Learning,True,True,True,1.1561968192037986,0.9995701273904486,5000.0,5670071.0,19,19,1.0,366.0,1006.0,25,25,1.0,157988834.0,59803913.0,True,True,True,True,True,True,True,True,True
Agent,Raw,gpt4o no humanity,20251209_083814,0,Social Media,True,True,True,1.2331119745747108,0.9995701273904486,5000.0,6311961.0,6,6,1.0,413.0,2031.5,7,7,1.0,106578047.0,55439437.0,True,True,True,True,True,True,True,True,True
Agent,Raw,gpt4o no humanity,20251209_084822,0,Social Media,True,False,True,0.9995701273904484,0.9995701273904486,5000.0,6311961.0,6,6,1.0,429.0,1199.5,5,5,1.0,148888612.0,78902805.0,True,True,True,True,True,True,True,True,True
Agent,Raw,gpt4o no humanity,20251209_085752,0,Social Media,True,False,True,0.9995701273904484,0.9995701273904486,5000.0,6311961.0,6,5,0.8333333333333334,386.0,1109.5,5,5,1.0,86179529.0,60643061.0,True,True,True,True,True,True,True,True,True
Agent,Raw,gpt4o no humanity,20251209_090550,0,Social Media,True,False,True,0.9995701273904484,0.9995701273904486,5000.0,6311961.0,11,10,0.9090909090909091,820.0,2206.0,10,10,1.0,181754683.0,93233954.5,True,True,True,True,True,True,True,True,True
Agent,Raw,gpt4o no humanity,20251209_092448,0,Social Media,True,False,True,0.9995701273904483,0.9995701273904486,5000.0,6311961.0,1,1,1.0,3529.0,3529.0,0,0,0.0,,,True,False,True,False,False,False,False,False,False
Agent,Raw,claude no humanity,20250925_132450,1,Shopping,True,False,True,0.9999360254630549,0.9999360254630554,5000.0,6008676.0,8,8,1.0,788.0,1727.5,7,7,1.0,129134630.0,72961318.0,True,True,True,True,True,True,True,True,True
Agent,Raw,claude no humanity,20250925_133715,1,Shopping,True,False,True,0.999936025463055,0.9999360254630554,5000.0,6008676.0,10,10,1.0,373.0,1216.5,9,9,1.0,100892276.0,76589875.0,True,True,True,True,True,True,True,True,True
Agent,Raw,claude no humanity,20250925_135111,1,Shopping,True,False,True,0.9999360254630549,0.9999360254630554,5000.0,6008676.0,2,2,1.0,577.0,2102.5,1,1,1.0,120619966.0,120619966.0,True,True,True,True,False,True,False,False,False
Agent,Raw,claude no humanity,20250925_135601,1,Shopping,True,False,True,0.9999360254630553,0.9999360254630554,5000.0,6008676.0,14,13,0.9285714285714286,361.0,1978.0,13,13,1.0,176592779.0,79460716.0,True,True,True,True,True,True,True,True,True
Agent,Raw,claude no humanity,20250924_145519,1,Shopping,True,False,True,0.9999360254630548,0.9999360254630554,5000.0,6008676.0,7,7,1.0,374.0,794.0,6,6,1.0,79754495.0,68119293.5,True,True,True,True,True,True,True,True,True
Agent,Raw,claude no humanity,20250925_141929,1,Shopping,True,False,True,0.999936025463055,0.9999360254630554,5000.0,6008676.0,3,3,1.0,363.0,1312.0,2,2,1.0,146164477.0,112782418.5,True,True,True,True,True,True,True,False,True
Agent,Raw,claude no humanity,20250925_142559,1,Shopping,True,False,True,0.9999360254630549,0.9999360254630554,5000.0,6008676.0,8,7,0.875,362.0,385.0,7,7,1.0,175733293.0,81605345.0,True,True,True,True,True,True,True,True,True
Agent,Raw,claude no humanity,20250925_143951,1,Shopping,True,False,True,0.999936025463055,0.9999360254630554,5000.0,6008676.0,10,9,0.9,353.0,570.0,9,9,1.0,229069320.0,68475392.0,True,True,True,True,True,True,True,True,True
Agent,Raw,claude no humanity,20250925_145539,1,Shopping,True,True,True,1.084623549698435,0.9999360254630554,5000.0,6008676.0,8,8,1.0,380.0,865.5,8,8,1.0,132871662.0,80239099.0,True,True,True,True,True,True,True,True,True
Agent,Raw,claude no humanity,20251004_145241,3,Trip Planning,True,False,True,0.9999360254630549,0.9999360254630554,5000.0,5957152.0,8,8,1.0,359.0,1048.5,7,7,1.0,96916974.0,85942419.0,True,True,True,True,True,True,True,True,True
Agent,Raw,claude no humanity,20250925_151018,3,Trip Planning,True,False,True,0.9999360254630552,0.9999360254630554,5000.0,5957152.0,11,11,1.0,388.0,518.0,10,10,1.0,94327606.0,80047313.5,True,True,True,True,True,True,True,True,True
Agent,Raw,claude no humanity,20250925_152746,3,Trip Planning,True,False,True,0.9999360254630549,0.9999360254630554,5000.0,5957152.0,2,2,1.0,982.0,2584.0,1,1,1.0,76635309.0,76635309.0,True,True,True,True,False,True,False,False,False
Agent,Raw,claude no humanity,20251004_150939,3,Trip Planning,True,False,True,0.9999360254630548,0.9999360254630554,5000.0,5957152.0,6,6,1.0,366.0,1258.0,5,5,1.0,107391184.0,89597652.0,True,True,True,True,True,True,True,True,True
Agent,Raw,claude no humanity,20251004_115102,2,Video Streaming,True,False,True,0.9999360254630549,0.9999360254630554,5000.0,5927296.0,2,2,1.0,2099.0,2882.5,1,1,1.0,79006493.0,79006493.0,True,True,True,True,False,True,False,False,False
Agent,Raw,claude no humanity,20251004_120646,2,Video Streaming,True,False,True,0.999936025463055,0.9999360254630554,5000.0,5927296.0,3,3,1.0,1132.0,3361.0,2,2,1.0,114102105.0,101622093.5,True,True,True,True,True,True,True,False,True
Agent,Raw,claude no humanity,20250924_152359,2,Video Streaming,True,False,True,0.9999360254630549,0.9999360254630554,5000.0,5927296.0,1,1,1.0,2337.0,2337.0,0,0,0.0,,,True,False,True,False,False,False,False,False,False
Agent,Raw,claude no humanity,20250925_154002,2,Video Streaming,True,False,True,0.999936025463055,0.9999360254630554,5000.0,5927296.0,3,3,1.0,388.0,627.0,2,2,1.0,71188303.0,67747604.5,True,True,True,True,True,True,True,False,True
Agent,Raw,claude no humanity,20250925_154454,2,Video Streaming,True,False,True,0.999936025463055,0.9999360254630554,5000.0,5927296.0,3,3,1.0,358.0,375.0,2,2,1.0,73802043.0,73334345.5,True,True,True,True,True,True,True,False,True
Agent,Raw,claude no humanity,20251004_153137,2,Video Streaming,True,False,True,0.9999360254630552,0.9999360254630554,5000.0,5927296.0,11,9,0.8181818181818182,357.0,990.0,10,10,1.0,96129695.0,79649159.0,True,True,True,True,True,True,True,True,True
Agent,Raw,claude no humanity,20250925_155001,2,Video Streaming,True,False,True,0.9865228798985252,0.9999360254630554,5000.0,5927296.0,12,12,1.0,352.0,739.0,13,13,1.0,192845456.0,71106458.0,True,True,True,True,True,True,True,True,True
Agent,Raw,claude no humanity,20251004_154839,2,Video Streaming,True,False,True,0.9999360254630549,0.9999360254630554,5000.0,5927296.0,2,2,1.0,650.0,1120.0,1,1,1.0,85307018.0,85307018.0,True,True,True,True,False,True,False,False,False
Agent,Raw,claude no humanity,20250925_161350,2,Video Streaming,True,False,True,0.9999360254630549,0.9999360254630554,5000.0,5927296.0,2,2,1.0,568.0,2164.5,1,1,1.0,92213448.0,92213448.0,True,True,True,True,False,True,False,False,False
Agent,Raw,claude no humanity,20251004_155300,2,Video Streaming,True,False,True,0.999936025463055,0.9999360254630554,5000.0,5927296.0,3,3,1.0,474.0,1355.0,2,2,1.0,99088856.0,93323003.5,True,True,True,True,True,True,True,False,True
Agent,Raw,claude no humanity,20251216_133702,2,Video Streaming,True,False,True,0.9999360254630549,0.9999360254630554,5000.0,5927296.0,5,5,1.0,388.0,2591.0,4,4,1.0,116139187.0,54988509.0,True,True,True,True,True,True,True,True,True
Agent,Raw,claude no humanity,20251216_132219,2,Video Streaming,True,False,True,0.9999360254630552,0.9999360254630554,5000.0,5927296.0,13,13,1.0,1025.0,2663.0,12,12,1.0,75743781.0,59355285.0,True,True,True,True,True,True,True,True,True
Agent,Raw,claude no humanity,20251216_134423,2,Video Streaming,True,False,True,0.999936025463055,0.9999360254630554,5000.0,5927296.0,10,9,0.9,374.0,1310.0,9,9,1.0,126684776.0,68144106.0,True,True,True,True,True,True,True,True,True
Agent,Raw,claude no humanity,20251216_135855,2,Video Streaming,True,True,True,1.259105237383666,0.9999360254630554,5000.0,5927296.0,3,3,1.0,391.0,623.0,6,6,1.0,81751626.0,69526822.5,True,True,True,True,True,True,True,True,True
Agent,Raw,claude no humanity,20251216_140911,2,Video Streaming,True,False,True,0.9999360254630549,0.9999360254630554,5000.0,5927296.0,1,1,1.0,442.0,442.0,0,0,0.0,,,True,False,True,False,False,False,False,False,False
Agent,Raw,claude no humanity,20251216_141137,2,Video Streaming,True,True,True,1.4791159130592282,0.9999360254630554,5000.0,5927296.0,6,4,0.6666666666666666,376.0,2227.0,23,23,1.0,88142667.0,74736206.0,True,True,True,True,True,True,True,True,True
Agent,Raw,claude no humanity,20251216_144251,2,Video Streaming,True,False,True,0.9999360254630547,0.9999360254630554,5000.0,5927296.0,19,19,1.0,372.0,2138.0,18,18,1.0,81002227.0,57889890.5,True,True,True,True,True,True,True,True,True
Agent,Raw,claude no humanity,20251216_150412,2,Video Streaming,True,False,True,0.9999360254630549,0.9999360254630554,5000.0,5927296.0,5,4,0.8,1539.0,4569.0,4,4,1.0,80593776.0,68356486.0,True,True,True,True,True,True,True,True,True
Agent,Raw,claude no humanity,20251216_151243,2,Video Streaming,True,False,True,0.9999360254630552,0.9999360254630554,5000.0,5927296.0,11,11,1.0,354.0,582.0,10,10,1.0,150752170.0,85968952.0,True,True,True,True,True,True,True,True,True
Agent,Raw,claude no humanity,20251216_153252,1,Shopping,True,False,True,0.999936025463055,0.9999360254630554,5000.0,6008676.0,3,3,1.0,529.0,622.0,2,2,1.0,70539296.0,67374115.5,True,True,True,True,True,True,True,False,True
Agent,Raw,claude no humanity,20251216_153742,1,Shopping,True,False,True,0.9999360254630549,0.9999360254630554,5000.0,6008676.0,25,24,0.96,357.0,2162.0,24,24,1.0,149491169.0,59592019.5,True,True,True,True,True,True,True,True,True
Agent,Raw,claude no humanity,20251216_160854,1,Shopping,True,True,True,1.208433352106684,0.9999360254630554,5000.0,6008676.0,11,10,0.9090909090909091,353.0,2001.0,22,22,1.0,152271567.0,68314023.5,True,True,True,True,True,True,True,True,True
Agent,Raw,claude no humanity,20251216_164006,3,Trip Planning,True,False,True,0.9999360254630549,0.9999360254630554,5000.0,5957152.0,2,2,1.0,1274.0,1900.5,1,1,1.0,57335905.0,57335905.0,True,True,True,True,False,True,False,False,False
Agent,Raw,claude no humanity,20251216_164406,3,Trip Planning,True,False,True,0.9999360254630549,0.9999360254630554,5000.0,5957152.0,1,1,1.0,3517.0,3517.0,0,0,0.0,,,True,False,True,False,False,False,False,False,False
Agent,Raw,claude no humanity,20251216_164626,3,Trip Planning,True,False,True,0.9999360254630548,0.9999360254630554,5000.0,5957152.0,7,7,1.0,357.0,1341.0,6,6,1.0,72824018.0,64853121.5,True,True,True,True,True,True,True,True,True
Agent,Raw,claude no humanity,20251216_165543,3,Trip Planning,True,False,True,0.9999360254630549,0.9999360254630554,5000.0,5957152.0,1,1,1.0,1116.0,1116.0,0,0,0.0,,,True,False,True,False,False,False,False,False,False
Agent,Raw,claude no humanity,20251216_165823,3,Trip Planning,True,False,True,0.9999360254630549,0.9999360254630554,5000.0,5957152.0,1,1,1.0,1623.0,1623.0,0,0,0.0,,,True,False,True,False,False,False,False,False,False
Agent,Raw,claude no humanity,20251216_170148,3,Trip Planning,True,True,True,1.0182270344208988,0.9999360254630554,5000.0,5957152.0,19,19,1.0,416.0,1826.0,19,19,1.0,290513112.0,72020259.0,True,True,True,True,True,True,True,True,True
Agent,Raw,claude no humanity,20251216_173300,3,Trip Planning,True,True,True,1.0363333669282313,0.9999360254630554,5000.0,5957152.0,4,4,1.0,442.0,2252.0,15,15,1.0,129714825.0,79468879.0,True,True,True,True,True,True,True,True,True
Agent,Raw,claude no humanity,20251216_175654,3,Trip Planning,True,True,True,1.0633290296954399,0.9999360254630554,5000.0,5957152.0,9,8,0.8888888888888888,387.0,2512.0,9,9,1.0,76984435.0,66957115.0,True,True,True,True,True,True,True,True,True
Agent,Raw,claude no humanity,20251216_180951,3,Trip Planning,True,True,True,1.0098440285971482,0.9999360254630554,5000.0,5957152.0,11,10,0.9090909090909091,1326.0,2701.0,23,23,1.0,98928680.0,75200790.0,True,True,True,True,True,True,True,True,True
Agent,Raw,claude no humanity,20251216_184103,3,Trip Planning,True,False,True,0.9999360254630549,0.9999360254630554,5000.0,5957152.0,4,4,1.0,598.0,1911.0,3,3,1.0,73419178.0,69425460.0,True,True,True,True,True,True,True,True,True
Agent,Raw,claude no humanity,20251216_184733,3,Trip Planning,True,True,True,1.0888512744997791,0.9999360254630554,5000.0,5957152.0,20,19,0.95,381.0,2060.5,24,24,1.0,142846412.0,69278181.0,True,True,True,True,True,True,True,True,True
Agent,Raw,claude no humanity,20251216_191845,3,Trip Planning,True,False,True,0.9999360254630548,0.9999360254630554,5000.0,5957152.0,17,16,0.9411764705882353,629.0,2318.0,16,16,1.0,155851122.0,69187006.0,True,True,True,True,True,True,True,True,True
Agent,Raw,claude no humanity,20251216_194329,3,Trip Planning,True,True,True,1.053988163886021,0.9999360254630554,5000.0,5957152.0,18,18,1.0,343.0,1722.0,19,19,1.0,181563062.0,77218244.0,True,True,True,True,True,True,True,True,True
Agent,Raw,claude no humanity,20251216_201443,3,Trip Planning,True,True,True,1.0438178070482595,0.9999360254630554,5000.0,5957152.0,12,12,1.0,358.0,2127.5,12,12,1.0,748342785.0,70993819.5,True,True,True,True,True,True,True,True,True
Agent,Raw,claude no humanity,20251216_204348,3,Trip Planning,True,False,True,0.9999360254630549,0.9999360254630554,5000.0,5957152.0,8,8,1.0,360.0,1037.5,7,7,1.0,148406241.0,83807614.0,True,True,True,True,True,True,True,True,True
Agent,Raw,claude no humanity,20251216_205730,4,Office & Learning,True,False,True,0.9999360254630549,0.9999360254630554,5000.0,5670071.0,5,5,1.0,638.0,1580.0,4,4,1.0,324440574.0,64948366.5,True,True,True,True,True,True,True,True,True
Agent,Raw,claude no humanity,20251216_210832,4,Office & Learning,True,True,True,1.0489785298061758,0.9999360254630554,5000.0,5670071.0,15,15,1.0,388.0,1097.0,15,15,1.0,97671636.0,72508129.0,True,True,True,True,True,True,True,True,True
Agent,Raw,claude no humanity,20251216_212915,4,Office & Learning,True,False,True,0.9999360254630547,0.9999360254630554,5000.0,5670071.0,21,20,0.9523809523809523,452.0,2550.0,20,20,1.0,230299717.0,72380572.5,True,True,True,True,True,True,True,True,True
Agent,Raw,claude no humanity,20251216_220027,4,Office & Learning,True,False,True,0.9999360254630549,0.9999360254630554,5000.0,5670071.0,1,1,1.0,343.0,343.0,0,0,0.0,,,True,False,True,False,False,False,False,False,False
Agent,Raw,claude no humanity,20251216_220302,4,Office & Learning,True,False,True,0.999936025463055,0.9999360254630554,5000.0,5670071.0,3,3,1.0,1215.0,1890.0,2,2,1.0,74338595.0,73591891.0,True,True,True,True,True,True,True,False,True
Agent,Raw,claude no humanity,20251216_220812,4,Office & Learning,True,False,True,0.9999360254630548,0.9999360254630554,5000.0,5670071.0,6,6,1.0,354.0,1251.0,5,5,1.0,103221325.0,73118122.0,True,True,True,True,True,True,True,True,True
Agent,Raw,claude no humanity,20251216_221728,1,Shopping,True,False,True,0.9999360254630549,0.9999360254630554,5000.0,6008676.0,1,1,1.0,3613.0,3613.0,0,0,0.0,,,True,False,True,False,False,False,False,False,False
Agent,Raw,claude no humanity,20251216_222013,1,Shopping,True,True,True,1.1129147425519414,0.9999360254630554,5000.0,6008676.0,11,11,1.0,353.0,409.0,13,13,1.0,145199260.0,75899812.0,True,True,True,True,True,True,True,True,True
Agent,Raw,claude no humanity,20251216_224122,1,Shopping,True,False,True,0.9999360254630549,0.9999360254630554,5000.0,6008676.0,1,1,1.0,742.0,742.0,0,0,0.0,,,True,False,True,False,False,False,False,False,False
Agent,Raw,claude no humanity,20251216_224402,1,Shopping,True,False,True,0.9999360254630549,0.9999360254630554,5000.0,6008676.0,1,0,0.0,17081.0,17081.0,0,0,0.0,,,False,False,False,False,False,False,False,False,False
Agent,Raw,claude no humanity,20251216_224642,1,Shopping,True,False,True,0.9999360254630549,0.9999360254630554,5000.0,6008676.0,1,1,1.0,441.0,441.0,0,0,0.0,,,True,False,True,False,False,False,False,False,False
Agent,Raw,claude no humanity,20251216_224917,1,Shopping,True,True,True,1.0938255467866624,0.9999360254630554,5000.0,6008676.0,13,13,1.0,346.0,993.0,16,16,1.0,141875811.0,66916558.5,True,True,True,True,True,True,True,True,True
Agent,Raw,claude no humanity,20251216_231256,1,Shopping,True,False,True,0.9999360254630549,0.9999360254630554,5000.0,6008676.0,2,2,1.0,557.0,1332.5,1,1,1.0,62199912.0,62199912.0,True,True,True,True,False,True,False,False,False
Agent,Raw,claude no humanity,20251216_231636,1,Shopping,True,True,True,1.0548227616130177,0.9999360254630554,5000.0,6008676.0,17,17,1.0,489.0,1219.0,20,20,1.0,126580770.0,64075031.0,True,True,True,True,True,True,True,True,True
Agent,Raw,claude no humanity,20251216_234430,1,Shopping,True,True,True,1.2341647538219405,0.9999360254630554,5000.0,6008676.0,9,9,1.0,353.0,1039.0,18,18,1.0,171425146.0,80059558.0,True,True,True,True,True,True,True,True,True
Agent,Raw,claude no humanity,20251217_001542,3,Trip Planning,True,False,True,0.9999360254630549,0.9999360254630554,5000.0,5957152.0,2,2,1.0,913.0,1564.5,1,1,1.0,236406505.0,236406505.0,True,True,True,True,False,True,False,False,False
Agent,Raw,claude no humanity,20251217_002444,3,Trip Planning,True,True,True,1.177486673598959,0.9999360254630554,5000.0,5957152.0,5,5,1.0,412.0,2191.0,5,5,1.0,171130937.0,76900582.0,True,True,True,True,True,True,True,True,True
Agent,Raw,claude no humanity,20251217_004126,3,Trip Planning,True,False,True,0.9999360254630549,0.9999360254630554,5000.0,5957152.0,2,2,1.0,376.0,634.0,1,1,1.0,68398231.0,68398231.0,True,True,True,True,False,True,False,False,False
Agent,Raw,claude no humanity,20251217_004511,3,Trip Planning,True,False,True,0.9999360254630549,0.9999360254630554,5000.0,5957152.0,1,1,1.0,1873.0,1873.0,0,0,0.0,,,True,False,True,False,False,False,False,False,False
Agent,Raw,claude no humanity,20251217_004746,3,Trip Planning,True,False,True,0.9999360254630549,0.9999360254630554,5000.0,5957152.0,1,1,1.0,365.0,365.0,0,0,0.0,,,True,False,True,False,False,False,False,False,False
Agent,Raw,claude no humanity,20251217_005016,3,Trip Planning,True,True,True,1.0224017808725083,0.9999360254630554,5000.0,5957152.0,7,7,1.0,368.0,1959.0,7,7,1.0,67961663.0,60943008.0,True,True,True,True,True,True,True,True,True
Agent,Raw,claude no humanity,20251217_010027,1,Shopping,True,False,True,0.9999360254630548,0.9999360254630554,5000.0,6008676.0,7,6,0.8571428571428571,351.0,1686.0,6,6,1.0,129336316.0,67683860.5,True,True,True,True,True,True,True,True,True
Agent,Raw,claude no humanity,20251217_011115,1,Shopping,True,False,True,0.9999360254630549,0.9999360254630554,5000.0,6008676.0,1,1,1.0,363.0,363.0,0,0,0.0,,,True,False,True,False,False,False,False,False,False
Agent,Raw,claude no humanity,20251217_011340,1,Shopping,True,True,True,1.1715059102988215,0.9999360254630554,5000.0,6008676.0,5,5,1.0,366.0,605.0,5,5,1.0,94937972.0,65937862.0,True,True,True,True,True,True,True,True,True
Agent,Raw,claude no humanity,20251217_012256,1,Shopping,True,False,True,0.9999360254630549,0.9999360254630554,5000.0,6008676.0,5,4,0.8,514.0,1831.0,4,4,1.0,65830750.0,60679647.0,True,True,True,True,True,True,True,True,True
Agent,Raw,claude no humanity,20251217_013032,1,Shopping,True,False,True,0.9999360254630549,0.9999360254630554,5000.0,6008676.0,1,1,1.0,714.0,714.0,0,0,0.0,,,True,False,True,False,False,False,False,False,False
Agent,Raw,claude no humanity,20251217_013307,1,Shopping,True,True,True,1.0228695822021554,0.9999360254630554,5000.0,6008676.0,25,25,1.0,342.0,1043.0,25,25,1.0,111831506.0,66374698.0,True,True,True,True,True,True,True,True,True
Agent,Raw,claude no humanity,20251217_020420,1,Shopping,True,False,True,0.9999360254630549,0.9999360254630554,5000.0,6008676.0,1,1,1.0,1583.0,1583.0,0,0,0.0,,,True,False,True,False,False,False,False,False,False
Agent,Raw,claude no humanity,20251217_020925,1,Shopping,True,False,True,0.9999360254630549,0.9999360254630554,5000.0,6008676.0,4,4,1.0,349.0,381.5,3,3,1.0,71888407.0,68638869.0,True,True,True,True,True,True,True,True,True
Agent,Raw,claude no humanity,20251217_021536,1,Shopping,True,False,True,0.9999360254630549,0.9999360254630554,5000.0,6008676.0,1,1,1.0,4210.0,4210.0,0,0,0.0,,,True,False,True,False,False,False,False,False,False
Agent,Raw,claude no humanity,20251217_021840,4,Office & Learning,True,False,True,0.9999360254630549,0.9999360254630554,5000.0,5670071.0,2,2,1.0,1025.0,1074.5,1,1,1.0,49767966.0,49767966.0,True,True,True,True,False,True,False,False,False
Agent,Raw,claude no humanity,20251217_022148,4,Office & Learning,True,False,True,0.9999360254630549,0.9999360254630554,5000.0,5670071.0,26,26,1.0,374.0,2273.5,25,25,1.0,136894347.0,60594527.0,True,True,True,True,True,True,True,True,True
Agent,Raw,claude no humanity,20251217_025259,4,Office & Learning,True,True,True,1.035449627826076,0.9999360254630554,5000.0,5670071.0,23,21,0.9130434782608695,369.0,2176.0,24,24,1.0,121498505.0,58115660.0,True,True,True,True,True,True,True,True,True
Agent,Raw,claude no humanity,20251217_032410,4,Office & Learning,True,True,True,1.1886390236759905,0.9999360254630554,5000.0,5670071.0,4,4,1.0,1538.0,2572.0,4,4,1.0,93381196.0,61336147.5,True,True,True,True,True,True,True,True,True
Agent,Raw,claude no humanity,20251217_033106,4,Office & Learning,True,True,True,1.1378692910045303,0.9999360254630554,5000.0,5670071.0,19,19,1.0,351.0,2398.0,23,23,1.0,121032144.0,60681230.0,True,True,True,True,True,True,True,True,True
Agent,Raw,claude no humanity,20251217_035845,4,Office & Learning,True,True,True,1.0476946483476988,0.9999360254630554,5000.0,5670071.0,9,9,1.0,359.0,1965.0,9,9,1.0,135379840.0,64720879.0,True,True,True,True,True,True,True,True,True
Agent,Raw,claude no humanity,20251217_041137,0,Social Media,True,False,True,0.9999360254630548,0.9999360254630554,5000.0,6311961.0,6,6,1.0,1221.0,2137.0,5,5,1.0,57948871.0,53558124.0,True,True,True,True,True,True,True,True,True
Agent,Raw,claude no humanity,20251217_041808,0,Social Media,True,True,True,1.0771204475989387,0.9999360254630554,5000.0,6311961.0,7,7,1.0,357.0,2624.0,7,7,1.0,121307513.0,61842132.0,True,True,True,True,True,True,True,True,True
Agent,Raw,claude no humanity,20251217_042915,0,Social Media,True,True,True,1.045123564364286,0.9999360254630554,5000.0,6311961.0,21,21,1.0,352.0,1953.0,21,21,1.0,136926692.0,62550187.0,True,True,True,True,True,True,True,True,True
Agent,Raw,claude no humanity,20251217_050027,0,Social Media,True,True,True,1.3389636201469208,0.9999360254630554,5000.0,6311961.0,2,2,1.0,2494.0,2755.0,3,3,1.0,70783427.0,63508013.0,True,True,True,True,True,True,False,True,True
Agent,Raw,claude no humanity,20251217_050723,0,Social Media,True,True,True,1.0641861363422147,0.9999360254630554,5000.0,6311961.0,16,16,1.0,439.0,2483.0,17,17,1.0,317977155.0,67065206.0,True,True,True,True,True,True,True,True,True
Agent,Raw,claude no humanity,20251217_053836,0,Social Media,True,True,True,1.0667002413403148,0.9999360254630554,5000.0,6311961.0,20,20,1.0,355.0,2328.0,21,21,1.0,159539950.0,69423458.0,True,True,True,True,True,True,True,True,True
Agent,Raw,claude no humanity,20251217_060948,0,Social Media,True,False,True,0.9999360254630548,0.9999360254630554,5000.0,6311961.0,6,6,1.0,544.0,2410.5,5,5,1.0,120621557.0,58354996.0,True,True,True,True,True,True,True,True,True
Agent,Raw,claude no humanity,20251217_061854,0,Social Media,True,True,True,1.0318139873915582,0.9999360254630554,5000.0,6311961.0,24,23,0.9583333333333334,358.0,2370.0,24,24,1.0,140851394.0,63018419.5,True,True,True,True,True,True,True,True,True
Agent,Raw,claude no humanity,20251217_065005,0,Social Media,True,True,True,1.2618788584736405,0.9999360254630554,5000.0,6311961.0,9,9,1.0,358.0,1172.0,26,26,1.0,107596009.0,65136002.0,True,True,True,True,True,True,True,True,True
Agent,Raw,claude no humanity,20251217_072117,0,Social Media,True,False,True,0.9999360254630549,0.9999360254630554,5000.0,6311961.0,4,4,1.0,368.0,1642.0,3,3,1.0,59690899.0,59198650.0,True,True,True,True,True,True,True,True,True
Agent,Raw,claude no humanity,20251217_072723,0,Social Media,True,False,True,0.999936025463055,0.9999360254630554,5000.0,6311961.0,10,10,1.0,357.0,2705.5,9,9,1.0,115600632.0,60107322.0,True,True,True,True,True,True,True,True,True
Agent,Raw,claude no humanity,20251217_074019,0,Social Media,True,True,True,1.1009763618782114,0.9999360254630554,5000.0,6311961.0,10,10,1.0,402.0,2220.5,10,10,1.0,91055028.0,61916630.5,True,True,True,True,True,True,True,True,True
Agent,Raw,claude no humanity,20251217_075326,0,Social Media,True,False,True,0.9999360254630549,0.9999360254630554,5000.0,6311961.0,2,2,1.0,2306.0,2892.5,1,1,1.0,62676554.0,62676554.0,True,True,True,True,False,True,False,False,False
Agent,Raw,claude no humanity,20251217_075721,0,Social Media,True,False,True,0.999936025463055,0.9999360254630554,5000.0,6311961.0,3,3,1.0,1702.0,2033.0,2,2,1.0,79338536.0,77555539.0,True,True,True,True,True,True,True,False,True
Agent,Raw,claude no humanity,20251217_080232,0,Social Media,True,False,True,0.9999360254630549,0.9999360254630554,5000.0,6311961.0,5,5,1.0,892.0,4224.0,4,4,1.0,107207286.0,72539345.0,True,True,True,True,True,True,True,True,True
Agent,Raw,claude no humanity,20251217_081103,0,Social Media,True,False,True,0.9999360254630549,0.9999360254630554,5000.0,6311961.0,1,1,1.0,796.0,796.0,0,0,0.0,,,True,False,True,False,False,False,False,False,False
Agent,Raw,claude no humanity,20251217_081323,0,Social Media,True,False,True,0.9999360254630549,0.9999360254630554,5000.0,6311961.0,1,1,1.0,4471.0,4471.0,0,0,0.0,,,True,False,True,False,False,False,False,False,False
Agent,Raw,claude no humanity,20251217_081548,0,Social Media,True,False,True,0.9999360254630549,0.9999360254630554,5000.0,6311961.0,8,7,0.875,355.0,2144.0,7,7,1.0,67338662.0,62861701.0,True,True,True,True,True,True,True,True,True
Agent,Raw,claude no humanity,20251217_082550,4,Office & Learning,True,False,True,0.9999360254630549,0.9999360254630554,5000.0,5670071.0,4,4,1.0,359.0,782.5,3,3,1.0,108434177.0,74452605.0,True,True,True,True,True,True,True,True,True
Agent,Raw,claude no humanity,20251217_083225,4,Office & Learning,True,True,True,1.1355200672128976,0.9999360254630554,5000.0,5670071.0,8,8,1.0,355.0,752.0,9,9,1.0,120561105.0,71928566.0,True,True,True,True,True,True,True,True,True
Agent,Raw,claude no humanity,20251217_084622,4,Office & Learning,True,True,True,1.0639522560568555,0.9999360254630554,5000.0,5670071.0,21,20,0.9523809523809523,393.0,2432.0,23,23,1.0,135224805.0,67385798.0,True,True,True,True,True,True,True,True,True
Agent,Raw,claude no humanity,20251217_091557,0,Social Media,True,False,True,0.9999360254630549,0.9999360254630554,5000.0,6311961.0,2,2,1.0,1128.0,2162.5,1,1,1.0,58162064.0,58162064.0,True,True,True,True,False,True,False,False,False
Agent,Raw,claude no humanity,20251217_091917,0,Social Media,True,True,True,1.0870075580686638,0.9999360254630554,5000.0,6311961.0,9,9,1.0,548.0,1508.0,9,9,1.0,121889495.0,62825622.0,True,True,True,True,True,True,True,True,True
Agent,Raw,claude no humanity,20251217_093321,0,Social Media,True,False,True,0.9999360254630549,0.9999360254630554,5000.0,6311961.0,1,1,1.0,3130.0,3130.0,0,0,0.0,,,True,False,True,False,False,False,False,False,False
Agent,Raw,claude no humanity,20251217_093606,0,Social Media,True,False,True,0.999936025463055,0.9999360254630554,5000.0,6311961.0,3,3,1.0,372.0,1110.0,2,2,1.0,120946836.0,93213607.5,True,True,True,True,True,True,True,False,True
Agent,Raw,cpm_gui_agent raw,20251214_160137,2,Video Streaming,True,False,True,1.0000506441079473,1.0000506441079475,5000.0,5927296.0,2,2,1.0,2424.0,2769.5,1,1,1.0,6509352.0,6509352.0,True,True,True,True,False,True,False,False,False
Agent,Raw,cpm_gui_agent raw,20251214_160317,2,Video Streaming,True,False,True,1.0000506441079473,1.0000506441079475,5000.0,5927296.0,7,7,1.0,361.0,534.0,6,4,0.6666666666666666,14782287.0,6551820.5,True,True,True,True,True,True,True,True,True
Agent,Raw,cpm_gui_agent raw,20251214_160512,2,Video Streaming,True,False,True,-0.026275293927933152,1.0000506441079475,5000.0,5927296.0,3,2,0.6666666666666666,1535.0,1908.0,6,4,0.6666666666666666,6653995.0,6053584.5,True,True,True,True,True,True,False,True,True
Agent,Raw,cpm_gui_agent raw,20251214_160652,2,Video Streaming,True,False,True,0.05281948424013825,1.0000506441079475,5000.0,5927296.0,3,3,1.0,2297.0,2308.0,5,5,1.0,14117405.0,6551468.0,True,True,True,True,True,True,True,True,True
Agent,Raw,cpm_gui_agent raw,20251214_160832,2,Video Streaming,True,False,True,1.0000506441079473,1.0000506441079475,5000.0,5927296.0,6,6,1.0,394.0,2018.0,5,5,1.0,17032306.0,7523939.0,True,True,True,True,True,True,True,True,True
Agent,Raw,cpm_gui_agent raw,20251214_161022,2,Video Streaming,True,False,True,0.8248949762472096,1.0000506441079475,5000.0,5927296.0,11,11,1.0,358.0,2385.0,11,7,0.6363636363636364,6209186.0,6086092.0,True,True,True,True,True,True,True,True,True
Agent,Raw,cpm_gui_agent raw,20251214_161232,2,Video Streaming,True,False,True,-0.12725548713698817,1.0000506441079475,5000.0,5927296.0,3,3,1.0,1228.0,2026.0,6,5,0.8333333333333334,6392627.0,6233383.0,True,True,True,True,True,True,True,True,True
Agent,Raw,cpm_gui_agent raw,20251214_161412,2,Video Streaming,True,False,True,-0.49011615182595475,1.0000506441079475,5000.0,5927296.0,2,2,1.0,1702.0,2511.0,10,6,0.6,6345457.0,5991011.5,True,True,True,True,True,True,False,True,True
Agent,Raw,cpm_gui_agent raw,20251214_161617,1,Shopping,True,False,True,1.0000506441079473,1.0000506441079475,5000.0,6008676.0,4,4,1.0,406.0,1288.5,3,2,0.6666666666666666,6448994.0,6132852.0,True,True,True,True,True,True,True,False,True
Agent,Raw,cpm_gui_agent raw,20251214_161737,1,Shopping,True,False,True,1.0000506441079473,1.0000506441079475,5000.0,6008676.0,8,8,1.0,353.0,1953.0,7,3,0.42857142857142855,17885049.0,5803854.0,True,True,True,True,True,True,True,True,True
Agent,Raw,cpm_gui_agent raw,20251214_162042,3,Trip Planning,True,False,True,1.0000506441079473,1.0000506441079475,5000.0,5957152.0,2,2,1.0,370.0,1441.0,1,1,1.0,12697699.0,12697699.0,True,True,True,True,False,True,False,False,False
Agent,Raw,cpm_gui_agent raw,20251214_162156,3,Trip Planning,True,False,True,1.0000506441079473,1.0000506441079475,5000.0,5957152.0,4,4,1.0,437.0,1540.0,3,2,0.6666666666666666,12593750.0,6657407.0,True,True,True,True,True,True,True,False,True
Agent,Raw,cpm_gui_agent raw,20251214_162321,3,Trip Planning,True,False,True,1.0000506441079473,1.0000506441079475,5000.0,5957152.0,9,9,1.0,359.0,1750.0,8,6,0.75,12940629.0,6075799.0,True,True,True,True,True,True,True,True,True
Agent,Raw,cpm_gui_agent raw,20251214_162516,3,Trip Planning,True,False,True,1.0000506441079473,1.0000506441079475,5000.0,5957152.0,2,2,1.0,371.0,1671.5,1,1,1.0,12759395.0,12759395.0,True,True,True,True,False,True,False,False,False
Agent,Raw,cpm_gui_agent raw,20251214_162631,3,Trip Planning,True,False,True,1.0000506441079473,1.0000506441079475,5000.0,5957152.0,5,5,1.0,746.0,2544.0,4,2,0.5,12714618.0,6310636.0,True,True,True,True,True,True,True,False,True
Agent,Raw,cpm_gui_agent raw,20251214_162801,3,Trip Planning,True,False,True,1.0000506441079473,1.0000506441079475,5000.0,5957152.0,10,9,0.9,379.0,1240.5,9,6,0.6666666666666666,12972162.0,6378195.0,True,True,True,True,True,True,True,True,True
Agent,Raw,cpm_gui_agent raw,20251214_163001,3,Trip Planning,True,False,True,0.7141521917480936,1.0000506441079475,5000.0,5957152.0,5,5,1.0,486.0,2445.0,5,5,1.0,13149566.0,6780066.0,True,True,True,True,True,True,True,True,True
Agent,Raw,cpm_gui_agent raw,20251214_163141,3,Trip Planning,True,False,True,1.0000506441079473,1.0000506441079475,5000.0,5957152.0,6,6,1.0,384.0,1120.0,5,4,0.8,13463880.0,6709972.0,True,True,True,True,True,True,True,True,True
Agent,Raw,cpm_gui_agent raw,20251214_163326,3,Trip Planning,True,False,True,0.7318923616715112,1.0000506441079475,5000.0,5957152.0,14,14,1.0,350.0,1121.5,15,14,0.9333333333333333,15067061.0,6938763.0,True,True,True,True,True,True,True,True,True
Agent,Raw,cpm_gui_agent raw,20251214_163622,3,Trip Planning,True,False,True,0.9936878713513108,1.0000506441079475,5000.0,5957152.0,264,264,1.0,341.0,1573.5,264,261,0.9886363636363636,11894377.0,6587856.5,True,True,True,True,True,True,True,True,True
Agent,Raw,cpm_gui_agent raw,20251214_170636,3,Trip Planning,True,False,True,0.9933853641605199,1.0000506441079475,5000.0,5957152.0,307,306,0.996742671009772,370.0,2013.0,307,88,0.28664495114006516,17765933.0,5816131.0,True,True,True,True,True,True,True,True,True
Agent,Raw,cpm_gui_agent raw,20251214_173748,3,Trip Planning,True,False,True,1.0000506441079473,1.0000506441079475,5000.0,5957152.0,218,215,0.9862385321100917,342.0,2232.0,217,60,0.2764976958525346,17801881.0,5897815.0,True,True,True,True,True,True,True,True,True
Agent,Raw,cpm_gui_agent raw,20251214_180022,3,Trip Planning,True,False,True,0.8195607795732741,1.0000506441079475,5000.0,5957152.0,17,16,0.9411764705882353,381.0,1305.0,18,17,0.9444444444444444,10538984.0,6354993.5,True,True,True,True,True,True,True,True,True
Agent,Raw,cpm_gui_agent raw,20251214_180435,3,Trip Planning,True,False,True,1.0000506441079473,1.0000506441079475,5000.0,5957152.0,13,12,0.9230769230769231,365.0,943.0,12,6,0.5,6673107.0,5963696.5,True,True,True,True,True,True,True,True,True
Agent,Raw,cpm_gui_agent raw,20251214_180650,4,Office & Learning,True,False,True,1.0000506441079473,1.0000506441079475,5000.0,5670071.0,4,4,1.0,496.0,1263.0,3,3,1.0,6369036.0,6150035.0,True,True,True,True,True,True,True,True,True
Agent,Raw,cpm_gui_agent raw,20251214_180810,4,Office & Learning,True,False,True,1.0000506441079473,1.0000506441079475,5000.0,5670071.0,3,3,1.0,836.0,3624.0,2,2,1.0,6327241.0,6139714.0,True,True,True,True,True,True,True,False,True
Agent,Raw,cpm_gui_agent raw,20251214_180925,4,Office & Learning,True,False,True,1.0000506441079473,1.0000506441079475,5000.0,5670071.0,19,19,1.0,373.0,1741.0,18,15,0.8333333333333334,6967807.0,5984206.0,True,True,True,True,True,True,True,True,True
Agent,Raw,cpm_gui_agent raw,20251214_181215,4,Office & Learning,True,False,True,1.0000506441079473,1.0000506441079475,5000.0,5670071.0,3,3,1.0,403.0,738.0,2,2,1.0,6462823.0,6193521.5,True,True,True,True,True,True,True,False,True
Agent,Raw,cpm_gui_agent raw,20251214_181330,4,Office & Learning,True,False,True,1.0000506441079473,1.0000506441079475,5000.0,5670071.0,8,7,0.875,423.0,2453.5,7,2,0.2857142857142857,13362600.0,5515231.0,True,True,True,True,True,True,True,False,True
Agent,Raw,cpm_gui_agent raw,20251214_181625,1,Shopping,True,False,True,1.0000506441079473,1.0000506441079475,5000.0,6008676.0,5,4,0.8,714.0,3600.0,4,4,1.0,15942865.0,6945310.5,True,True,True,True,True,True,True,True,True
Agent,Raw,cpm_gui_agent raw,20251214_181806,1,Shopping,True,False,True,0.6948717544322118,1.0000506441079475,5000.0,6008676.0,5,2,0.4,377.0,5676.0,5,5,1.0,14862735.0,7337530.0,True,True,True,True,True,True,False,True,True
Agent,Raw,cpm_gui_agent raw,20251214_181951,1,Shopping,True,False,True,0.9161811567376754,1.0000506441079475,5000.0,6008676.0,36,36,1.0,345.0,500.5,37,35,0.9459459459459459,15111493.0,8019049.0,True,True,True,True,True,True,True,True,True
Agent,Raw,cpm_gui_agent raw,20251214_182557,1,Shopping,True,False,True,1.0000506441079473,1.0000506441079475,5000.0,6008676.0,1,0,0.0,8622.0,8622.0,0,0,0.0,,,False,False,False,False,False,False,False,False,False
Agent,Raw,cpm_gui_agent raw,20251214_182707,1,Shopping,True,False,True,1.0000506441079473,1.0000506441079475,5000.0,6008676.0,2,1,0.5,4063.0,6968.5,1,1,1.0,6768872.0,6768872.0,True,True,True,False,False,False,False,False,False
Agent,Raw,cpm_gui_agent raw,20251214_182931,1,Shopping,True,False,True,1.0000506441079473,1.0000506441079475,5000.0,6008676.0,2,2,1.0,363.0,489.0,1,0,0.0,5722238.0,5722238.0,True,False,True,True,False,True,False,False,False
Agent,Raw,cpm_gui_agent raw,20251214_183041,1,Shopping,True,False,True,0.8425127762730908,1.0000506441079475,5000.0,6008676.0,7,7,1.0,358.0,1830.0,7,7,1.0,8097513.0,7010054.0,True,True,True,True,True,True,True,True,True
Agent,Raw,cpm_gui_agent raw,20251214_183233,1,Shopping,True,False,True,1.0000506441079473,1.0000506441079475,5000.0,6008676.0,1,1,1.0,969.0,969.0,0,0,0.0,,,True,False,True,False,False,False,False,False,False
Agent,Raw,cpm_gui_agent raw,20251214_183343,3,Trip Planning,True,False,True,1.0000506441079473,1.0000506441079475,5000.0,5957152.0,11,11,1.0,384.0,1048.0,10,7,0.7,15778509.0,6799418.5,True,True,True,True,True,True,True,True,True
Agent,Raw,cpm_gui_agent raw,20251214_183608,3,Trip Planning,True,False,True,1.0000506441079473,1.0000506441079475,5000.0,5957152.0,10,10,1.0,388.0,1542.0,9,5,0.5555555555555556,6801794.0,6296060.0,True,True,True,True,True,True,True,True,True
Agent,Raw,cpm_gui_agent raw,20251214_183808,3,Trip Planning,True,False,True,0.9887783961625399,1.0000506441079475,5000.0,5957152.0,160,152,0.95,365.0,2352.0,160,142,0.8875,7204530.0,6380585.0,True,True,True,True,True,True,True,True,True
Agent,Raw,cpm_gui_agent raw,20251214_185715,3,Trip Planning,True,False,True,1.0000506441079473,1.0000506441079475,5000.0,5957152.0,10,9,0.9,368.0,1864.5,9,7,0.7777777777777778,6798805.0,6084153.0,True,True,True,True,True,True,True,True,True
Agent,Raw,cpm_gui_agent raw,20251214_185915,3,Trip Planning,True,False,True,0.9829993678687682,1.0000506441079475,5000.0,5957152.0,97,96,0.9896907216494846,344.0,1014.0,97,41,0.422680412371134,7129746.0,5893599.0,True,True,True,True,True,True,True,True,True
Agent,Raw,cpm_gui_agent raw,20251214_190957,1,Shopping,True,False,True,1.0000506441079473,1.0000506441079475,5000.0,6008676.0,3,3,1.0,2415.0,3036.0,2,2,1.0,19250984.0,13134601.5,True,True,True,True,True,True,True,False,True
Agent,Raw,cpm_gui_agent raw,20251214_191126,1,Shopping,True,False,True,0.38898674854244253,1.0000506441079475,5000.0,6008676.0,4,2,0.5,395.0,5201.5,5,5,1.0,17526464.0,7352919.0,True,True,True,True,True,True,False,True,True
Agent,Raw,cpm_gui_agent raw,20251214_191317,1,Shopping,True,False,True,0.4655782490248812,1.0000506441079475,5000.0,6008676.0,17,15,0.8823529411764706,362.0,1756.0,24,23,0.9583333333333334,16923664.0,7101784.5,True,True,True,True,True,True,True,True,True
Agent,Raw,cpm_gui_agent raw,20251214_191717,1,Shopping,True,False,True,1.0000506441079473,1.0000506441079475,5000.0,6008676.0,2,2,1.0,2326.0,2641.5,1,1,1.0,15666549.0,15666549.0,True,True,True,True,False,True,False,False,False
Agent,Raw,cpm_gui_agent raw,20251214_191837,1,Shopping,True,False,True,1.0000506441079473,1.0000506441079475,5000.0,6008676.0,172,170,0.9883720930232558,348.0,554.0,171,171,1.0,17680992.0,6759089.0,True,True,True,True,True,True,True,True,True
Agent,Raw,cpm_gui_agent raw,20251214_193910,1,Shopping,True,False,True,1.0000506441079473,1.0000506441079475,5000.0,6008676.0,137,112,0.8175182481751825,354.0,622.0,136,125,0.9191176470588235,18208168.0,6497538.0,True,True,True,True,True,True,True,True,True
Agent,Raw,cpm_gui_agent raw,20251214_195507,1,Shopping,True,False,True,1.0000506441079473,1.0000506441079475,5000.0,6008676.0,2,2,1.0,394.0,1103.0,1,1,1.0,16696938.0,16696938.0,True,True,True,True,False,True,False,False,False
Agent,Raw,cpm_gui_agent raw,20251214_195627,1,Shopping,True,False,True,1.0000506441079473,1.0000506441079475,5000.0,6008676.0,9,7,0.7777777777777778,522.0,2641.0,8,6,0.75,16678479.0,6610337.5,True,True,True,True,True,True,True,True,True
Agent,Raw,cpm_gui_agent raw,20251214_195832,1,Shopping,True,False,True,1.0000506441079473,1.0000506441079475,5000.0,6008676.0,232,201,0.8663793103448276,356.0,631.5,231,229,0.9913419913419913,16243771.0,6469914.0,True,True,True,True,True,True,True,True,True
Agent,Raw,cpm_gui_agent raw,20251214_202449,4,Office & Learning,True,False,True,1.0000506441079473,1.0000506441079475,5000.0,5670071.0,2,2,1.0,370.0,1055.0,1,1,1.0,5727643.0,5727643.0,True,True,True,True,False,True,False,False,False
Agent,Raw,cpm_gui_agent raw,20251214_202549,4,Office & Learning,True,False,True,1.0000506441079473,1.0000506441079475,5000.0,5670071.0,4,4,1.0,382.0,959.0,3,1,0.3333333333333333,6060626.0,5588238.0,True,True,True,True,False,True,True,False,True
Agent,Raw,cpm_gui_agent raw,20251214_202714,4,Office & Learning,True,False,True,1.0000506441079473,1.0000506441079475,5000.0,5670071.0,321,313,0.9750778816199377,353.0,2050.0,320,146,0.45625,6803485.0,5634406.0,True,True,True,True,True,True,True,True,True
Agent,Raw,cpm_gui_agent raw,20251214_205825,4,Office & Learning,True,False,True,0.6491599087221952,1.0000506441079475,5000.0,5670071.0,8,8,1.0,355.0,2290.0,9,7,0.7777777777777778,6239071.0,5798220.0,True,True,True,True,True,True,True,True,True
Agent,Raw,cpm_gui_agent raw,20251214_210020,4,Office & Learning,True,False,True,-0.658514744826349,1.0000506441079475,5000.0,5670071.0,22,22,1.0,428.0,2020.5,128,123,0.9609375,6615758.0,5959656.5,True,True,True,True,True,True,True,True,True
Agent,Raw,cpm_gui_agent raw,20251214_211432,4,Office & Learning,True,False,True,0.24755069460270582,1.0000506441079475,5000.0,5670071.0,11,11,1.0,1136.0,2412.0,17,15,0.8823529411764706,6451887.0,6141310.0,True,True,True,True,True,True,True,True,True
Agent,Raw,cpm_gui_agent raw,20251214_211827,0,Social Media,True,False,True,1.0000506441079473,1.0000506441079475,5000.0,6311961.0,3,3,1.0,757.0,2517.0,2,1,0.5,14508631.0,10167179.5,True,True,True,True,False,True,True,False,True
Agent,Raw,cpm_gui_agent raw,20251214_212427,0,Social Media,True,False,True,1.0000506441079473,1.0000506441079475,5000.0,6311961.0,5,4,0.8,574.0,2207.0,4,3,0.75,16145611.0,6512106.5,True,True,True,True,True,True,True,True,True
Agent,Raw,cpm_gui_agent raw,20251214_212602,0,Social Media,True,False,True,1.0000506441079473,1.0000506441079475,5000.0,6311961.0,5,5,1.0,1264.0,2416.0,4,2,0.5,14815394.0,6206621.5,True,True,True,True,True,True,True,False,True
Agent,Raw,cpm_gui_agent raw,20251214_212737,0,Social Media,True,False,True,0.9099044204807611,1.0000506441079475,5000.0,6311961.0,15,15,1.0,352.0,2391.0,15,5,0.3333333333333333,18214497.0,6028720.0,True,True,True,True,True,True,True,True,True
Agent,Raw,cpm_gui_agent raw,20251214_213033,0,Social Media,True,False,True,1.0000506441079473,1.0000506441079475,5000.0,6311961.0,3,3,1.0,376.0,409.0,2,1,0.5,14689062.0,10410753.5,True,True,True,True,False,True,True,False,True
Agent,Raw,cpm_gui_agent raw,20251214_213152,0,Social Media,True,False,True,1.0000506441079473,1.0000506441079475,5000.0,6311961.0,2,2,1.0,1326.0,1441.5,1,1,1.0,6477033.0,6477033.0,True,True,True,True,False,True,False,False,False
Agent,Raw,cpm_gui_agent raw,20251214_213307,0,Social Media,True,False,True,0.7862789775172838,1.0000506441079475,5000.0,6311961.0,8,8,1.0,361.0,2643.5,8,5,0.625,20762515.0,6558201.0,True,True,True,True,True,True,True,True,True
Agent,Raw,cpm_gui_agent raw,20251214_213522,0,Social Media,True,False,True,1.0000506441079473,1.0000506441079475,5000.0,6311961.0,2,2,1.0,1936.0,2292.0,1,1,1.0,15143137.0,15143137.0,True,True,True,True,False,True,False,False,False
Agent,Raw,cpm_gui_agent raw,20251214_213642,0,Social Media,True,False,True,1.0000506441079473,1.0000506441079475,5000.0,6311961.0,3,3,1.0,376.0,3511.0,2,2,1.0,14393954.0,10614587.0,True,True,True,True,True,True,True,False,True
Agent,Raw,cpm_gui_agent raw,20251214_213807,0,Social Media,True,False,True,1.000050644107947,1.0000506441079475,5000.0,6311961.0,43,42,0.9767441860465116,415.0,2029.0,42,40,0.9523809523809523,18875694.0,6755372.5,True,True,True,True,True,True,True,True,True
Agent,Raw,cpm_gui_agent raw,20251214_214413,0,Social Media,True,False,True,0.47846351984641394,1.0000506441079475,5000.0,6311961.0,2,2,1.0,2103.0,2863.0,2,2,1.0,7225159.0,7216247.0,True,True,True,True,True,True,False,False,False
Agent,Raw,cpm_gui_agent raw,20251214_214528,0,Social Media,True,False,True,0.6661313855182086,1.0000506441079475,5000.0,6311961.0,10,9,0.9,547.0,2608.5,11,10,0.9090909090909091,8256795.0,7582757.0,True,True,True,True,True,True,True,True,True
Agent,Raw,cpm_gui_agent raw,20251214_214753,0,Social Media,True,False,True,1.0000506441079473,1.0000506441079475,5000.0,6311961.0,3,3,1.0,428.0,448.0,2,2,1.0,7918468.0,7740628.0,True,True,True,True,True,True,True,False,True
Agent,Raw,cpm_gui_agent raw,20251214_214913,4,Office & Learning,True,False,True,1.0000506441079473,1.0000506441079475,5000.0,5670071.0,1,1,1.0,455.0,455.0,0,0,0.0,,,True,False,True,False,False,False,False,False,False
Agent,Raw,cpm_gui_agent raw,20251214_215023,4,Office & Learning,True,False,True,1.0000506441079473,1.0000506441079475,5000.0,5670071.0,8,8,1.0,364.0,1863.5,7,7,1.0,13007348.0,6753996.0,True,True,True,True,True,True,True,True,True
Agent,Raw,cpm_gui_agent raw,20251214_215218,4,Office & Learning,True,False,True,1.0000506441079473,1.0000506441079475,5000.0,5670071.0,6,6,1.0,440.0,1905.5,5,4,0.8,12588666.0,6561236.0,True,True,True,True,True,True,True,True,True
Agent,Raw,cpm_gui_agent raw,20251214_215358,0,Social Media,True,False,True,0.8591735096554249,1.0000506441079475,5000.0,6311961.0,12,11,0.9166666666666666,365.0,684.0,12,4,0.3333333333333333,114916674.0,5858859.0,True,True,True,True,True,True,True,True,True
Agent,Raw,cpm_gui_agent raw,20251214_215807,0,Social Media,True,False,True,1.0000506441079473,1.0000506441079475,5000.0,6311961.0,10,10,1.0,357.0,622.5,9,4,0.4444444444444444,6686688.0,6090131.0,True,True,True,True,True,True,True,True,True
Agent,Raw,cpm_gui_agent raw,20251214_220005,0,Social Media,True,False,True,1.0000506441079473,1.0000506441079475,5000.0,6311961.0,1,1,1.0,2115.0,2115.0,0,0,0.0,,,True,False,True,False,False,False,False,False,False
Agent,Raw,open_autoglm_agent_raw,20260204_135751,1,Shopping,True,False,True,0.9995329004256659,0.9995329004256664,5000.0,6008676.0,16,16,1.0,370.0,1618.0,15,15,1.0,42520125.0,15863181.0,True,True,True,True,True,True,True,True,True
Agent,Raw,open_autoglm_agent_raw,20260204_141548,1,Shopping,True,True,True,1.0973906891251126,0.9995329004256664,5000.0,6008676.0,25,24,0.96,388.0,2769.0,27,27,1.0,39044452.0,14802580.0,True,True,True,True,True,True,True,True,True
Agent,Raw,open_autoglm_agent_raw,20260204_153227,1,Shopping,True,True,True,1.0826825806276545,0.9995329004256664,5000.0,6008676.0,8,8,1.0,366.0,886.5,8,8,1.0,29797314.0,20734979.0,True,True,True,True,True,True,True,True,True
Agent,Raw,open_autoglm_agent_raw,20260204_151537,1,Shopping,True,False,True,0.9995329004256661,0.9995329004256664,5000.0,6008676.0,11,10,0.9090909090909091,357.0,1736.0,10,10,1.0,42014502.0,15761105.5,True,True,True,True,True,True,True,True,True
Agent,Raw,open_autoglm_agent_raw,20260204_152026,1,Shopping,True,False,True,0.9995329004256661,0.9995329004256664,5000.0,6008676.0,11,10,0.9090909090909091,348.0,2158.0,10,10,1.0,48653987.0,14758857.5,True,True,True,True,True,True,True,True,True
Agent,Raw,open_autoglm_agent_raw,20260204_153703,1,Shopping,True,False,True,0.9995329004256659,0.9995329004256664,5000.0,6008676.0,8,8,1.0,359.0,1406.5,7,7,1.0,31183912.0,15626168.0,True,True,True,True,True,True,True,True,True
Agent,Raw,open_autoglm_agent_raw,20260204_154027,1,Shopping,True,True,True,1.282932926152767,0.9995329004256664,5000.0,6008676.0,11,8,0.7272727272727273,352.0,818.0,17,17,1.0,51303563.0,13937251.0,True,True,True,True,True,True,True,True,True
Agent,Raw,open_autoglm_agent_raw,20260204_154707,1,Shopping,True,False,True,0.9995329004256661,0.9995329004256664,5000.0,6008676.0,11,10,0.9090909090909091,438.0,1363.0,10,10,1.0,39033864.0,15706368.0,True,True,True,True,True,True,True,True,True
Agent,Raw,open_autoglm_agent_raw,20260204_155154,3,Trip Planning,True,True,True,1.2947821352272655,0.9995329004256664,5000.0,5957152.0,7,5,0.7142857142857143,1128.0,3064.0,12,12,1.0,38654644.0,23345289.5,True,True,True,True,True,True,True,True,True
Agent,Raw,open_autoglm_agent_raw,20260204_155957,3,Trip Planning,True,False,True,0.9995329004256661,0.9995329004256664,5000.0,5957152.0,20,17,0.85,362.0,1836.5,19,19,1.0,152179215.0,17236041.0,True,True,True,True,True,True,True,True,True
Agent,Raw,open_autoglm_agent_raw,20260204_162915,3,Trip Planning,True,True,True,1.1327284634063186,0.9995329004256664,5000.0,5957152.0,18,17,0.9444444444444444,373.0,2008.0,21,21,1.0,41205537.0,15842938.0,True,True,True,True,True,True,True,True,True
Agent,Raw,open_autoglm_agent_raw,20260204_163830,3,Trip Planning,True,True,True,1.028322640452303,0.9995329004256664,5000.0,5957152.0,23,21,0.9130434782608695,354.0,1436.0,23,23,1.0,55432212.0,15923618.0,True,True,True,True,True,True,True,True,True
Agent,Raw,open_autoglm_agent_raw,20260204_164737,3,Trip Planning,True,True,True,1.1446249427064277,0.9995329004256664,5000.0,5957152.0,11,10,0.9090909090909091,347.0,2213.0,78,78,1.0,71249313.0,13132724.0,True,True,True,True,True,True,True,True,True
Agent,Raw,open_autoglm_agent_raw,20260204_171427,2,Video Streaming,True,False,True,0.9995329004256659,0.9995329004256664,5000.0,5927296.0,4,3,0.75,385.0,483.0,3,3,1.0,39094847.0,17003661.0,True,True,True,True,True,True,True,True,True
Agent,Raw,open_autoglm_agent_raw,20260204_171737,2,Video Streaming,True,False,True,0.9995329004256659,0.9995329004256664,5000.0,5927296.0,4,4,1.0,359.0,380.0,3,3,1.0,39115769.0,16018034.0,True,True,True,True,True,True,True,True,True
Agent,Raw,open_autoglm_agent_raw,20260204_172028,2,Video Streaming,True,False,True,0.9995329004256659,0.9995329004256664,5000.0,5927296.0,5,5,1.0,379.0,1278.0,4,4,1.0,29468453.0,15561681.0,True,True,True,True,True,True,True,True,True
Agent,Raw,open_autoglm_agent_raw,20260204_172418,2,Video Streaming,True,True,True,1.3689278517162722,0.9995329004256664,5000.0,5927296.0,11,11,1.0,507.0,1856.0,22,22,1.0,16090746.0,13584938.0,True,True,True,True,True,True,True,True,True
Agent,Raw,open_autoglm_agent_raw,20260204_173136,2,Video Streaming,True,False,True,0.9995329004256659,0.9995329004256664,5000.0,5927296.0,4,4,1.0,465.0,940.5,3,3,1.0,61173459.0,37593315.0,True,True,True,True,True,True,True,True,True
Agent,Raw,open_autoglm_agent_raw,20260204_173452,2,Video Streaming,True,True,True,1.4560146602540784,0.9995329004256664,5000.0,5927296.0,10,10,1.0,334.0,2280.0,22,22,1.0,41950433.0,16262886.5,True,True,True,True,True,True,True,True,True
Agent,Raw,open_autoglm_agent_raw,20260204_174341,2,Video Streaming,True,True,True,1.0580114839288872,0.9995329004256664,5000.0,5927296.0,22,21,0.9545454545454546,350.0,430.0,23,23,1.0,99650218.0,25337264.0,True,True,True,True,True,True,True,True,True
Agent,Raw,open_autoglm_agent_raw,20260204_181741,2,Video Streaming,True,True,True,1.2526019875192616,0.9995329004256664,5000.0,5927296.0,18,18,1.0,404.0,1762.5,26,26,1.0,25453279.0,14858630.0,True,True,True,True,True,True,True,True,True
Agent,Raw,open_autoglm_agent_raw,20260204_182609,2,Video Streaming,True,True,True,1.0455287464097482,0.9995329004256664,5000.0,5927296.0,86,84,0.9767441860465116,341.0,459.5,97,97,1.0,21801473.0,17016783.0,True,True,True,True,True,True,True,True,True
Agent,Raw,open_autoglm_agent_raw,20260204_185608,2,Video Streaming,True,True,True,1.1261134158385329,0.9995329004256664,5000.0,5927296.0,9,9,1.0,373.0,2189.0,13,13,1.0,46899706.0,16329474.0,True,True,True,True,True,True,True,True,True
Agent,Raw,open_autoglm_agent_raw,20260204_190158,2,Video Streaming,True,False,True,0.9995329004256659,0.9995329004256664,5000.0,5927296.0,2,1,0.5,725.0,6275.5,1,1,1.0,39603561.0,39603561.0,True,True,True,False,False,False,False,False,False
Agent,Raw,open_autoglm_agent_raw,20260204_190415,2,Video Streaming,True,False,True,0.9995329004256659,0.9995329004256664,5000.0,5927296.0,6,6,1.0,458.0,1749.0,5,5,1.0,37958929.0,14076530.0,True,True,True,True,True,True,True,True,True
Agent,Raw,open_autoglm_agent_raw,20260204_190724,2,Video Streaming,True,False,True,0.9995329004256661,0.9995329004256664,5000.0,5927296.0,11,11,1.0,367.0,447.0,10,10,1.0,38905293.0,14397686.5,True,True,True,True,True,True,True,True,True
Agent,Raw,open_autoglm_agent_raw,20260204_191218,2,Video Streaming,True,True,True,1.5150846574044285,0.9995329004256664,5000.0,5927296.0,4,4,1.0,1039.0,1457.5,9,9,1.0,27428371.0,14771950.0,True,True,True,True,True,True,True,True,True
Agent,Raw,open_autoglm_agent_raw,20260204_191632,2,Video Streaming,True,True,True,1.027641984073791,0.9995329004256664,5000.0,5927296.0,95,94,0.9894736842105263,375.0,2258.0,99,99,1.0,16454223.0,14083911.0,True,True,True,True,True,True,True,True,True
Agent,Raw,open_autoglm_agent_raw,20260204_194134,2,Video Streaming,True,True,True,1.048877183626956,0.9995329004256664,5000.0,5927296.0,86,86,1.0,363.0,2309.5,93,93,1.0,41562112.0,13978078.0,True,True,True,True,True,True,True,True,True
Agent,Raw,open_autoglm_agent_raw,20260204_200635,2,Video Streaming,True,False,True,0.9995329004256659,0.9995329004256664,5000.0,5927296.0,1,1,1.0,2201.0,2201.0,0,0,0.0,,,True,False,True,False,False,False,False,False,False
Agent,Raw,open_autoglm_agent_raw,20260204_200814,2,Video Streaming,True,False,True,0.9995329004256659,0.9995329004256664,5000.0,5927296.0,4,4,1.0,388.0,625.5,3,3,1.0,15373117.0,14072288.0,True,True,True,True,True,True,True,True,True
Agent,Raw,open_autoglm_agent_raw,20260204_201050,2,Video Streaming,True,True,True,1.1284831454097781,0.9995329004256664,5000.0,5927296.0,14,13,0.9285714285714286,353.0,719.0,16,16,1.0,41987190.0,14547616.0,True,True,True,True,True,True,True,True,True
Agent,Raw,open_autoglm_agent_raw,20260204_201717,1,Shopping,True,False,True,0.9995329004256659,0.9995329004256664,5000.0,6008676.0,1,0,0.0,10045.0,10045.0,0,0,0.0,,,False,False,False,False,False,False,False,False,False
Agent,Raw,open_autoglm_agent_raw,20260204_201908,1,Shopping,True,False,True,0.9995329004256661,0.9995329004256664,5000.0,6008676.0,30,29,0.9666666666666667,367.0,1839.5,29,29,1.0,37888376.0,13440316.0,True,True,True,True,True,True,True,True,True
Agent,Raw,open_autoglm_agent_raw,20260204_202902,1,Shopping,True,True,True,1.0333260893330622,0.9995329004256664,5000.0,6008676.0,86,82,0.9534883720930233,352.0,2049.0,89,89,1.0,51733803.0,12810953.0,True,True,True,True,True,True,True,True,True
Agent,Raw,open_autoglm_agent_raw,20260204_205325,3,Trip Planning,True,False,True,0.9995329004256659,0.9995329004256664,5000.0,5957152.0,2,2,1.0,373.0,1539.5,1,1,1.0,12958552.0,12958552.0,True,True,True,True,False,True,False,False,False
Agent,Raw,open_autoglm_agent_raw,20260204_205535,3,Trip Planning,True,False,True,0.9995329004256659,0.9995329004256664,5000.0,5957152.0,5,5,1.0,384.0,487.0,4,4,1.0,38806255.0,21769759.5,True,True,True,True,True,True,True,True,True
Agent,Raw,open_autoglm_agent_raw,20260204_205852,3,Trip Planning,True,False,True,0.9995329004256659,0.9995329004256664,5000.0,5957152.0,4,4,1.0,1646.0,2234.5,3,3,1.0,15342189.0,14939301.0,True,True,True,True,True,True,True,True,True
Agent,Raw,open_autoglm_agent_raw,20260204_210220,3,Trip Planning,True,False,True,0.9995329004256659,0.9995329004256664,5000.0,5957152.0,2,2,1.0,375.0,1257.5,1,1,1.0,39928615.0,39928615.0,True,True,True,True,False,True,False,False,False
Agent,Raw,open_autoglm_agent_raw,20260204_210437,3,Trip Planning,True,False,True,0.9995329004256659,0.9995329004256664,5000.0,5957152.0,4,4,1.0,407.0,2617.0,3,3,1.0,39315878.0,14736716.0,True,True,True,True,True,True,True,True,True
Agent,Raw,open_autoglm_agent_raw,20260204_210721,3,Trip Planning,True,True,True,1.009000082871629,0.9995329004256664,5000.0,5957152.0,97,96,0.9896907216494846,351.0,993.0,97,97,1.0,39968552.0,13553286.0,True,True,True,True,True,True,True,True,True
Agent,Raw,open_autoglm_agent_raw,20260204_213130,3,Trip Planning,True,False,True,0.9995329004256659,0.9995329004256664,5000.0,5957152.0,5,5,1.0,1197.0,1953.0,4,4,1.0,27502885.0,14399987.5,True,True,True,True,True,True,True,True,True
Agent,Raw,open_autoglm_agent_raw,20260204_213426,3,Trip Planning,True,False,True,0.9995329004256659,0.9995329004256664,5000.0,5957152.0,6,5,0.8333333333333334,399.0,2078.5,5,5,1.0,38134381.0,13184552.0,True,True,True,True,True,True,True,True,True
Agent,Raw,open_autoglm_agent_raw,20260204_213710,3,Trip Planning,True,True,True,1.463182865125747,0.9995329004256664,5000.0,5957152.0,29,28,0.9655172413793104,386.0,2240.0,86,86,1.0,40168373.0,14302039.0,True,True,True,True,True,True,True,True,True
Agent,Raw,open_autoglm_agent_raw,20260204_220331,3,Trip Planning,True,False,True,0.9995329004256659,0.9995329004256664,5000.0,5957152.0,2,2,1.0,445.0,603.0,1,1,1.0,26654522.0,26654522.0,True,True,True,True,False,True,False,False,False
Agent,Raw,open_autoglm_agent_raw,20260204_220601,3,Trip Planning,True,True,True,1.0762098836901024,0.9995329004256664,5000.0,5957152.0,10,10,1.0,353.0,953.0,10,10,1.0,26757774.0,12935688.0,True,True,True,True,True,True,True,True,True
Agent,Raw,open_autoglm_agent_raw,20260204_221009,3,Trip Planning,True,True,True,1.0219674983909612,0.9995329004256664,5000.0,5957152.0,16,16,1.0,368.0,1727.5,16,16,1.0,30494694.0,13797245.5,True,True,True,True,True,True,True,True,True
Agent,Raw,open_autoglm_agent_raw,20260204_221654,3,Trip Planning,True,False,True,0.9995329004256659,0.9995329004256664,5000.0,5957152.0,2,2,1.0,1386.0,1907.5,1,1,1.0,27750344.0,27750344.0,True,True,True,True,False,True,False,False,False
Agent,Raw,open_autoglm_agent_raw,20260204_221917,3,Trip Planning,True,False,True,0.9995329004256659,0.9995329004256664,5000.0,5957152.0,8,8,1.0,344.0,1420.0,7,7,1.0,28867812.0,13816385.0,True,True,True,True,True,True,True,True,True
Agent,Raw,open_autoglm_agent_raw,20260204_222246,3,Trip Planning,True,True,True,1.0221583152314406,0.9995329004256664,5000.0,5957152.0,14,14,1.0,368.0,1050.5,14,14,1.0,35288116.0,14540065.5,True,True,True,True,True,True,True,True,True
Agent,Raw,open_autoglm_agent_raw,20260204_222824,4,Office & Learning,True,False,True,0.9995329004256659,0.9995329004256664,5000.0,5670071.0,5,5,1.0,465.0,547.0,4,4,1.0,15411531.0,13311783.5,True,True,True,True,True,True,True,True,True
Agent,Raw,open_autoglm_agent_raw,20260204_223054,4,Office & Learning,True,True,True,1.5111706428963232,0.9995329004256664,5000.0,5670071.0,19,19,1.0,769.0,2346.0,60,60,1.0,24917919.0,13740365.0,True,True,True,True,True,True,True,True,True
Agent,Raw,open_autoglm_agent_raw,20260204_224720,4,Office & Learning,True,True,True,1.3572735236473799,0.9995329004256664,5000.0,5670071.0,11,11,1.0,355.0,2578.0,33,33,1.0,15465110.0,13612800.0,True,True,True,True,True,True,True,True,True
Agent,Raw,open_autoglm_agent_raw,20260204_225654,4,Office & Learning,True,False,True,0.9995329004256659,0.9995329004256664,5000.0,5670071.0,4,3,0.75,1192.0,3103.5,3,3,1.0,14304643.0,13948242.0,True,True,True,True,True,True,True,True,True
Agent,Raw,open_autoglm_agent_raw,20260204_225911,4,Office & Learning,True,False,True,0.9995329004256659,0.9995329004256664,5000.0,5670071.0,7,7,1.0,539.0,2455.0,6,6,1.0,13259928.0,13172754.5,True,True,True,True,True,True,True,True,True
Agent,Raw,open_autoglm_agent_raw,20260204_230200,4,Office & Learning,True,False,True,0.9995329004256662,0.9995329004256664,5000.0,5670071.0,12,10,0.8333333333333334,799.0,2333.5,11,11,1.0,17307989.0,13808271.0,True,True,True,True,True,True,True,True,True
Agent,Raw,open_autoglm_agent_raw,20260204_230615,1,Shopping,True,False,True,0.9995329004256659,0.9995329004256664,5000.0,6008676.0,4,3,0.75,394.0,2463.5,3,3,1.0,40759592.0,17152180.0,True,True,True,True,True,True,True,True,True
Agent,Raw,open_autoglm_agent_raw,20260204_230919,1,Shopping,True,True,True,1.2006692177897436,0.9995329004256664,5000.0,6008676.0,4,4,1.0,360.0,371.0,4,4,1.0,27608797.0,15369962.5,True,True,True,True,True,True,True,True,True
Agent,Raw,open_autoglm_agent_raw,20260204_235240,1,Shopping,True,False,True,0.9995329004256659,0.9995329004256664,5000.0,6008676.0,2,1,0.5,3021.0,6893.0,1,1,1.0,28252495.0,28252495.0,True,True,True,False,False,False,False,False,False
Agent,Raw,open_autoglm_agent_raw,20260204_235451,1,Shopping,True,True,True,1.222043418498072,0.9995329004256664,5000.0,6008676.0,6,5,0.8333333333333334,402.0,749.0,8,8,1.0,40871370.0,21812456.0,True,True,True,True,True,True,True,True,True
Agent,Raw,open_autoglm_agent_raw,20260204_235945,1,Shopping,True,True,True,1.1493427950105886,0.9995329004256664,5000.0,6008676.0,10,9,0.9,355.0,1458.5,13,13,1.0,44712280.0,14587647.0,True,True,True,True,True,True,True,True,True
Agent,Raw,open_autoglm_agent_raw,20260205_000558,1,Shopping,True,False,True,0.9995329004256659,0.9995329004256664,5000.0,6008676.0,2,2,1.0,1352.0,2436.0,1,1,1.0,13516884.0,13516884.0,True,True,True,True,False,True,False,False,False
Agent,Raw,open_autoglm_agent_raw,20260205_001328,3,Trip Planning,True,False,True,0.9995329004256659,0.9995329004256664,5000.0,5957152.0,2,1,0.5,344.0,4439.0,1,1,1.0,14455828.0,14455828.0,True,True,True,False,False,False,False,False,False
Agent,Raw,open_autoglm_agent_raw,20260205_001525,3,Trip Planning,True,False,True,0.9995329004256659,0.9995329004256664,5000.0,5957152.0,6,6,1.0,364.0,890.0,5,5,1.0,14635598.0,14319496.0,True,True,True,True,True,True,True,True,True
Agent,Raw,open_autoglm_agent_raw,20260205_001814,3,Trip Planning,True,True,True,1.0073617576033023,0.9995329004256664,5000.0,5957152.0,97,96,0.9896907216494846,352.0,592.0,97,97,1.0,41007962.0,13598234.0,True,True,True,True,True,True,True,True,True
Agent,Raw,open_autoglm_agent_raw,20260205_004244,1,Shopping,True,False,True,0.9995329004256659,0.9995329004256664,5000.0,6008676.0,2,2,1.0,416.0,1198.0,1,1,1.0,39997907.0,39997907.0,True,True,True,True,False,True,False,False,False
Agent,Raw,open_autoglm_agent_raw,20260205_004508,1,Shopping,True,True,True,1.1031256199390094,0.9995329004256664,5000.0,6008676.0,5,4,0.8,373.0,2070.0,5,5,1.0,15045105.0,14268066.0,True,True,True,True,True,True,True,True,True
Agent,Raw,open_autoglm_agent_raw,20260205_004758,1,Shopping,True,True,True,1.0351107501482748,0.9995329004256664,5000.0,6008676.0,9,8,0.8888888888888888,359.0,639.0,9,9,1.0,39806944.0,15324767.0,True,True,True,True,True,True,True,True,True
Agent,Raw,open_autoglm_agent_raw,20260205_005225,1,Shopping,True,False,True,0.9995329004256659,0.9995329004256664,5000.0,6008676.0,2,2,1.0,568.0,1384.0,1,1,1.0,38869406.0,38869406.0,True,True,True,True,False,True,False,False,False
Agent,Raw,open_autoglm_agent_raw,20260205_005442,1,Shopping,True,False,True,0.9995329004256659,0.9995329004256664,5000.0,6008676.0,5,4,0.8,360.0,771.0,4,4,1.0,38880263.0,17091217.5,True,True,True,True,True,True,True,True,True
Agent,Raw,open_autoglm_agent_raw,20260205_005752,1,Shopping,True,False,True,0.9995329004256659,0.9995329004256664,5000.0,6008676.0,8,7,0.875,347.0,398.0,7,7,1.0,38395514.0,15469315.0,True,True,True,True,True,True,True,True,True
Agent,Raw,open_autoglm_agent_raw,20260205_010154,1,Shopping,True,False,True,0.9995329004256659,0.9995329004256664,5000.0,6008676.0,3,3,1.0,813.0,4088.0,2,2,1.0,39079358.0,26947263.0,True,True,True,True,True,True,True,False,True
Agent,Raw,open_autoglm_agent_raw,20260205_010424,1,Shopping,True,False,True,0.9995329004256659,0.9995329004256664,5000.0,6008676.0,5,5,1.0,413.0,539.0,4,4,1.0,40921236.0,17060080.5,True,True,True,True,True,True,True,True,True
Agent,Raw,open_autoglm_agent_raw,20260205_010734,1,Shopping,True,False,True,0.9995329004256659,0.9995329004256664,5000.0,6008676.0,7,6,0.8571428571428571,362.0,1329.0,6,6,1.0,38630302.0,14760333.0,True,True,True,True,True,True,True,True,True
Agent,Raw,open_autoglm_agent_raw,20260205_011102,4,Office & Learning,True,False,True,0.9995329004256659,0.9995329004256664,5000.0,5670071.0,2,2,1.0,2028.0,2851.0,1,1,1.0,12593139.0,12593139.0,True,True,True,True,False,True,False,False,False
Agent,Raw,open_autoglm_agent_raw,20260205_011251,4,Office & Learning,True,False,True,0.9995329004256656,0.9995329004256664,5000.0,5670071.0,46,45,0.9782608695652174,348.0,1965.5,45,45,1.0,49547658.0,12814488.0,True,True,True,True,True,True,True,True,True
Agent,Raw,open_autoglm_agent_raw,20260205_012632,4,Office & Learning,True,False,True,0.9995329004256654,0.9995329004256664,5000.0,5670071.0,47,47,1.0,414.0,2195.0,46,46,1.0,13821810.0,12423840.5,True,True,True,True,True,True,True,True,True
Agent,Raw,open_autoglm_agent_raw,20260205_014758,0,Social Media,True,False,True,0.9995329004256661,0.9995329004256664,5000.0,6311961.0,89,88,0.9887640449438202,343.0,1142.0,88,88,1.0,27374471.0,13140451.0,True,True,True,True,True,True,True,True,True
Agent,Raw,open_autoglm_agent_raw,20260205_021102,0,Social Media,True,True,True,1.0762049048899225,0.9995329004256664,5000.0,6311961.0,82,79,0.9634146341463414,345.0,977.0,96,96,1.0,39144701.0,13388072.0,True,True,True,True,True,True,True,True,True
Agent,Raw,open_autoglm_agent_raw,20260205_023459,0,Social Media,True,True,True,1.0047845207231927,0.9995329004256664,5000.0,6311961.0,81,78,0.9629629629629629,352.0,874.0,81,81,1.0,41553691.0,13345217.0,True,True,True,True,True,True,True,True,True
Agent,Raw,open_autoglm_agent_raw,20260205_025843,0,Social Media,True,False,True,0.9995329004256659,0.9995329004256664,5000.0,6311961.0,5,5,1.0,361.0,2138.0,4,4,1.0,37812370.0,13282529.0,True,True,True,True,True,True,True,True,True
Agent,Raw,open_autoglm_agent_raw,20260205_030134,0,Social Media,True,False,True,0.9995329004256659,0.9995329004256664,5000.0,6311961.0,6,6,1.0,532.0,1319.0,5,5,1.0,37464295.0,14812720.0,True,True,True,True,True,True,True,True,True
Agent,Raw,open_autoglm_agent_raw,20260205_030456,0,Social Media,True,True,True,1.1689851767297508,0.9995329004256664,5000.0,6311961.0,12,12,1.0,382.0,1289.0,14,14,1.0,37916485.0,13521206.0,True,True,True,True,True,True,True,True,True
Agent,Raw,open_autoglm_agent_raw,20260205_031048,0,Social Media,True,False,True,0.9995329004256659,0.9995329004256664,5000.0,6311961.0,3,3,1.0,2157.0,2399.0,2,2,1.0,36941912.0,25202407.0,True,True,True,True,True,True,True,False,True
Agent,Raw,open_autoglm_agent_raw,20260205_031311,0,Social Media,True,False,True,0.9995329004256659,0.9995329004256664,5000.0,6311961.0,2,2,1.0,378.0,1532.0,1,1,1.0,13505812.0,13505812.0,True,True,True,True,False,True,False,False,False
Agent,Raw,open_autoglm_agent_raw,20260205_031713,0,Social Media,True,False,True,0.9995329004256659,0.9995329004256664,5000.0,6311961.0,5,5,1.0,872.0,1649.0,4,4,1.0,37168622.0,14659467.5,True,True,True,True,True,True,True,True,True
Agent,Raw,open_autoglm_agent_raw,20260205_032016,0,Social Media,True,True,True,1.3035445389163773,0.9995329004256664,5000.0,6311961.0,6,6,1.0,2058.0,2925.5,12,12,1.0,28128111.0,15218271.0,True,True,True,True,True,True,True,True,True
Agent,Raw,open_autoglm_agent_raw,20260205_032608,0,Social Media,True,False,True,0.9995329004256662,0.9995329004256664,5000.0,6311961.0,12,12,1.0,1027.0,1664.0,11,11,1.0,37553169.0,13934710.0,True,True,True,True,True,True,True,True,True
Agent,Raw,open_autoglm_agent_raw,20260205_033102,0,Social Media,True,True,True,1.1474935865361182,0.9995329004256664,5000.0,6311961.0,17,17,1.0,358.0,1795.0,20,20,1.0,52707099.0,16349926.5,True,True,True,True,True,True,True,True,True
Agent,Raw,open_autoglm_agent_raw,20260205_034023,0,Social Media,True,True,True,1.1171068302474134,0.9995329004256664,5000.0,6311961.0,5,5,1.0,630.0,946.0,5,5,1.0,29549927.0,18559139.0,True,True,True,True,True,True,True,True,True
Agent,Raw,open_autoglm_agent_raw,20260205_034346,0,Social Media,True,False,True,0.9995329004256661,0.9995329004256664,5000.0,6311961.0,11,11,1.0,352.0,390.0,10,10,1.0,18401434.0,16418775.0,True,True,True,True,True,True,True,True,True
Agent,Raw,open_autoglm_agent_raw,20260205_034813,4,Office & Learning,True,False,True,0.9995329004256659,0.9995329004256664,5000.0,5670071.0,4,4,1.0,350.0,2122.0,3,3,1.0,36950689.0,13631488.0,True,True,True,True,True,True,True,True,True
Agent,Raw,open_autoglm_agent_raw,20260205_035050,4,Office & Learning,True,False,True,0.9995329004256659,0.9995329004256664,5000.0,5670071.0,6,6,1.0,1198.0,1698.5,5,5,1.0,38299499.0,14394715.0,True,True,True,True,True,True,True,True,True
Agent,Raw,open_autoglm_agent_raw,20260205_035504,0,Social Media,True,False,True,0.9995329004256659,0.9995329004256664,5000.0,6311961.0,1,1,1.0,1227.0,1227.0,0,0,0.0,,,True,False,True,False,False,False,False,False,False
Agent,Raw,open_autoglm_agent_raw,20260205_035943,0,Social Media,True,True,True,1.2743717963563532,0.9995329004256664,5000.0,6311961.0,2,2,1.0,485.0,726.5,2,2,1.0,80791606.0,55344653.5,True,True,True,True,True,True,False,False,False
Agent,B-spline,ui-tars no humanity,20250923_145342,1,Shopping,True,False,True,0.6517098017003973,0.9998944296157402,5000.0,6008676.0,6,4,0.6666666666666666,1018.0,3009.0,20,10,0.5,14965272.0,5944629.0,True,True,True,True,True,True,True,True,True
Agent,B-spline,ui-tars no humanity,20250924_202009,1,Shopping,True,False,True,0.9998944296157398,0.9998944296157402,5000.0,6008676.0,22,22,1.0,361.0,1382.0,21,21,1.0,28982262.0,10069869.0,True,True,True,True,True,True,True,True,True
Agent,B-spline,ui-tars no humanity,20250924_202636,1,Shopping,True,False,True,0.9998944296157398,0.9998944296157402,5000.0,6008676.0,13,13,1.0,366.0,1948.0,12,12,1.0,17720903.0,10438111.0,True,True,True,True,True,True,True,True,True
Agent,B-spline,ui-tars no humanity,20250923_150928,1,Shopping,True,False,True,0.9998944296157398,0.9998944296157402,5000.0,6008676.0,11,10,0.9090909090909091,377.0,1901.0,10,10,1.0,19976318.0,10255467.0,True,True,True,True,True,True,True,True,True
Agent,B-spline,ui-tars no humanity,20250924_202945,1,Shopping,True,False,True,0.9315192499849788,0.9998944296157402,5000.0,6008676.0,8,8,1.0,374.0,914.5,9,9,1.0,22919377.0,15451513.0,True,True,True,True,True,True,True,True,True
Agent,B-spline,ui-tars no humanity,20250924_203229,1,Shopping,True,False,True,0.9998944296157399,0.9998944296157402,5000.0,6008676.0,4,4,1.0,352.0,1213.5,3,3,1.0,8166787.0,7950465.0,True,True,True,True,True,True,True,True,True
Agent,B-spline,ui-tars no humanity,20250924_203327,1,Shopping,True,False,True,0.9998944296157399,0.9998944296157402,5000.0,6008676.0,9,9,1.0,351.0,397.0,8,8,1.0,8707195.0,7610806.5,True,True,True,True,True,True,True,True,True
Agent,B-spline,ui-tars no humanity,20250924_203506,1,Shopping,True,False,True,0.9998944296157399,0.9998944296157402,5000.0,6008676.0,9,9,1.0,362.0,1553.0,8,8,1.0,18078904.0,12191750.0,True,True,True,True,True,True,True,True,True
Agent,B-spline,ui-tars no humanity,20251004_131252,3,Trip Planning,True,False,True,0.8133624276390172,0.9998944296157402,5000.0,5957152.0,13,13,1.0,381.0,1097.0,24,14,0.5833333333333334,22897058.0,7011891.0,True,True,True,True,True,True,True,True,True
Agent,B-spline,ui-tars no humanity,20250921_193913,3,Trip Planning,True,False,True,0.7186334159660893,0.9998944296157402,5000.0,5957152.0,10,9,0.9,367.0,832.5,12,10,0.8333333333333334,16357493.0,14075810.5,True,True,True,True,True,True,True,True,True
Agent,B-spline,ui-tars no humanity,20250924_204450,3,Trip Planning,True,False,True,0.7994962146713559,0.9998944296157402,5000.0,5957152.0,5,5,1.0,384.0,1759.0,6,6,1.0,31055791.0,9916384.5,True,True,True,True,True,True,True,True,True
Agent,B-spline,ui-tars no humanity,20250924_204726,3,Trip Planning,True,False,True,0.8742686408994046,0.9998944296157402,5000.0,5957152.0,8,7,0.875,603.0,2059.5,12,12,1.0,58219254.0,8750015.5,True,True,True,True,True,True,True,True,True
Agent,B-spline,ui-tars no humanity,20250924_205228,3,Trip Planning,True,False,True,0.8736218832349542,0.9998944296157402,5000.0,5957152.0,7,7,1.0,1091.0,1809.0,9,9,1.0,30133822.0,8814507.0,True,True,True,True,True,True,True,True,True
Agent,B-spline,ui-tars no humanity,20251004_100544,2,Video Streaming,True,False,True,0.9998944296157399,0.9998944296157402,5000.0,5927296.0,2,2,1.0,1080.0,1982.0,1,1,1.0,27617348.0,27617348.0,True,True,True,True,False,True,False,False,False
Agent,B-spline,ui-tars no humanity,20251004_122354,2,Video Streaming,True,False,True,0.99989442961574,0.9998944296157402,5000.0,5927296.0,3,3,1.0,347.0,744.0,2,2,1.0,22433481.0,17905657.5,True,True,True,True,True,True,True,False,True
Agent,B-spline,ui-tars no humanity,20250923_151632,2,Video Streaming,True,False,True,0.9998944296157399,0.9998944296157402,5000.0,5927296.0,5,4,0.8,366.0,867.0,4,4,1.0,24935621.0,11704947.0,True,True,True,True,True,True,True,True,True
Agent,B-spline,ui-tars no humanity,20250924_205530,2,Video Streaming,True,True,True,1.0131294613729835,0.9998944296157402,5000.0,5927296.0,9,7,0.7777777777777778,376.0,1148.0,9,9,1.0,16482432.0,13556745.0,True,True,True,True,True,True,True,True,True
Agent,B-spline,ui-tars no humanity,20250924_205811,2,Video Streaming,True,False,True,0.9998944296157399,0.9998944296157402,5000.0,5927296.0,5,5,1.0,1147.0,2430.0,4,4,1.0,34198111.0,7736206.5,True,True,True,True,True,True,True,True,True
Agent,B-spline,ui-tars no humanity,20250923_151943,2,Video Streaming,True,False,True,0.9998944296157399,0.9998944296157402,5000.0,5927296.0,5,3,0.6,785.0,4263.0,4,3,0.75,18862944.0,14394861.5,True,True,True,True,True,True,True,True,True
Agent,B-spline,ui-tars no humanity,20250924_210008,2,Video Streaming,True,False,True,0.7699247599306691,0.9998944296157402,5000.0,5927296.0,21,21,1.0,350.0,565.0,51,50,0.9803921568627451,21084720.0,8382965.0,True,True,True,True,True,True,True,True,True
Agent,B-spline,ui-tars no humanity,20250924_210901,2,Video Streaming,True,False,True,0.9998944296157398,0.9998944296157402,5000.0,5927296.0,14,14,1.0,365.0,1264.5,13,13,1.0,17039338.0,9679877.0,True,True,True,True,True,True,True,True,True
Agent,B-spline,ui-tars no humanity,20250924_211217,2,Video Streaming,True,False,True,0.8490486489683882,0.9998944296157402,5000.0,5927296.0,7,7,1.0,367.0,1797.0,8,8,1.0,16795937.0,8569240.5,True,True,True,True,True,True,True,True,True
Agent,B-spline,ui-tars no humanity,20250924_211434,2,Video Streaming,True,False,True,0.9051191488263648,0.9998944296157402,5000.0,5927296.0,29,24,0.8275862068965517,331.0,1223.0,40,39,0.975,19967236.0,9038542.5,True,True,True,True,True,True,True,True,True
Agent,B-spline,ui-tars no humanity,20250924_212156,2,Video Streaming,True,False,True,0.99989442961574,0.9998944296157402,5000.0,5927296.0,3,3,1.0,679.0,1585.0,2,2,1.0,12985143.0,10796787.0,True,True,True,True,True,True,True,False,True
Agent,B-spline,ui-tars no humanity,20251202_133819,2,Video Streaming,True,False,True,0.9998944296157399,0.9998944296157402,5000.0,5927296.0,2,2,1.0,1416.0,1794.5,1,1,1.0,18105805.0,18105805.0,True,True,True,True,False,True,False,False,False
Agent,B-spline,ui-tars no humanity,20251202_133944,2,Video Streaming,True,False,True,0.9998944296157399,0.9998944296157402,5000.0,5927296.0,5,5,1.0,367.0,1722.0,4,4,1.0,33699545.0,10697208.0,True,True,True,True,True,True,True,True,True
Agent,B-spline,ui-tars no humanity,20251202_134205,2,Video Streaming,True,False,True,0.9998944296157398,0.9998944296157402,5000.0,5927296.0,12,12,1.0,352.0,1321.5,11,11,1.0,17412216.0,9294758.0,True,True,True,True,True,True,True,True,True
Agent,B-spline,ui-tars no humanity,20251202_134516,2,Video Streaming,True,False,True,0.6863057382642053,0.9998944296157402,5000.0,5927296.0,2,2,1.0,471.0,1437.0,6,6,1.0,10242566.0,7951745.5,True,True,True,True,True,True,False,True,True
Agent,B-spline,ui-tars no humanity,20251202_134706,2,Video Streaming,True,False,True,0.6325890170965917,0.9998944296157402,5000.0,5927296.0,1,1,1.0,1135.0,1135.0,4,4,1.0,13834330.0,7963289.0,True,True,True,False,True,True,False,True,True
Agent,B-spline,ui-tars no humanity,20251202_134841,2,Video Streaming,True,False,True,0.4165517065408409,0.9998944296157402,5000.0,5927296.0,1,1,1.0,364.0,364.0,4,3,0.75,8907793.0,6542844.0,True,True,True,False,True,True,False,True,True
Agent,B-spline,ui-tars no humanity,20251202_135007,2,Video Streaming,True,False,True,0.9998944296157398,0.9998944296157402,5000.0,5927296.0,11,10,0.9090909090909091,390.0,1996.0,10,10,1.0,15455407.0,8407161.5,True,True,True,True,True,True,True,True,True
Agent,B-spline,ui-tars no humanity,20251202_135242,2,Video Streaming,True,False,True,0.9998944296157399,0.9998944296157402,5000.0,5927296.0,4,4,1.0,650.0,1462.5,3,3,1.0,22108469.0,20968565.0,True,True,True,True,True,True,True,True,True
Agent,B-spline,ui-tars no humanity,20251202_135453,2,Video Streaming,True,False,True,0.9998944296157399,0.9998944296157402,5000.0,5927296.0,10,9,0.9,394.0,2646.0,9,9,1.0,28602332.0,8243903.0,True,True,True,True,True,True,True,True,True
Agent,B-spline,ui-tars no humanity,20251202_135743,1,Shopping,True,False,True,0.9998944296157399,0.9998944296157402,5000.0,6008676.0,2,2,1.0,492.0,889.0,1,1,1.0,14482737.0,14482737.0,True,True,True,True,False,True,False,False,False
Agent,B-spline,ui-tars no humanity,20251202_135904,1,Shopping,True,False,True,0.9998944296157398,0.9998944296157402,5000.0,6008676.0,6,6,1.0,407.0,1239.5,5,5,1.0,16441529.0,14399098.0,True,True,True,True,True,True,True,True,True
Agent,B-spline,ui-tars no humanity,20251202_140124,1,Shopping,True,False,True,0.9998944296157399,0.9998944296157402,5000.0,6008676.0,10,10,1.0,404.0,1974.5,9,9,1.0,20963227.0,13514130.0,True,True,True,True,True,True,True,True,True
Agent,B-spline,ui-tars no humanity,20251202_140420,3,Trip Planning,True,False,True,0.9998944296157399,0.9998944296157402,5000.0,5957152.0,2,2,1.0,1044.0,1164.0,1,1,1.0,23694204.0,23694204.0,True,True,True,True,False,True,False,False,False
Agent,B-spline,ui-tars no humanity,20251202_140550,3,Trip Planning,True,False,True,0.9635054938925073,0.9998944296157402,5000.0,5957152.0,3,3,1.0,359.0,1172.0,4,4,1.0,31553176.0,15690503.0,True,True,True,True,True,True,True,True,True
Agent,B-spline,ui-tars no humanity,20251202_140811,3,Trip Planning,True,False,True,0.7745566760305831,0.9998944296157402,5000.0,5957152.0,4,4,1.0,326.0,2183.5,4,4,1.0,17351204.0,12983681.5,True,True,True,True,True,True,True,True,True
Agent,B-spline,ui-tars no humanity,20251202_141012,3,Trip Planning,True,False,True,0.9998944296157398,0.9998944296157402,5000.0,5957152.0,6,6,1.0,355.0,2712.0,5,5,1.0,64894350.0,17313863.0,True,True,True,True,True,True,True,True,True
Agent,B-spline,ui-tars no humanity,20251202_141334,3,Trip Planning,True,False,True,0.9998944296157399,0.9998944296157402,5000.0,5957152.0,10,9,0.9,508.0,2077.5,9,9,1.0,16476434.0,13349092.0,True,True,True,True,True,True,True,True,True
Agent,B-spline,ui-tars no humanity,20251202_141630,3,Trip Planning,True,False,True,0.8905962277234972,0.9998944296157402,5000.0,5957152.0,5,5,1.0,653.0,1058.0,5,5,1.0,18109216.0,9240276.0,True,True,True,True,True,True,True,True,True
Agent,B-spline,ui-tars no humanity,20251202_141825,3,Trip Planning,True,False,True,0.5256114586860013,0.9998944296157402,5000.0,5957152.0,8,7,0.875,525.0,1943.5,67,67,1.0,18773968.0,7988467.0,True,True,True,True,True,True,True,True,True
Agent,B-spline,ui-tars no humanity,20251202_143002,3,Trip Planning,True,False,True,0.7060971487620668,0.9998944296157402,5000.0,5957152.0,1,1,1.0,2671.0,2671.0,7,7,1.0,16595412.0,7894947.0,True,True,True,False,True,True,False,True,True
Agent,B-spline,ui-tars no humanity,20251202_143208,3,Trip Planning,True,False,True,0.9998944296157398,0.9998944296157402,5000.0,5957152.0,7,7,1.0,363.0,1174.0,6,6,1.0,16806853.0,9102737.5,True,True,True,True,True,True,True,True,True
Agent,B-spline,ui-tars no humanity,20251202_143423,3,Trip Planning,True,False,True,0.9724942410632983,0.9998944296157402,5000.0,5957152.0,11,11,1.0,465.0,1118.0,11,11,1.0,16978656.0,9108845.0,True,True,True,True,True,True,True,True,True
Agent,B-spline,ui-tars no humanity,20251202_143719,3,Trip Planning,True,False,True,0.99989442961574,0.9998944296157402,5000.0,5957152.0,3,3,1.0,461.0,2769.0,2,2,1.0,14436498.0,10706834.0,True,True,True,True,True,True,True,False,True
Agent,B-spline,ui-tars no humanity,20251202_143909,3,Trip Planning,True,False,True,0.7174425997255994,0.9998944296157402,5000.0,5957152.0,5,5,1.0,894.0,1038.0,11,11,1.0,17363917.0,8438960.0,True,True,True,True,True,True,True,True,True
Agent,B-spline,ui-tars no humanity,20251202_144222,3,Trip Planning,True,False,True,0.9870106654829937,0.9998944296157402,5000.0,5957152.0,28,28,1.0,348.0,1472.0,28,28,1.0,78423909.0,8886640.5,True,True,True,True,True,True,True,True,True
Agent,B-spline,ui-tars no humanity,20251202_144958,4,Office & Learning,True,False,True,0.721625815575,0.9998944296157402,5000.0,5670071.0,8,8,1.0,403.0,2698.5,16,16,1.0,26217563.0,12696052.0,True,True,True,True,True,True,True,True,True
Agent,B-spline,ui-tars no humanity,20251202_145429,4,Office & Learning,True,False,True,0.9998944296157398,0.9998944296157402,5000.0,5670071.0,7,7,1.0,824.0,1790.0,6,6,1.0,16355211.0,7993935.0,True,True,True,True,True,True,True,True,True
Agent,B-spline,ui-tars no humanity,20251202_145624,4,Office & Learning,True,False,True,0.9998944296157399,0.9998944296157402,5000.0,5670071.0,2,2,1.0,725.0,1745.5,1,1,1.0,6172284.0,6172284.0,True,True,True,True,False,True,False,False,False
Agent,B-spline,ui-tars no humanity,20251202_145729,4,Office & Learning,True,False,True,0.99989442961574,0.9998944296157402,5000.0,5670071.0,3,3,1.0,2377.0,3481.0,2,2,1.0,7590916.0,7311774.0,True,True,True,True,True,True,True,False,True
Agent,B-spline,ui-tars no humanity,20251202_145840,4,Office & Learning,True,False,True,0.9998944296157398,0.9998944296157402,5000.0,5670071.0,6,6,1.0,371.0,895.5,5,5,1.0,14330686.0,7556143.0,True,True,True,True,True,True,True,True,True
Agent,B-spline,ui-tars no humanity,20251202_150020,4,Office & Learning,True,False,True,0.9998944296157399,0.9998944296157402,5000.0,5670071.0,8,8,1.0,354.0,1823.5,7,7,1.0,14638063.0,7951993.0,True,True,True,True,True,True,True,True,True
Agent,B-spline,ui-tars no humanity,20251202_150431,1,Shopping,True,False,True,0.9129691714397749,0.9998944296157402,5000.0,6008676.0,10,10,1.0,376.0,1922.0,13,12,0.9230769230769231,23260679.0,8287089.0,True,True,True,True,True,True,True,True,True
Agent,B-spline,ui-tars no humanity,20251202_150752,1,Shopping,True,False,True,0.7922281373493989,0.9998944296157402,5000.0,6008676.0,6,6,1.0,357.0,2164.0,9,9,1.0,27145614.0,9461356.0,True,True,True,True,True,True,True,True,True
Agent,B-spline,ui-tars no humanity,20251202_151058,1,Shopping,True,False,True,0.864312218013161,0.9998944296157402,5000.0,6008676.0,10,10,1.0,354.0,1604.5,14,14,1.0,19571013.0,9378290.5,True,True,True,True,True,True,True,True,True
Agent,B-spline,ui-tars no humanity,20251202_151428,1,Shopping,True,False,True,0.9998944296157399,0.9998944296157402,5000.0,6008676.0,5,5,1.0,528.0,2097.0,4,4,1.0,8181523.0,6935952.0,True,True,True,True,True,True,True,True,True
Agent,B-spline,ui-tars no humanity,20251202_151609,1,Shopping,True,False,True,0.9998944296157399,0.9998944296157402,5000.0,6008676.0,4,4,1.0,433.0,3027.0,3,3,1.0,21274354.0,16987048.0,True,True,True,True,True,True,True,True,True
Agent,B-spline,ui-tars no humanity,20251202_151839,1,Shopping,True,False,True,0.9998944296157399,0.9998944296157402,5000.0,6008676.0,18,17,0.9444444444444444,352.0,1721.0,17,17,1.0,17986731.0,14913326.0,True,True,True,True,True,True,True,True,True
Agent,B-spline,ui-tars no humanity,20251202_152335,1,Shopping,True,False,True,0.9998944296157399,0.9998944296157402,5000.0,6008676.0,2,2,1.0,1365.0,2630.0,1,1,1.0,12703772.0,12703772.0,True,True,True,True,False,True,False,False,False
Agent,B-spline,ui-tars no humanity,20251202_152452,1,Shopping,True,False,True,0.8478955255353758,0.9998944296157402,5000.0,6008676.0,20,19,0.95,360.0,2062.0,27,22,0.8148148148148148,24077250.0,7468643.0,True,True,True,True,True,True,True,True,True
Agent,B-spline,ui-tars no humanity,20251202_153003,1,Shopping,True,False,True,0.9634234356424397,0.9998944296157402,5000.0,6008676.0,13,13,1.0,385.0,2628.0,13,13,1.0,24030720.0,15025123.0,True,True,True,True,True,True,True,True,True
Agent,B-spline,ui-tars no humanity,20251202_153404,3,Trip Planning,True,False,True,0.9998944296157399,0.9998944296157402,5000.0,5957152.0,2,2,1.0,353.0,481.5,1,1,1.0,16014243.0,16014243.0,True,True,True,True,False,True,False,False,False
Agent,B-spline,ui-tars no humanity,20251202_153519,3,Trip Planning,True,False,True,0.99989442961574,0.9998944296157402,5000.0,5957152.0,3,3,1.0,393.0,490.0,2,2,1.0,59095190.0,37533220.0,True,True,True,True,True,True,True,False,True
Agent,B-spline,ui-tars no humanity,20251202_153745,3,Trip Planning,True,False,True,0.9998944296157399,0.9998944296157402,5000.0,5957152.0,2,1,0.5,2167.0,4228.5,1,1,1.0,18693300.0,18693300.0,True,True,True,False,False,False,False,False,False
Agent,B-spline,ui-tars no humanity,20251202_153906,3,Trip Planning,True,False,True,0.9998944296157399,0.9998944296157402,5000.0,5957152.0,2,2,1.0,370.0,420.0,1,1,1.0,9199745.0,9199745.0,True,True,True,True,False,True,False,False,False
Agent,B-spline,ui-tars no humanity,20251202_154016,3,Trip Planning,True,True,True,0.9998944296157405,0.9998944296157402,5000.0,5957152.0,38,36,0.9473684210526315,348.0,777.0,37,37,1.0,15615322.0,8309971.0,True,True,True,True,True,True,True,True,True
Agent,B-spline,ui-tars no humanity,20251202_154638,1,Shopping,True,False,True,0.7074950433747988,0.9998944296157402,5000.0,6008676.0,6,6,1.0,367.0,1664.5,25,25,1.0,65194180.0,7124496.0,True,True,True,True,True,True,True,True,True
Agent,B-spline,ui-tars no humanity,20251202_155210,1,Shopping,True,False,True,0.9355302485572177,0.9998944296157402,5000.0,6008676.0,5,5,1.0,380.0,1977.0,6,6,1.0,40261491.0,17811819.0,True,True,True,True,True,True,True,True,True
Agent,B-spline,ui-tars no humanity,20251202_155520,1,Shopping,True,False,True,0.9998944296157399,0.9998944296157402,5000.0,6008676.0,2,2,1.0,358.0,692.0,1,1,1.0,20165821.0,20165821.0,True,True,True,True,False,True,False,False,False
Agent,B-spline,ui-tars no humanity,20251202_155856,1,Shopping,True,False,True,0.9998944296157399,0.9998944296157402,5000.0,6008676.0,8,6,0.75,365.0,508.0,7,7,1.0,21963977.0,17513819.0,True,True,True,True,True,True,True,True,True
Agent,B-spline,ui-tars no humanity,20251202_160142,1,Shopping,True,False,True,0.9998944296157399,0.9998944296157402,5000.0,6008676.0,2,2,1.0,1219.0,1461.0,1,1,1.0,18496829.0,18496829.0,True,True,True,True,False,True,False,False,False
Agent,B-spline,ui-tars no humanity,20251202_160307,1,Shopping,True,False,True,0.9998944296157399,0.9998944296157402,5000.0,6008676.0,8,7,0.875,358.0,1784.5,7,7,1.0,19738572.0,16681298.0,True,True,True,True,True,True,True,True,True
Agent,B-spline,ui-tars no humanity,20251202_160543,1,Shopping,True,False,True,0.9998944296157398,0.9998944296157402,5000.0,6008676.0,6,6,1.0,394.0,834.5,5,5,1.0,22790934.0,18972199.0,True,True,True,True,True,True,True,True,True
Agent,B-spline,ui-tars no humanity,20251202_160938,4,Office & Learning,True,False,True,0.9998944296157399,0.9998944296157402,5000.0,5670071.0,2,2,1.0,2453.0,2932.0,1,1,1.0,7044308.0,7044308.0,True,True,True,True,False,True,False,False,False
Agent,B-spline,ui-tars no humanity,20251202_161044,4,Office & Learning,True,False,True,0.9998944296157399,0.9998944296157402,5000.0,5670071.0,2,2,1.0,1193.0,1732.5,1,1,1.0,7619159.0,7619159.0,True,True,True,True,False,True,False,False,False
Agent,B-spline,ui-tars no humanity,20251202_161430,4,Office & Learning,True,False,True,0.7232168590082529,0.9998944296157402,5000.0,5670071.0,18,18,1.0,430.0,2882.0,33,33,1.0,20577460.0,9599996.0,True,True,True,True,True,True,True,True,True
Agent,B-spline,ui-tars no humanity,20251202_162101,4,Office & Learning,True,False,True,0.7456093926550509,0.9998944296157402,5000.0,5670071.0,10,10,1.0,557.0,1986.5,22,22,1.0,21039063.0,11829953.5,True,True,True,True,True,True,True,True,True
Agent,B-spline,ui-tars no humanity,20251202_162643,0,Social Media,True,False,True,0.9998944296157399,0.9998944296157402,5000.0,6311961.0,2,2,1.0,1018.0,2784.5,1,1,1.0,17647402.0,17647402.0,True,True,True,True,False,True,False,False,False
Agent,B-spline,ui-tars no humanity,20251202_162803,0,Social Media,True,False,True,0.6507434764852024,0.9998944296157402,5000.0,6311961.0,4,4,1.0,388.0,485.0,38,15,0.39473684210526316,17177891.0,6214129.5,True,True,True,True,True,True,True,True,True
Agent,B-spline,ui-tars no humanity,20251202_163344,0,Social Media,True,False,True,0.9998944296157398,0.9998944296157402,5000.0,6311961.0,7,6,0.8571428571428571,367.0,451.0,6,4,0.6666666666666666,23766750.0,11923323.5,True,True,True,True,True,True,True,True,True
Agent,B-spline,ui-tars no humanity,20251202_163554,0,Social Media,True,False,True,0.8569629737594615,0.9998944296157402,5000.0,6311961.0,3,3,1.0,1236.0,1784.0,3,3,1.0,25715252.0,12154353.0,True,True,True,True,True,True,True,True,True
Agent,B-spline,ui-tars no humanity,20251202_163750,0,Social Media,True,False,True,0.6087121325738298,0.9998944296157402,5000.0,6311961.0,3,3,1.0,388.0,3270.0,18,17,0.9444444444444444,33970310.0,8949683.0,True,True,True,True,True,True,True,True,True
Agent,B-spline,ui-tars no humanity,20251202_164225,0,Social Media,True,False,True,0.8667300865470682,0.9998944296157402,5000.0,6311961.0,17,16,0.9411764705882353,355.0,2054.0,22,22,1.0,42773453.0,8531466.5,True,True,True,True,True,True,True,True,True
Agent,B-spline,ui-tars no humanity,20251202_164736,0,Social Media,True,False,True,0.99989442961574,0.9998944296157402,5000.0,6311961.0,3,3,1.0,364.0,1984.0,2,2,1.0,20898903.0,18329886.5,True,True,True,True,True,True,True,False,True
Agent,B-spline,ui-tars no humanity,20251202_164916,0,Social Media,True,False,True,0.9627131271462853,0.9998944296157402,5000.0,6311961.0,7,7,1.0,1003.0,2018.0,7,7,1.0,18611935.0,15329073.0,True,True,True,True,True,True,True,True,True
Agent,B-spline,ui-tars no humanity,20251202_165147,0,Social Media,True,False,True,0.7533136369094532,0.9998944296157402,5000.0,6311961.0,9,9,1.0,554.0,2545.0,27,26,0.9629629629629629,23922512.0,8417229.0,True,True,True,True,True,True,True,True,True
Agent,B-spline,ui-tars no humanity,20251202_165839,0,Social Media,True,False,True,0.9998944296157399,0.9998944296157402,5000.0,6311961.0,4,4,1.0,429.0,732.5,3,2,0.6666666666666666,16287505.0,14983814.0,True,True,True,True,True,True,True,False,True
Agent,B-spline,ui-tars no humanity,20251202_170020,0,Social Media,True,False,True,0.8617203120164307,0.9998944296157402,5000.0,6311961.0,6,6,1.0,367.0,2058.5,9,7,0.7777777777777778,16626869.0,15025514.0,True,True,True,True,True,True,True,True,True
Agent,B-spline,ui-tars no humanity,20251202_170300,0,Social Media,True,False,True,0.9179411350163376,0.9998944296157402,5000.0,6311961.0,8,8,1.0,362.0,643.5,11,11,1.0,31230668.0,7863025.0,True,True,True,True,True,True,True,True,True
Agent,B-spline,ui-tars no humanity,20251202_170616,0,Social Media,True,False,True,0.8692813606561762,0.9998944296157402,5000.0,6311961.0,7,7,1.0,403.0,539.0,12,12,1.0,40345566.0,11735437.0,True,True,True,True,True,True,True,True,True
Agent,B-spline,ui-tars no humanity,20251202_171052,0,Social Media,True,False,True,0.9998944296157399,0.9998944296157402,5000.0,6311961.0,5,5,1.0,1252.0,2697.0,4,4,1.0,18530385.0,16796701.0,True,True,True,True,True,True,True,True,True
Agent,B-spline,ui-tars no humanity,20251202_171252,0,Social Media,True,False,True,0.9998944296157399,0.9998944296157402,5000.0,6311961.0,9,9,1.0,489.0,1856.0,8,8,1.0,21599710.0,12127508.5,True,True,True,True,True,True,True,True,True
Agent,B-spline,ui-tars no humanity,20251202_171558,0,Social Media,True,False,True,0.9998944296157399,0.9998944296157402,5000.0,6311961.0,2,2,1.0,619.0,1277.5,1,1,1.0,17416651.0,17416651.0,True,True,True,True,False,True,False,False,False
Agent,B-spline,ui-tars no humanity,20251202_171718,0,Social Media,True,False,True,0.9998944296157399,0.9998944296157402,5000.0,6311961.0,5,5,1.0,415.0,598.0,4,4,1.0,20897967.0,14039178.0,True,True,True,True,True,True,True,True,True
Agent,B-spline,ui-tars no humanity,20251202_171929,0,Social Media,True,False,True,0.8814125280858877,0.9998944296157402,5000.0,6311961.0,11,11,1.0,362.0,492.0,12,12,1.0,26311283.0,12967041.0,True,True,True,True,True,True,True,True,True
Agent,B-spline,ui-tars no humanity,20251202_172356,4,Office & Learning,True,False,True,0.7891061149109284,0.9998944296157402,5000.0,5670071.0,3,3,1.0,1431.0,2712.0,3,2,0.6666666666666666,15840305.0,7888819.0,True,True,True,True,True,True,True,False,True
Agent,B-spline,ui-tars no humanity,20251202_172526,4,Office & Learning,True,False,True,0.9915049389780322,0.9998944296157402,5000.0,5670071.0,6,6,1.0,2471.0,2802.0,6,6,1.0,16387188.0,7969324.5,True,True,True,True,True,True,True,True,True
Agent,B-spline,ui-tars no humanity,20251202_172732,4,Office & Learning,True,False,True,0.9758513121613501,0.9998944296157402,5000.0,5670071.0,8,8,1.0,373.0,2177.5,8,8,1.0,21601879.0,8001027.5,True,True,True,True,True,True,True,True,True
Agent,B-spline,ui-tars no humanity,20251202_172957,0,Social Media,True,False,True,0.99989442961574,0.9998944296157402,5000.0,6311961.0,3,3,1.0,474.0,477.0,2,1,0.5,58138687.0,31976366.5,True,True,True,True,False,True,True,False,True
Agent,B-spline,ui-tars no humanity,20251202_173217,0,Social Media,True,False,True,0.7333660921156597,0.9998944296157402,5000.0,6311961.0,3,3,1.0,390.0,1583.0,7,3,0.42857142857142855,28161581.0,5674564.0,True,True,True,True,True,True,True,True,True
Agent,B-spline,ui-tars no humanity,20251202_173448,0,Social Media,True,False,True,0.9998944296157399,0.9998944296157402,5000.0,6311961.0,2,2,1.0,434.0,1189.5,1,1,1.0,51729961.0,51729961.0,True,True,True,True,False,True,False,False,False
Agent,B-spline,ui-tars no humanity,20251202_173711,0,Social Media,True,False,True,0.7643935357792514,0.9998944296157402,5000.0,6311961.0,3,3,1.0,2795.0,3209.0,8,5,0.625,30260216.0,6813931.5,True,True,True,True,True,True,True,True,True
Agent,B-spline,ui-tars no humanity,20251202_173952,0,Social Media,True,False,True,0.9998944296157399,0.9998944296157402,5000.0,6311961.0,2,2,1.0,677.0,1247.0,1,1,1.0,13450379.0,13450379.0,True,True,True,True,False,True,False,False,False
Agent,B-spline,ui-tars no humanity,20251202_174143,0,Social Media,True,False,True,0.7216745555780852,0.9998944296157402,5000.0,6311961.0,5,5,1.0,343.0,830.0,13,7,0.5384615384615384,18099587.0,9633426.0,True,True,True,True,True,True,True,True,True
Agent,B-spline,gpt4o no humanity,20250925_085544,1,Shopping,True,False,True,0.9995701273904484,0.9995701273904486,5000.0,6008676.0,21,21,1.0,350.0,664.0,20,20,1.0,128791618.0,59232226.5,True,True,True,True,True,True,True,True,True
Agent,B-spline,gpt4o no humanity,20250925_092951,1,Shopping,True,False,True,0.9995701273904484,0.9995701273904486,5000.0,6008676.0,5,5,1.0,429.0,1289.0,4,4,1.0,78037228.0,58034693.0,True,True,True,True,True,True,True,True,True
Agent,B-spline,gpt4o no humanity,20250925_093831,1,Shopping,True,False,True,0.9995701273904483,0.9995701273904486,5000.0,6008676.0,2,2,1.0,353.0,2212.5,1,1,1.0,79108837.0,79108837.0,True,True,True,True,False,True,False,False,False
Agent,B-spline,gpt4o no humanity,20250925_094246,1,Shopping,True,False,True,0.9398268647777748,0.9995701273904486,5000.0,6008676.0,27,26,0.9629629629629629,366.0,2144.0,29,29,1.0,171114114.0,54678349.0,True,True,True,True,True,True,True,True,True
Agent,B-spline,gpt4o no humanity,20250924_090037,1,Shopping,True,False,True,0.9995701273904485,0.9995701273904486,5000.0,6008676.0,13,11,0.8461538461538461,352.0,433.0,12,12,1.0,76582140.0,56031904.5,True,True,True,True,True,True,True,True,True
Agent,B-spline,gpt4o no humanity,20250925_101347,1,Shopping,True,False,True,0.9995701273904483,0.9995701273904486,5000.0,6008676.0,1,1,1.0,468.0,468.0,0,0,0.0,,,True,False,True,False,False,False,False,False,False
Agent,B-spline,gpt4o no humanity,20250925_101607,1,Shopping,True,False,True,0.9995701273904483,0.9995701273904486,5000.0,6008676.0,4,4,1.0,356.0,1911.0,3,3,1.0,59860515.0,58476295.0,True,True,True,True,True,True,True,True,True
Agent,B-spline,gpt4o no humanity,20250925_102121,1,Shopping,True,False,True,0.9995701273904483,0.9995701273904486,5000.0,6008676.0,2,2,1.0,370.0,564.5,1,1,1.0,51311817.0,51311817.0,True,True,True,True,False,True,False,False,False
Agent,B-spline,gpt4o no humanity,20250925_102416,1,Shopping,True,False,True,0.978148760730937,0.9995701273904486,5000.0,6008676.0,24,20,0.8333333333333334,340.0,594.5,24,24,1.0,84078155.0,66984228.5,True,True,True,True,True,True,True,True,True
Agent,B-spline,gpt4o no humanity,20251004_141622,3,Trip Planning,True,False,True,0.8671824245285406,0.9995701273904486,5000.0,5957152.0,16,16,1.0,374.0,2085.0,17,17,1.0,118991358.0,51483952.0,True,True,True,True,True,True,True,True,True
Agent,B-spline,gpt4o no humanity,20251004_144149,3,Trip Planning,True,False,True,0.9995701273904483,0.9995701273904486,5000.0,5957152.0,1,0,0.0,6360.0,6360.0,0,0,0.0,,,False,False,False,False,False,False,False,False,False
Agent,B-spline,gpt4o no humanity,20250925_105538,3,Trip Planning,True,False,True,0.8481866489627752,0.9995701273904486,5000.0,5957152.0,26,26,1.0,349.0,2194.0,31,31,1.0,114995043.0,53158502.0,True,True,True,True,True,True,True,True,True
Agent,B-spline,gpt4o no humanity,20250925_112604,3,Trip Planning,True,False,True,0.821769835499114,0.9995701273904486,5000.0,5957152.0,7,7,1.0,363.0,2233.0,7,7,1.0,55592203.0,47617642.0,True,True,True,True,True,True,True,True,True
Agent,B-spline,gpt4o no humanity,20250925_113331,3,Trip Planning,True,False,True,0.9500808601828777,0.9995701273904486,5000.0,5957152.0,23,23,1.0,360.0,1100.0,24,24,1.0,111716967.0,56717098.0,True,True,True,True,True,True,True,True,True
Agent,B-spline,gpt4o no humanity,20251004_123100,2,Video Streaming,True,False,True,0.9016717188781952,0.9995701273904486,5000.0,5927296.0,7,7,1.0,356.0,1467.0,7,7,1.0,66182420.0,50079861.0,True,True,True,True,True,True,True,True,True
Agent,B-spline,gpt4o no humanity,20250924_141611,2,Video Streaming,True,False,True,0.9995701273904483,0.9995701273904486,5000.0,5927296.0,3,3,1.0,1627.0,3689.0,2,2,1.0,86837937.0,65433697.5,True,True,True,True,True,True,True,False,True
Agent,B-spline,gpt4o no humanity,20250925_120121,2,Video Streaming,True,False,True,0.9995701273904483,0.9995701273904486,5000.0,5927296.0,1,1,1.0,721.0,721.0,0,0,0.0,,,True,False,True,False,False,False,False,False,False
Agent,B-spline,gpt4o no humanity,20250925_120303,2,Video Streaming,True,False,True,0.9995701273904484,0.9995701273904486,5000.0,5927296.0,37,34,0.918918918918919,356.0,2313.0,36,36,1.0,85602407.0,45913773.5,True,True,True,True,True,True,True,True,True
Agent,B-spline,gpt4o no humanity,20250924_142420,2,Video Streaming,True,False,True,0.9995701273904483,0.9995701273904486,5000.0,5927296.0,3,3,1.0,370.0,381.0,2,2,1.0,51611002.0,49490615.5,True,True,True,True,True,True,True,False,True
Agent,B-spline,gpt4o no humanity,20250925_123357,2,Video Streaming,True,False,True,0.9995701273904484,0.9995701273904486,5000.0,5927296.0,6,6,1.0,344.0,959.5,5,5,1.0,66668644.0,53041944.0,True,True,True,True,True,True,True,True,True
Agent,B-spline,gpt4o no humanity,20250925_124024,2,Video Streaming,True,False,True,0.9995701273904483,0.9995701273904486,5000.0,5927296.0,4,4,1.0,358.0,397.0,3,3,1.0,52799314.0,45673458.0,True,True,True,True,True,True,True,True,True
Agent,B-spline,gpt4o no humanity,20250925_124533,2,Video Streaming,True,False,True,0.8795094751027983,0.9995701273904486,5000.0,5927296.0,7,7,1.0,342.0,2449.0,8,8,1.0,82936948.0,46172273.0,True,True,True,True,True,True,True,True,True
Agent,B-spline,gpt4o no humanity,20250925_125415,2,Video Streaming,True,False,True,0.9995701273904483,0.9995701273904486,5000.0,5927296.0,1,1,1.0,432.0,432.0,0,0,0.0,,,True,False,True,False,False,False,False,False,False
Agent,B-spline,gpt4o no humanity,20251208_143154,2,Video Streaming,True,False,True,0.9995701273904483,0.9995701273904486,5000.0,5927296.0,1,1,1.0,359.0,359.0,0,0,0.0,,,True,False,True,False,False,False,False,False,False
Agent,B-spline,gpt4o no humanity,20251208_143740,2,Video Streaming,True,False,True,0.9995701273904483,0.9995701273904486,5000.0,5927296.0,8,7,0.875,731.0,1696.5,7,7,1.0,89148896.0,59790268.0,True,True,True,True,True,True,True,True,True
Agent,B-spline,gpt4o no humanity,20251208_144801,2,Video Streaming,True,False,True,0.9995701273904483,0.9995701273904486,5000.0,5927296.0,3,3,1.0,1047.0,2794.0,2,2,1.0,67615391.0,66230880.0,True,True,True,True,True,True,True,False,True
Agent,B-spline,gpt4o no humanity,20251208_145257,2,Video Streaming,True,False,True,0.8196712084373929,0.9995701273904486,5000.0,5927296.0,1,1,1.0,3165.0,3165.0,1,1,1.0,61357956.0,61357956.0,True,True,True,False,False,False,False,False,False
Agent,B-spline,gpt4o no humanity,20251208_145702,2,Video Streaming,True,False,True,0.8215949071643529,0.9995701273904486,5000.0,5927296.0,13,13,1.0,365.0,2436.0,20,20,1.0,109759289.0,91268853.5,True,True,True,True,True,True,True,True,True
Agent,B-spline,gpt4o no humanity,20251208_152814,2,Video Streaming,True,False,True,0.9995701273904483,0.9995701273904486,5000.0,5927296.0,2,2,1.0,1686.0,1793.5,1,1,1.0,64961730.0,64961730.0,True,True,True,True,False,True,False,False,False
Agent,B-spline,gpt4o no humanity,20251208_153209,2,Video Streaming,True,False,True,0.9995701273904483,0.9995701273904486,5000.0,5927296.0,2,2,1.0,2998.0,3244.0,1,1,1.0,56876024.0,56876024.0,True,True,True,True,False,True,False,False,False
Agent,B-spline,gpt4o no humanity,20251208_153534,2,Video Streaming,True,False,True,0.9995701273904484,0.9995701273904486,5000.0,5927296.0,20,19,0.95,364.0,2243.5,19,19,1.0,151387081.0,75438623.0,True,True,True,True,True,True,True,True,True
Agent,B-spline,gpt4o no humanity,20251208_160414,1,Shopping,True,False,True,0.9995701273904483,0.9995701273904486,5000.0,6008676.0,2,2,1.0,990.0,1478.5,1,1,1.0,68102222.0,68102222.0,True,True,True,True,False,True,False,False,False
Agent,B-spline,gpt4o no humanity,20251208_160819,1,Shopping,True,False,True,0.9995701273904483,0.9995701273904486,5000.0,6008676.0,8,8,1.0,352.0,868.0,7,7,1.0,75970991.0,64954050.0,True,True,True,True,True,True,True,True,True
Agent,B-spline,gpt4o no humanity,20251208_161816,1,Shopping,True,False,True,0.8484136805588361,0.9995701273904486,5000.0,6008676.0,9,7,0.7777777777777778,348.0,3693.0,11,11,1.0,349273596.0,97630809.0,True,True,True,True,True,True,True,True,True
Agent,B-spline,gpt4o no humanity,20251208_164254,3,Trip Planning,True,False,True,0.9995701273904483,0.9995701273904486,5000.0,5957152.0,1,1,1.0,1146.0,1146.0,0,0,0.0,,,True,False,True,False,False,False,False,False,False
Agent,B-spline,gpt4o no humanity,20251208_164615,3,Trip Planning,True,False,True,0.9995701273904484,0.9995701273904486,5000.0,5957152.0,5,5,1.0,362.0,1274.0,4,4,1.0,134816602.0,90239045.5,True,True,True,True,True,True,True,True,True
Agent,B-spline,gpt4o no humanity,20251208_165651,3,Trip Planning,True,False,True,0.6727001429853849,0.9995701273904486,5000.0,5957152.0,5,5,1.0,413.0,507.0,12,12,1.0,182897220.0,91104080.5,True,True,True,True,True,True,True,True,True
Agent,B-spline,gpt4o no humanity,20251208_172025,3,Trip Planning,True,False,True,0.9995701273904483,0.9995701273904486,5000.0,5957152.0,1,1,1.0,3169.0,3169.0,0,0,0.0,,,True,False,True,False,False,False,False,False,False
Agent,B-spline,gpt4o no humanity,20251208_172315,3,Trip Planning,True,False,True,0.9995701273904483,0.9995701273904486,5000.0,5957152.0,3,3,1.0,745.0,1226.0,2,2,1.0,100981364.0,98120577.5,True,True,True,True,True,True,True,False,True
Agent,B-spline,gpt4o no humanity,20251208_173001,3,Trip Planning,True,False,True,0.9995701273904484,0.9995701273904486,5000.0,5957152.0,10,10,1.0,423.0,944.5,9,9,1.0,151147367.0,95602978.0,True,True,True,True,True,True,True,True,True
Agent,B-spline,gpt4o no humanity,20251208_174929,3,Trip Planning,True,False,True,0.8603240996035993,0.9995701273904486,5000.0,5957152.0,2,2,1.0,375.0,757.5,2,2,1.0,102782125.0,97024370.5,True,True,True,True,True,True,False,False,False
Agent,B-spline,gpt4o no humanity,20251208_175640,3,Trip Planning,True,False,True,0.6501889342313987,0.9995701273904486,5000.0,5957152.0,7,7,1.0,1836.0,2802.0,15,15,1.0,187217397.0,113386977.0,True,True,True,True,True,True,True,True,True
Agent,B-spline,gpt4o no humanity,20251208_182751,3,Trip Planning,True,False,True,0.4766368067868899,0.9995701273904486,5000.0,5957152.0,1,1,1.0,964.0,964.0,19,19,1.0,122033248.0,83113448.0,True,True,True,False,True,True,False,True,True
Agent,B-spline,gpt4o no humanity,20251208_190123,3,Trip Planning,True,False,True,0.9995701273904484,0.9995701273904486,5000.0,5957152.0,10,9,0.9,399.0,2304.0,9,9,1.0,86827305.0,76575594.0,True,True,True,True,True,True,True,True,True
Agent,B-spline,gpt4o no humanity,20251208_191540,3,Trip Planning,True,False,True,0.9995701273904483,0.9995701273904486,5000.0,5957152.0,8,8,1.0,506.0,2252.0,7,7,1.0,73824310.0,66047866.0,True,True,True,True,True,True,True,True,True
Agent,B-spline,gpt4o no humanity,20251208_192607,3,Trip Planning,True,False,True,0.9503423280874792,0.9995701273904486,5000.0,5957152.0,16,16,1.0,351.0,970.0,16,16,1.0,181999575.0,94312076.5,True,True,True,True,True,True,True,True,True
Agent,B-spline,gpt4o no humanity,20251208_195421,3,Trip Planning,True,False,True,0.848356958765956,0.9995701273904486,5000.0,5957152.0,7,7,1.0,355.0,2037.0,10,10,1.0,125437460.0,83840585.5,True,True,True,True,True,True,True,True,True
Agent,B-spline,gpt4o no humanity,20251208_201244,3,Trip Planning,True,False,True,0.9995701273904483,0.9995701273904486,5000.0,5957152.0,2,2,1.0,3552.0,3867.0,1,1,1.0,71846906.0,71846906.0,True,True,True,True,False,True,False,False,False
Agent,B-spline,gpt4o no humanity,20251208_201655,4,Office & Learning,True,False,True,0.9995701273904483,0.9995701273904486,5000.0,5670071.0,3,3,1.0,439.0,1039.0,2,2,1.0,82870182.0,68055640.0,True,True,True,True,True,True,True,False,True
Agent,B-spline,gpt4o no humanity,20251208_202155,4,Office & Learning,True,False,True,0.9995701273904484,0.9995701273904486,5000.0,5670071.0,5,5,1.0,541.0,1282.0,4,4,1.0,89394259.0,81377042.0,True,True,True,True,True,True,True,True,True
Agent,B-spline,gpt4o no humanity,20251208_202941,4,Office & Learning,True,False,True,0.9995701273904483,0.9995701273904486,5000.0,5670071.0,17,17,1.0,383.0,1461.0,16,16,1.0,205548529.0,86449110.5,True,True,True,True,True,True,True,True,True
Agent,B-spline,gpt4o no humanity,20251208_210053,4,Office & Learning,True,False,True,0.9995701273904483,0.9995701273904486,5000.0,5670071.0,3,3,1.0,467.0,1912.0,2,2,1.0,57338075.0,55279448.5,True,True,True,True,True,True,True,False,True
Agent,B-spline,gpt4o no humanity,20251208_210518,4,Office & Learning,True,False,True,0.9995701273904484,0.9995701273904486,5000.0,5670071.0,6,6,1.0,355.0,1712.0,5,5,1.0,98881672.0,66697914.0,True,True,True,True,True,True,True,True,True
Agent,B-spline,gpt4o no humanity,20251208_211414,4,Office & Learning,True,False,True,0.9995701273904483,0.9995701273904486,5000.0,5670071.0,9,9,1.0,356.0,2664.0,8,8,1.0,90566959.0,71770036.5,True,True,True,True,True,True,True,True,True
Agent,B-spline,gpt4o no humanity,20251208_212700,1,Shopping,True,False,True,0.9995701273904483,0.9995701273904486,5000.0,6008676.0,9,8,0.8888888888888888,364.0,517.0,8,8,1.0,81927628.0,61858546.0,True,True,True,True,True,True,True,True,True
Agent,B-spline,gpt4o no humanity,20251208_213831,1,Shopping,True,False,True,0.9479818815299759,0.9995701273904486,5000.0,6008676.0,19,17,0.8947368421052632,355.0,2732.0,20,20,1.0,119811821.0,82567713.5,True,True,True,True,True,True,True,True,True
Agent,B-spline,gpt4o no humanity,20251208_220941,1,Shopping,True,False,True,0.9610551792467711,0.9995701273904486,5000.0,6008676.0,14,13,0.9285714285714286,345.0,3239.5,14,14,1.0,155352117.0,126631532.5,True,True,True,True,True,True,True,True,True
Agent,B-spline,gpt4o no humanity,20251208_224051,1,Shopping,True,False,True,0.9995701273904484,0.9995701273904486,5000.0,6008676.0,10,10,1.0,363.0,1022.5,9,9,1.0,195067337.0,72507079.0,True,True,True,True,True,True,True,True,True
Agent,B-spline,gpt4o no humanity,20251208_225957,1,Shopping,True,False,True,0.9152401825640522,0.9995701273904486,5000.0,6008676.0,15,15,1.0,449.0,2957.0,17,17,1.0,174066714.0,91678269.0,True,True,True,True,True,True,True,True,True
Agent,B-spline,gpt4o no humanity,20251208_233107,1,Shopping,True,False,True,0.9995701273904483,0.9995701273904486,5000.0,6008676.0,3,2,0.6666666666666666,372.0,1095.0,2,2,1.0,81909170.0,78103534.5,True,True,True,True,True,True,False,False,False
Agent,B-spline,gpt4o no humanity,20251208_233637,1,Shopping,True,False,True,0.9995701273904483,0.9995701273904486,5000.0,6008676.0,2,2,1.0,437.0,1120.0,1,1,1.0,53843768.0,53843768.0,True,True,True,True,False,True,False,False,False
Agent,B-spline,gpt4o no humanity,20251208_234027,1,Shopping,True,False,True,0.48113019774795995,0.9995701273904486,5000.0,6008676.0,3,3,1.0,1119.0,1800.0,19,19,1.0,127624187.0,95640474.0,True,True,True,True,True,True,True,True,True
Agent,B-spline,gpt4o no humanity,20251209_001137,1,Shopping,True,False,True,0.5100758469459218,0.9995701273904486,5000.0,6008676.0,5,5,1.0,369.0,1494.0,19,19,1.0,120900506.0,90459778.0,True,True,True,True,True,True,True,True,True
Agent,B-spline,gpt4o no humanity,20251209_004248,3,Trip Planning,True,False,True,0.9995701273904483,0.9995701273904486,5000.0,5957152.0,1,1,1.0,436.0,436.0,0,0,0.0,,,True,False,True,False,False,False,False,False,False
Agent,B-spline,gpt4o no humanity,20251209_004508,3,Trip Planning,True,False,True,0.9995701273904483,0.9995701273904486,5000.0,5957152.0,2,2,1.0,372.0,720.0,1,1,1.0,67367586.0,67367586.0,True,True,True,True,False,True,False,False,False
Agent,B-spline,gpt4o no humanity,20251209_004913,3,Trip Planning,True,False,True,0.9995701273904485,0.9995701273904486,5000.0,5957152.0,7,7,1.0,374.0,513.0,6,6,1.0,74619921.0,62890658.0,True,True,True,True,True,True,True,True,True
Agent,B-spline,gpt4o no humanity,20251209_005808,3,Trip Planning,True,False,True,0.9995701273904483,0.9995701273904486,5000.0,5957152.0,4,4,1.0,380.0,500.5,3,3,1.0,78173367.0,66623840.0,True,True,True,True,True,True,True,True,True
Agent,B-spline,gpt4o no humanity,20251209_010429,3,Trip Planning,True,False,True,0.9995701273904483,0.9995701273904486,5000.0,5957152.0,1,1,1.0,4849.0,4849.0,0,0,0.0,,,True,False,True,False,False,False,False,False,False
Agent,B-spline,gpt4o no humanity,20251209_010704,3,Trip Planning,True,False,True,0.9995701273904483,0.9995701273904486,5000.0,5957152.0,1,1,1.0,1296.0,1296.0,0,0,0.0,,,True,False,True,False,False,False,False,False,False
Agent,B-spline,gpt4o no humanity,20251209_011139,1,Shopping,True,False,True,0.9995701273904483,0.9995701273904486,5000.0,6008676.0,1,1,1.0,2347.0,2347.0,0,0,0.0,,,True,False,True,False,False,False,False,False,False
Agent,B-spline,gpt4o no humanity,20251209_011359,1,Shopping,True,False,True,0.8714610678979897,0.9995701273904486,5000.0,6008676.0,3,2,0.6666666666666666,737.0,1011.0,3,3,1.0,68602222.0,67162819.0,True,True,True,True,True,True,False,True,True
Agent,B-spline,gpt4o no humanity,20251209_012014,1,Shopping,True,False,True,0.9206041424447499,0.9995701273904486,5000.0,6008676.0,5,4,0.8,361.0,2189.0,5,5,1.0,115457379.0,81559209.0,True,True,True,True,True,True,True,True,True
Agent,B-spline,gpt4o no humanity,20251209_013200,1,Shopping,True,False,True,0.9995701273904483,0.9995701273904486,5000.0,6008676.0,1,1,1.0,385.0,385.0,0,0,0.0,,,True,False,True,False,False,False,False,False,False
Agent,B-spline,gpt4o no humanity,20251209_013520,1,Shopping,True,False,True,0.9995701273904483,0.9995701273904486,5000.0,6008676.0,1,1,1.0,359.0,359.0,0,0,0.0,,,True,False,True,False,False,False,False,False,False
Agent,B-spline,gpt4o no humanity,20251209_013815,1,Shopping,True,False,True,0.9995701273904484,0.9995701273904486,5000.0,6008676.0,6,6,1.0,359.0,447.5,5,5,1.0,96263881.0,79712637.0,True,True,True,True,True,True,True,True,True
Agent,B-spline,gpt4o no humanity,20251209_014746,1,Shopping,True,False,True,0.9995701273904483,0.9995701273904486,5000.0,6008676.0,4,4,1.0,349.0,395.0,3,3,1.0,124034147.0,59531313.0,True,True,True,True,True,True,True,True,True
Agent,B-spline,gpt4o no humanity,20251209_015426,1,Shopping,True,False,True,0.7616198630857581,0.9995701273904486,5000.0,6008676.0,4,4,1.0,612.0,1840.5,6,6,1.0,96888836.0,70462131.5,True,True,True,True,True,True,True,True,True
Agent,B-spline,gpt4o no humanity,20251209_020426,1,Shopping,True,False,True,0.9995701273904483,0.9995701273904486,5000.0,6008676.0,1,1,1.0,362.0,362.0,0,0,0.0,,,True,False,True,False,False,False,False,False,False
Agent,B-spline,gpt4o no humanity,20251209_020745,4,Office & Learning,True,False,True,0.9995701273904483,0.9995701273904486,5000.0,5670071.0,2,2,1.0,1347.0,1511.5,1,1,1.0,64274935.0,64274935.0,True,True,True,True,False,True,False,False,False
Agent,B-spline,gpt4o no humanity,20251209_021108,4,Office & Learning,True,False,True,0.9995701273904483,0.9995701273904486,5000.0,5670071.0,17,17,1.0,462.0,2115.0,16,16,1.0,289377478.0,68577613.5,True,True,True,True,True,True,True,True,True
Agent,B-spline,gpt4o no humanity,20251209_024216,4,Office & Learning,True,False,True,0.9148897727020431,0.9995701273904486,5000.0,5670071.0,6,6,1.0,1188.0,2753.5,6,6,1.0,74829997.0,63251096.5,True,True,True,True,True,True,True,True,True
Agent,B-spline,gpt4o no humanity,20251209_025057,4,Office & Learning,True,False,True,0.9995701273904484,0.9995701273904486,5000.0,5670071.0,5,5,1.0,1384.0,1999.0,4,4,1.0,83993171.0,67555588.5,True,True,True,True,True,True,True,True,True
Agent,B-spline,gpt4o no humanity,20251209_025832,4,Office & Learning,True,False,True,0.9458380643566391,0.9995701273904486,5000.0,5670071.0,18,17,0.9444444444444444,366.0,2581.5,19,19,1.0,202030789.0,85958901.0,True,True,True,True,True,True,True,True,True
Agent,B-spline,gpt4o no humanity,20251209_032942,4,Office & Learning,True,False,True,0.9191736291421239,0.9995701273904486,5000.0,5670071.0,13,13,1.0,384.0,996.0,14,14,1.0,182300282.0,63572132.5,True,True,True,True,True,True,True,True,True
Agent,B-spline,gpt4o no humanity,20251209_035014,0,Social Media,True,False,True,0.9995701273904483,0.9995701273904486,5000.0,6311961.0,2,2,1.0,1202.0,2034.0,1,1,1.0,52833901.0,52833901.0,True,True,True,True,False,True,False,False,False
Agent,B-spline,gpt4o no humanity,20251209_035334,0,Social Media,True,False,True,0.9995701273904483,0.9995701273904486,5000.0,6311961.0,2,2,1.0,480.0,1076.5,1,1,1.0,62698083.0,62698083.0,True,True,True,True,False,True,False,False,False
Agent,B-spline,gpt4o no humanity,20251209_035701,0,Social Media,True,False,True,0.9995701273904484,0.9995701273904486,5000.0,6311961.0,22,22,1.0,491.0,2509.0,21,21,1.0,211878770.0,73616530.0,True,True,True,True,True,True,True,True,True
Agent,B-spline,gpt4o no humanity,20251209_042810,0,Social Media,True,False,True,0.7500962881574156,0.9995701273904486,5000.0,6311961.0,5,3,0.6,1380.0,2368.0,8,8,1.0,97638019.0,70825410.5,True,True,True,True,True,True,True,True,True
Agent,B-spline,gpt4o no humanity,20251209_044456,0,Social Media,True,False,True,0.9636838725975804,0.9995701273904486,5000.0,6311961.0,16,16,1.0,362.0,2378.0,17,17,1.0,169047887.0,74287598.0,True,True,True,True,True,True,True,True,True
Agent,B-spline,gpt4o no humanity,20251209_051606,0,Social Media,True,False,True,0.8014372819666647,0.9995701273904486,5000.0,6311961.0,15,15,1.0,488.0,2565.0,23,23,1.0,120644328.0,62342913.0,True,True,True,True,True,True,True,True,True
Agent,B-spline,gpt4o no humanity,20251209_054716,0,Social Media,True,False,True,0.9995701273904483,0.9995701273904486,5000.0,6311961.0,4,4,1.0,1230.0,1559.0,3,3,1.0,104241759.0,54074220.0,True,True,True,True,True,True,True,True,True
Agent,B-spline,gpt4o no humanity,20251209_055311,0,Social Media,True,False,True,0.9757738152275727,0.9995701273904486,5000.0,6311961.0,11,11,1.0,425.0,2642.0,11,11,1.0,67436613.0,56025357.0,True,True,True,True,True,True,True,True,True
Agent,B-spline,gpt4o no humanity,20251209_060552,0,Social Media,True,False,True,0.9397787438835744,0.9995701273904486,5000.0,6311961.0,14,14,1.0,352.0,1091.0,14,14,1.0,102166958.0,62414865.0,True,True,True,True,True,True,True,True,True
Agent,B-spline,gpt4o no humanity,20251209_062600,0,Social Media,True,False,True,0.9995701273904484,0.9995701273904486,5000.0,6311961.0,5,5,1.0,385.0,1235.0,4,4,1.0,58486035.0,56536515.0,True,True,True,True,True,True,True,True,True
Agent,B-spline,gpt4o no humanity,20251209_063236,0,Social Media,True,False,True,0.9995701273904484,0.9995701273904486,5000.0,6311961.0,12,12,1.0,347.0,1351.5,11,11,1.0,97983337.0,55795749.0,True,True,True,True,True,True,True,True,True
Agent,B-spline,gpt4o no humanity,20251209_064658,0,Social Media,True,False,True,0.9995701273904484,0.9995701273904486,5000.0,6311961.0,6,6,1.0,1183.0,2731.0,5,5,1.0,79629430.0,62048316.0,True,True,True,True,True,True,True,True,True
Agent,B-spline,gpt4o no humanity,20251209_065444,0,Social Media,True,False,True,0.9995701273904483,0.9995701273904486,5000.0,6311961.0,3,3,1.0,2014.0,2074.0,2,2,1.0,55353598.0,52508925.5,True,True,True,True,True,True,True,False,True
Agent,B-spline,gpt4o no humanity,20251209_065905,0,Social Media,True,False,True,0.9995701273904483,0.9995701273904486,5000.0,6311961.0,3,3,1.0,354.0,3582.0,2,2,1.0,118667251.0,89734701.0,True,True,True,True,True,True,True,False,True
Agent,B-spline,gpt4o no humanity,20251209_070431,0,Social Media,True,False,True,0.9995701273904485,0.9995701273904486,5000.0,6311961.0,7,7,1.0,412.0,1987.0,6,6,1.0,383751053.0,63322927.0,True,True,True,True,True,True,True,True,True
Agent,B-spline,gpt4o no humanity,20251209_072003,0,Social Media,True,False,True,0.9995701273904483,0.9995701273904486,5000.0,6311961.0,2,2,1.0,2031.0,2378.5,1,1,1.0,57098401.0,57098401.0,True,True,True,True,False,True,False,False,False
Agent,B-spline,gpt4o no humanity,20251209_072318,0,Social Media,True,False,True,0.9995701273904484,0.9995701273904486,5000.0,6311961.0,6,5,0.8333333333333334,1085.0,2794.0,5,5,1.0,61841733.0,59908114.0,True,True,True,True,True,True,True,True,True
Agent,B-spline,gpt4o no humanity,20251209_073119,0,Social Media,True,False,True,0.9655762288198131,0.9995701273904486,5000.0,6311961.0,19,19,1.0,356.0,1102.0,19,19,1.0,70366310.0,63930969.0,True,True,True,True,True,True,True,True,True
Agent,B-spline,gpt4o no humanity,20251209_075353,4,Office & Learning,True,False,True,0.8520104998738711,0.9995701273904486,5000.0,5670071.0,5,5,1.0,1243.0,2882.0,5,5,1.0,52670984.0,51428899.0,True,True,True,True,True,True,True,True,True
Agent,B-spline,gpt4o no humanity,20251209_080004,4,Office & Learning,True,False,True,0.9995701273904484,0.9995701273904486,5000.0,5670071.0,5,4,0.8,385.0,1836.0,4,4,1.0,86626890.0,63400104.0,True,True,True,True,True,True,True,True,True
Agent,B-spline,gpt4o no humanity,20251209_080650,4,Office & Learning,True,False,True,0.82384120742899,0.9995701273904486,5000.0,5670071.0,19,19,1.0,366.0,1006.0,25,25,1.0,157988834.0,59803913.0,True,True,True,True,True,True,True,True,True
Agent,B-spline,gpt4o no humanity,20251209_083814,0,Social Media,True,False,True,0.9368342813144183,0.9995701273904486,5000.0,6311961.0,6,6,1.0,413.0,2031.5,7,7,1.0,106578047.0,55439437.0,True,True,True,True,True,True,True,True,True
Agent,B-spline,gpt4o no humanity,20251209_084822,0,Social Media,True,False,True,0.9995701273904484,0.9995701273904486,5000.0,6311961.0,6,6,1.0,429.0,1199.5,5,5,1.0,148888612.0,78902805.0,True,True,True,True,True,True,True,True,True
Agent,B-spline,gpt4o no humanity,20251209_085752,0,Social Media,True,False,True,0.9995701273904484,0.9995701273904486,5000.0,6311961.0,6,5,0.8333333333333334,386.0,1109.5,5,5,1.0,86179529.0,60643061.0,True,True,True,True,True,True,True,True,True
Agent,B-spline,gpt4o no humanity,20251209_090550,0,Social Media,True,False,True,0.9995701273904484,0.9995701273904486,5000.0,6311961.0,11,10,0.9090909090909091,820.0,2206.0,10,10,1.0,181754683.0,93233954.5,True,True,True,True,True,True,True,True,True
Agent,B-spline,gpt4o no humanity,20251209_092448,0,Social Media,True,False,True,0.9995701273904483,0.9995701273904486,5000.0,6311961.0,1,1,1.0,3529.0,3529.0,0,0,0.0,,,True,False,True,False,False,False,False,False,False
Agent,B-spline,claude no humanity,20250925_132450,1,Shopping,True,False,True,0.9999360254630549,0.9999360254630554,5000.0,6008676.0,8,8,1.0,788.0,1727.5,7,7,1.0,129134630.0,72961318.0,True,True,True,True,True,True,True,True,True
Agent,B-spline,claude no humanity,20250925_133715,1,Shopping,True,False,True,0.999936025463055,0.9999360254630554,5000.0,6008676.0,10,10,1.0,373.0,1216.5,9,9,1.0,100892276.0,76589875.0,True,True,True,True,True,True,True,True,True
Agent,B-spline,claude no humanity,20250925_135111,1,Shopping,True,False,True,0.9999360254630549,0.9999360254630554,5000.0,6008676.0,2,2,1.0,577.0,2102.5,1,1,1.0,120619966.0,120619966.0,True,True,True,True,False,True,False,False,False
Agent,B-spline,claude no humanity,20250925_135601,1,Shopping,True,False,True,0.9999360254630553,0.9999360254630554,5000.0,6008676.0,14,13,0.9285714285714286,361.0,1978.0,13,13,1.0,176592779.0,79460716.0,True,True,True,True,True,True,True,True,True
Agent,B-spline,claude no humanity,20250924_145519,1,Shopping,True,False,True,0.9999360254630548,0.9999360254630554,5000.0,6008676.0,7,7,1.0,374.0,794.0,6,6,1.0,79754495.0,68119293.5,True,True,True,True,True,True,True,True,True
Agent,B-spline,claude no humanity,20250925_141929,1,Shopping,True,False,True,0.999936025463055,0.9999360254630554,5000.0,6008676.0,3,3,1.0,363.0,1312.0,2,2,1.0,146164477.0,112782418.5,True,True,True,True,True,True,True,False,True
Agent,B-spline,claude no humanity,20250925_142559,1,Shopping,True,False,True,0.9999360254630549,0.9999360254630554,5000.0,6008676.0,8,7,0.875,362.0,385.0,7,7,1.0,175733293.0,81605345.0,True,True,True,True,True,True,True,True,True
Agent,B-spline,claude no humanity,20250925_143951,1,Shopping,True,False,True,0.999936025463055,0.9999360254630554,5000.0,6008676.0,10,9,0.9,353.0,570.0,9,9,1.0,229069320.0,68475392.0,True,True,True,True,True,True,True,True,True
Agent,B-spline,claude no humanity,20250925_145539,1,Shopping,True,False,True,0.9785688165491633,0.9999360254630554,5000.0,6008676.0,8,8,1.0,380.0,865.5,8,8,1.0,132871662.0,80239099.0,True,True,True,True,True,True,True,True,True
Agent,B-spline,claude no humanity,20251004_145241,3,Trip Planning,True,False,True,0.9999360254630549,0.9999360254630554,5000.0,5957152.0,8,8,1.0,359.0,1048.5,7,7,1.0,96916974.0,85942419.0,True,True,True,True,True,True,True,True,True
Agent,B-spline,claude no humanity,20250925_151018,3,Trip Planning,True,False,True,0.9999360254630552,0.9999360254630554,5000.0,5957152.0,11,11,1.0,388.0,518.0,10,10,1.0,94327606.0,80047313.5,True,True,True,True,True,True,True,True,True
Agent,B-spline,claude no humanity,20250925_152746,3,Trip Planning,True,False,True,0.9999360254630549,0.9999360254630554,5000.0,5957152.0,2,2,1.0,982.0,2584.0,1,1,1.0,76635309.0,76635309.0,True,True,True,True,False,True,False,False,False
Agent,B-spline,claude no humanity,20251004_150939,3,Trip Planning,True,False,True,0.9999360254630548,0.9999360254630554,5000.0,5957152.0,6,6,1.0,366.0,1258.0,5,5,1.0,107391184.0,89597652.0,True,True,True,True,True,True,True,True,True
Agent,B-spline,claude no humanity,20251004_115102,2,Video Streaming,True,False,True,0.9999360254630549,0.9999360254630554,5000.0,5927296.0,2,2,1.0,2099.0,2882.5,1,1,1.0,79006493.0,79006493.0,True,True,True,True,False,True,False,False,False
Agent,B-spline,claude no humanity,20251004_120646,2,Video Streaming,True,False,True,0.999936025463055,0.9999360254630554,5000.0,5927296.0,3,3,1.0,1132.0,3361.0,2,2,1.0,114102105.0,101622093.5,True,True,True,True,True,True,True,False,True
Agent,B-spline,claude no humanity,20250924_152359,2,Video Streaming,True,False,True,0.9999360254630549,0.9999360254630554,5000.0,5927296.0,1,1,1.0,2337.0,2337.0,0,0,0.0,,,True,False,True,False,False,False,False,False,False
Agent,B-spline,claude no humanity,20250925_154002,2,Video Streaming,True,False,True,0.999936025463055,0.9999360254630554,5000.0,5927296.0,3,3,1.0,388.0,627.0,2,2,1.0,71188303.0,67747604.5,True,True,True,True,True,True,True,False,True
Agent,B-spline,claude no humanity,20250925_154454,2,Video Streaming,True,False,True,0.999936025463055,0.9999360254630554,5000.0,5927296.0,3,3,1.0,358.0,375.0,2,2,1.0,73802043.0,73334345.5,True,True,True,True,True,True,True,False,True
Agent,B-spline,claude no humanity,20251004_153137,2,Video Streaming,True,False,True,0.9999360254630552,0.9999360254630554,5000.0,5927296.0,11,9,0.8181818181818182,357.0,990.0,10,10,1.0,96129695.0,79649159.0,True,True,True,True,True,True,True,True,True
Agent,B-spline,claude no humanity,20250925_155001,2,Video Streaming,True,False,True,0.8596281952815652,0.9999360254630554,5000.0,5927296.0,12,12,1.0,352.0,739.0,13,13,1.0,192845456.0,71106458.0,True,True,True,True,True,True,True,True,True
Agent,B-spline,claude no humanity,20251004_154839,2,Video Streaming,True,False,True,0.9999360254630549,0.9999360254630554,5000.0,5927296.0,2,2,1.0,650.0,1120.0,1,1,1.0,85307018.0,85307018.0,True,True,True,True,False,True,False,False,False
Agent,B-spline,claude no humanity,20250925_161350,2,Video Streaming,True,False,True,0.9999360254630549,0.9999360254630554,5000.0,5927296.0,2,2,1.0,568.0,2164.5,1,1,1.0,92213448.0,92213448.0,True,True,True,True,False,True,False,False,False
Agent,B-spline,claude no humanity,20251004_155300,2,Video Streaming,True,False,True,0.999936025463055,0.9999360254630554,5000.0,5927296.0,3,3,1.0,474.0,1355.0,2,2,1.0,99088856.0,93323003.5,True,True,True,True,True,True,True,False,True
Agent,B-spline,claude no humanity,20251216_133702,2,Video Streaming,True,False,True,0.9999360254630549,0.9999360254630554,5000.0,5927296.0,5,5,1.0,388.0,2591.0,4,4,1.0,116139187.0,54988509.0,True,True,True,True,True,True,True,True,True
Agent,B-spline,claude no humanity,20251216_132219,2,Video Streaming,True,False,True,0.9999360254630552,0.9999360254630554,5000.0,5927296.0,13,13,1.0,1025.0,2663.0,12,12,1.0,75743781.0,59355285.0,True,True,True,True,True,True,True,True,True
Agent,B-spline,claude no humanity,20251216_134423,2,Video Streaming,True,False,True,0.999936025463055,0.9999360254630554,5000.0,5927296.0,10,9,0.9,374.0,1310.0,9,9,1.0,126684776.0,68144106.0,True,True,True,True,True,True,True,True,True
Agent,B-spline,claude no humanity,20251216_135855,2,Video Streaming,True,False,True,0.6583840475447541,0.9999360254630554,5000.0,5927296.0,3,3,1.0,391.0,623.0,6,6,1.0,81751626.0,69526822.5,True,True,True,True,True,True,True,True,True
Agent,B-spline,claude no humanity,20251216_140911,2,Video Streaming,True,False,True,0.9999360254630549,0.9999360254630554,5000.0,5927296.0,1,1,1.0,442.0,442.0,0,0,0.0,,,True,False,True,False,False,False,False,False,False
Agent,B-spline,claude no humanity,20251216_141137,2,Video Streaming,True,False,True,0.6358074996257342,0.9999360254630554,5000.0,5927296.0,6,4,0.6666666666666666,376.0,2227.0,23,23,1.0,88142667.0,74736206.0,True,True,True,True,True,True,True,True,True
Agent,B-spline,claude no humanity,20251216_144251,2,Video Streaming,True,False,True,0.9999360254630547,0.9999360254630554,5000.0,5927296.0,19,19,1.0,372.0,2138.0,18,18,1.0,81002227.0,57889890.5,True,True,True,True,True,True,True,True,True
Agent,B-spline,claude no humanity,20251216_150412,2,Video Streaming,True,False,True,0.9999360254630549,0.9999360254630554,5000.0,5927296.0,5,4,0.8,1539.0,4569.0,4,4,1.0,80593776.0,68356486.0,True,True,True,True,True,True,True,True,True
Agent,B-spline,claude no humanity,20251216_151243,2,Video Streaming,True,False,True,0.9999360254630552,0.9999360254630554,5000.0,5927296.0,11,11,1.0,354.0,582.0,10,10,1.0,150752170.0,85968952.0,True,True,True,True,True,True,True,True,True
Agent,B-spline,claude no humanity,20251216_153252,1,Shopping,True,False,True,0.999936025463055,0.9999360254630554,5000.0,6008676.0,3,3,1.0,529.0,622.0,2,2,1.0,70539296.0,67374115.5,True,True,True,True,True,True,True,False,True
Agent,B-spline,claude no humanity,20251216_153742,1,Shopping,True,False,True,0.9999360254630549,0.9999360254630554,5000.0,6008676.0,25,24,0.96,357.0,2162.0,24,24,1.0,149491169.0,59592019.5,True,True,True,True,True,True,True,True,True
Agent,B-spline,claude no humanity,20251216_160854,1,Shopping,True,False,True,0.6924530985952014,0.9999360254630554,5000.0,6008676.0,11,10,0.9090909090909091,353.0,2001.0,22,22,1.0,152271567.0,68314023.5,True,True,True,True,True,True,True,True,True
Agent,B-spline,claude no humanity,20251216_164006,3,Trip Planning,True,False,True,0.9999360254630549,0.9999360254630554,5000.0,5957152.0,2,2,1.0,1274.0,1900.5,1,1,1.0,57335905.0,57335905.0,True,True,True,True,False,True,False,False,False
Agent,B-spline,claude no humanity,20251216_164406,3,Trip Planning,True,False,True,0.9999360254630549,0.9999360254630554,5000.0,5957152.0,1,1,1.0,3517.0,3517.0,0,0,0.0,,,True,False,True,False,False,False,False,False,False
Agent,B-spline,claude no humanity,20251216_164626,3,Trip Planning,True,False,True,0.9999360254630548,0.9999360254630554,5000.0,5957152.0,7,7,1.0,357.0,1341.0,6,6,1.0,72824018.0,64853121.5,True,True,True,True,True,True,True,True,True
Agent,B-spline,claude no humanity,20251216_165543,3,Trip Planning,True,False,True,0.9999360254630549,0.9999360254630554,5000.0,5957152.0,1,1,1.0,1116.0,1116.0,0,0,0.0,,,True,False,True,False,False,False,False,False,False
Agent,B-spline,claude no humanity,20251216_165823,3,Trip Planning,True,False,True,0.9999360254630549,0.9999360254630554,5000.0,5957152.0,1,1,1.0,1623.0,1623.0,0,0,0.0,,,True,False,True,False,False,False,False,False,False
Agent,B-spline,claude no humanity,20251216_170148,3,Trip Planning,True,False,True,0.9555688148822448,0.9999360254630554,5000.0,5957152.0,19,19,1.0,416.0,1826.0,19,19,1.0,290513112.0,72020259.0,True,True,True,True,True,True,True,True,True
Agent,B-spline,claude no humanity,20251216_173300,3,Trip Planning,True,False,True,0.4568114094804849,0.9999360254630554,5000.0,5957152.0,4,4,1.0,442.0,2252.0,15,15,1.0,129714825.0,79468879.0,True,True,True,True,True,True,True,True,True
Agent,B-spline,claude no humanity,20251216_175654,3,Trip Planning,True,False,True,0.9570809489942642,0.9999360254630554,5000.0,5957152.0,9,8,0.8888888888888888,387.0,2512.0,9,9,1.0,76984435.0,66957115.0,True,True,True,True,True,True,True,True,True
Agent,B-spline,claude no humanity,20251216_180951,3,Trip Planning,True,False,True,0.546165448510747,0.9999360254630554,5000.0,5957152.0,11,10,0.9090909090909091,1326.0,2701.0,23,23,1.0,98928680.0,75200790.0,True,True,True,True,True,True,True,True,True
Agent,B-spline,claude no humanity,20251216_184103,3,Trip Planning,True,False,True,0.9999360254630549,0.9999360254630554,5000.0,5957152.0,4,4,1.0,598.0,1911.0,3,3,1.0,73419178.0,69425460.0,True,True,True,True,True,True,True,True,True
Agent,B-spline,claude no humanity,20251216_184733,3,Trip Planning,True,False,True,0.8466581582713486,0.9999360254630554,5000.0,5957152.0,20,19,0.95,381.0,2060.5,24,24,1.0,142846412.0,69278181.0,True,True,True,True,True,True,True,True,True
Agent,B-spline,claude no humanity,20251216_191845,3,Trip Planning,True,False,True,0.9999360254630548,0.9999360254630554,5000.0,5957152.0,17,16,0.9411764705882353,629.0,2318.0,16,16,1.0,155851122.0,69187006.0,True,True,True,True,True,True,True,True,True
Agent,B-spline,claude no humanity,20251216_194329,3,Trip Planning,True,False,True,0.9477319551869872,0.9999360254630554,5000.0,5957152.0,18,18,1.0,343.0,1722.0,19,19,1.0,181563062.0,77218244.0,True,True,True,True,True,True,True,True,True
Agent,B-spline,claude no humanity,20251216_201443,3,Trip Planning,True,False,True,0.9369811636366607,0.9999360254630554,5000.0,5957152.0,12,12,1.0,358.0,2127.5,12,12,1.0,748342785.0,70993819.5,True,True,True,True,True,True,True,True,True
Agent,B-spline,claude no humanity,20251216_204348,3,Trip Planning,True,False,True,0.9999360254630549,0.9999360254630554,5000.0,5957152.0,8,8,1.0,360.0,1037.5,7,7,1.0,148406241.0,83807614.0,True,True,True,True,True,True,True,True,True
Agent,B-spline,claude no humanity,20251216_205730,4,Office & Learning,True,False,True,0.9999360254630549,0.9999360254630554,5000.0,5670071.0,5,5,1.0,638.0,1580.0,4,4,1.0,324440574.0,64948366.5,True,True,True,True,True,True,True,True,True
Agent,B-spline,claude no humanity,20251216_210832,4,Office & Learning,True,False,True,0.9616079649061051,0.9999360254630554,5000.0,5670071.0,15,15,1.0,388.0,1097.0,15,15,1.0,97671636.0,72508129.0,True,True,True,True,True,True,True,True,True
Agent,B-spline,claude no humanity,20251216_212915,4,Office & Learning,True,False,True,0.9999360254630547,0.9999360254630554,5000.0,5670071.0,21,20,0.9523809523809523,452.0,2550.0,20,20,1.0,230299717.0,72380572.5,True,True,True,True,True,True,True,True,True
Agent,B-spline,claude no humanity,20251216_220027,4,Office & Learning,True,False,True,0.9999360254630549,0.9999360254630554,5000.0,5670071.0,1,1,1.0,343.0,343.0,0,0,0.0,,,True,False,True,False,False,False,False,False,False
Agent,B-spline,claude no humanity,20251216_220302,4,Office & Learning,True,False,True,0.999936025463055,0.9999360254630554,5000.0,5670071.0,3,3,1.0,1215.0,1890.0,2,2,1.0,74338595.0,73591891.0,True,True,True,True,True,True,True,False,True
Agent,B-spline,claude no humanity,20251216_220812,4,Office & Learning,True,False,True,0.9999360254630548,0.9999360254630554,5000.0,5670071.0,6,6,1.0,354.0,1251.0,5,5,1.0,103221325.0,73118122.0,True,True,True,True,True,True,True,True,True
Agent,B-spline,claude no humanity,20251216_221728,1,Shopping,True,False,True,0.9999360254630549,0.9999360254630554,5000.0,6008676.0,1,1,1.0,3613.0,3613.0,0,0,0.0,,,True,False,True,False,False,False,False,False,False
Agent,B-spline,claude no humanity,20251216_222013,1,Shopping,True,False,True,0.8817368234365424,0.9999360254630554,5000.0,6008676.0,11,11,1.0,353.0,409.0,13,13,1.0,145199260.0,75899812.0,True,True,True,True,True,True,True,True,True
Agent,B-spline,claude no humanity,20251216_224122,1,Shopping,True,False,True,0.9999360254630549,0.9999360254630554,5000.0,6008676.0,1,1,1.0,742.0,742.0,0,0,0.0,,,True,False,True,False,False,False,False,False,False
Agent,B-spline,claude no humanity,20251216_224402,1,Shopping,True,False,True,0.9999360254630549,0.9999360254630554,5000.0,6008676.0,1,0,0.0,17081.0,17081.0,0,0,0.0,,,False,False,False,False,False,False,False,False,False
Agent,B-spline,claude no humanity,20251216_224642,1,Shopping,True,False,True,0.9999360254630549,0.9999360254630554,5000.0,6008676.0,1,1,1.0,441.0,441.0,0,0,0.0,,,True,False,True,False,False,False,False,False,False
Agent,B-spline,claude no humanity,20251216_224917,1,Shopping,True,False,True,0.8968333621362603,0.9999360254630554,5000.0,6008676.0,13,13,1.0,346.0,993.0,16,16,1.0,141875811.0,66916558.5,True,True,True,True,True,True,True,True,True
Agent,B-spline,claude no humanity,20251216_231256,1,Shopping,True,False,True,0.9999360254630549,0.9999360254630554,5000.0,6008676.0,2,2,1.0,557.0,1332.5,1,1,1.0,62199912.0,62199912.0,True,True,True,True,False,True,False,False,False
Agent,B-spline,claude no humanity,20251216_231636,1,Shopping,True,False,True,0.8736687346192036,0.9999360254630554,5000.0,6008676.0,17,17,1.0,489.0,1219.0,20,20,1.0,126580770.0,64075031.0,True,True,True,True,True,True,True,True,True
Agent,B-spline,claude no humanity,20251216_234430,1,Shopping,True,False,True,0.6061301646881321,0.9999360254630554,5000.0,6008676.0,9,9,1.0,353.0,1039.0,18,18,1.0,171425146.0,80059558.0,True,True,True,True,True,True,True,True,True
Agent,B-spline,claude no humanity,20251217_001542,3,Trip Planning,True,False,True,0.9999360254630549,0.9999360254630554,5000.0,5957152.0,2,2,1.0,913.0,1564.5,1,1,1.0,236406505.0,236406505.0,True,True,True,True,False,True,False,False,False
Agent,B-spline,claude no humanity,20251217_002444,3,Trip Planning,True,False,True,0.9453094202930926,0.9999360254630554,5000.0,5957152.0,5,5,1.0,412.0,2191.0,5,5,1.0,171130937.0,76900582.0,True,True,True,True,True,True,True,True,True
Agent,B-spline,claude no humanity,20251217_004126,3,Trip Planning,True,False,True,0.9999360254630549,0.9999360254630554,5000.0,5957152.0,2,2,1.0,376.0,634.0,1,1,1.0,68398231.0,68398231.0,True,True,True,True,False,True,False,False,False
Agent,B-spline,claude no humanity,20251217_004511,3,Trip Planning,True,False,True,0.9999360254630549,0.9999360254630554,5000.0,5957152.0,1,1,1.0,1873.0,1873.0,0,0,0.0,,,True,False,True,False,False,False,False,False,False
Agent,B-spline,claude no humanity,20251217_004746,3,Trip Planning,True,False,True,0.9999360254630549,0.9999360254630554,5000.0,5957152.0,1,1,1.0,365.0,365.0,0,0,0.0,,,True,False,True,False,False,False,False,False,False
Agent,B-spline,claude no humanity,20251217_005016,3,Trip Planning,True,False,True,0.9648008624242024,0.9999360254630554,5000.0,5957152.0,7,7,1.0,368.0,1959.0,7,7,1.0,67961663.0,60943008.0,True,True,True,True,True,True,True,True,True
Agent,B-spline,claude no humanity,20251217_010027,1,Shopping,True,False,True,0.9999360254630548,0.9999360254630554,5000.0,6008676.0,7,6,0.8571428571428571,351.0,1686.0,6,6,1.0,129336316.0,67683860.5,True,True,True,True,True,True,True,True,True
Agent,B-spline,claude no humanity,20251217_011115,1,Shopping,True,False,True,0.9999360254630549,0.9999360254630554,5000.0,6008676.0,1,1,1.0,363.0,363.0,0,0,0.0,,,True,False,True,False,False,False,False,False,False
Agent,B-spline,claude no humanity,20251217_011340,1,Shopping,True,False,True,0.9558536083668975,0.9999360254630554,5000.0,6008676.0,5,5,1.0,366.0,605.0,5,5,1.0,94937972.0,65937862.0,True,True,True,True,True,True,True,True,True
Agent,B-spline,claude no humanity,20251217_012256,1,Shopping,True,False,True,0.9999360254630549,0.9999360254630554,5000.0,6008676.0,5,4,0.8,514.0,1831.0,4,4,1.0,65830750.0,60679647.0,True,True,True,True,True,True,True,True,True
Agent,B-spline,claude no humanity,20251217_013032,1,Shopping,True,False,True,0.9999360254630549,0.9999360254630554,5000.0,6008676.0,1,1,1.0,714.0,714.0,0,0,0.0,,,True,False,True,False,False,False,False,False,False
Agent,B-spline,claude no humanity,20251217_013307,1,Shopping,True,False,True,0.9563383406619775,0.9999360254630554,5000.0,6008676.0,25,25,1.0,342.0,1043.0,25,25,1.0,111831506.0,66374698.0,True,True,True,True,True,True,True,True,True
Agent,B-spline,claude no humanity,20251217_020420,1,Shopping,True,False,True,0.9999360254630549,0.9999360254630554,5000.0,6008676.0,1,1,1.0,1583.0,1583.0,0,0,0.0,,,True,False,True,False,False,False,False,False,False
Agent,B-spline,claude no humanity,20251217_020925,1,Shopping,True,False,True,0.9999360254630549,0.9999360254630554,5000.0,6008676.0,4,4,1.0,349.0,381.5,3,3,1.0,71888407.0,68638869.0,True,True,True,True,True,True,True,True,True
Agent,B-spline,claude no humanity,20251217_021536,1,Shopping,True,False,True,0.9999360254630549,0.9999360254630554,5000.0,6008676.0,1,1,1.0,4210.0,4210.0,0,0,0.0,,,True,False,True,False,False,False,False,False,False
Agent,B-spline,claude no humanity,20251217_021840,4,Office & Learning,True,False,True,0.9999360254630549,0.9999360254630554,5000.0,5670071.0,2,2,1.0,1025.0,1074.5,1,1,1.0,49767966.0,49767966.0,True,True,True,True,False,True,False,False,False
Agent,B-spline,claude no humanity,20251217_022148,4,Office & Learning,True,False,True,0.9999360254630549,0.9999360254630554,5000.0,5670071.0,26,26,1.0,374.0,2273.5,25,25,1.0,136894347.0,60594527.0,True,True,True,True,True,True,True,True,True
Agent,B-spline,claude no humanity,20251217_025259,4,Office & Learning,True,False,True,0.9502527161715616,0.9999360254630554,5000.0,5670071.0,23,21,0.9130434782608695,369.0,2176.0,24,24,1.0,121498505.0,58115660.0,True,True,True,True,True,True,True,True,True
Agent,B-spline,claude no humanity,20251217_032410,4,Office & Learning,True,False,True,0.9032165970981951,0.9999360254630554,5000.0,5670071.0,4,4,1.0,1538.0,2572.0,4,4,1.0,93381196.0,61336147.5,True,True,True,True,True,True,True,True,True
Agent,B-spline,claude no humanity,20251217_033106,4,Office & Learning,True,False,True,0.914743072578233,0.9999360254630554,5000.0,5670071.0,19,19,1.0,351.0,2398.0,23,23,1.0,121032144.0,60681230.0,True,True,True,True,True,True,True,True,True
Agent,B-spline,claude no humanity,20251217_035845,4,Office & Learning,True,False,True,0.9348562500269197,0.9999360254630554,5000.0,5670071.0,9,9,1.0,359.0,1965.0,9,9,1.0,135379840.0,64720879.0,True,True,True,True,True,True,True,True,True
Agent,B-spline,claude no humanity,20251217_041137,0,Social Media,True,False,True,0.9999360254630548,0.9999360254630554,5000.0,6311961.0,6,6,1.0,1221.0,2137.0,5,5,1.0,57948871.0,53558124.0,True,True,True,True,True,True,True,True,True
Agent,B-spline,claude no humanity,20251217_041808,0,Social Media,True,False,True,0.9495135714724915,0.9999360254630554,5000.0,6311961.0,7,7,1.0,357.0,2624.0,7,7,1.0,121307513.0,61842132.0,True,True,True,True,True,True,True,True,True
Agent,B-spline,claude no humanity,20251217_042915,0,Social Media,True,False,True,0.9816591977092494,0.9999360254630554,5000.0,6311961.0,21,21,1.0,352.0,1953.0,21,21,1.0,136926692.0,62550187.0,True,True,True,True,True,True,True,True,True
Agent,B-spline,claude no humanity,20251217_050027,0,Social Media,True,False,True,0.7652413021984983,0.9999360254630554,5000.0,6311961.0,2,2,1.0,2494.0,2755.0,3,3,1.0,70783427.0,63508013.0,True,True,True,True,True,True,False,True,True
Agent,B-spline,claude no humanity,20251217_050723,0,Social Media,True,False,True,0.9712614820840947,0.9999360254630554,5000.0,6311961.0,16,16,1.0,439.0,2483.0,17,17,1.0,317977155.0,67065206.0,True,True,True,True,True,True,True,True,True
Agent,B-spline,claude no humanity,20251217_053836,0,Social Media,True,False,True,0.9616894678434228,0.9999360254630554,5000.0,6311961.0,20,20,1.0,355.0,2328.0,21,21,1.0,159539950.0,69423458.0,True,True,True,True,True,True,True,True,True
Agent,B-spline,claude no humanity,20251217_060948,0,Social Media,True,False,True,0.9999360254630548,0.9999360254630554,5000.0,6311961.0,6,6,1.0,544.0,2410.5,5,5,1.0,120621557.0,58354996.0,True,True,True,True,True,True,True,True,True
Agent,B-spline,claude no humanity,20251217_061854,0,Social Media,True,False,True,0.9777668868529986,0.9999360254630554,5000.0,6311961.0,24,23,0.9583333333333334,358.0,2370.0,24,24,1.0,140851394.0,63018419.5,True,True,True,True,True,True,True,True,True
Agent,B-spline,claude no humanity,20251217_065005,0,Social Media,True,False,True,0.6306513303855706,0.9999360254630554,5000.0,6311961.0,9,9,1.0,358.0,1172.0,26,26,1.0,107596009.0,65136002.0,True,True,True,True,True,True,True,True,True
Agent,B-spline,claude no humanity,20251217_072117,0,Social Media,True,False,True,0.9999360254630549,0.9999360254630554,5000.0,6311961.0,4,4,1.0,368.0,1642.0,3,3,1.0,59690899.0,59198650.0,True,True,True,True,True,True,True,True,True
Agent,B-spline,claude no humanity,20251217_072723,0,Social Media,True,False,True,0.999936025463055,0.9999360254630554,5000.0,6311961.0,10,10,1.0,357.0,2705.5,9,9,1.0,115600632.0,60107322.0,True,True,True,True,True,True,True,True,True
Agent,B-spline,claude no humanity,20251217_074019,0,Social Media,True,False,True,0.9451237853015083,0.9999360254630554,5000.0,6311961.0,10,10,1.0,402.0,2220.5,10,10,1.0,91055028.0,61916630.5,True,True,True,True,True,True,True,True,True
Agent,B-spline,claude no humanity,20251217_075326,0,Social Media,True,False,True,0.9999360254630549,0.9999360254630554,5000.0,6311961.0,2,2,1.0,2306.0,2892.5,1,1,1.0,62676554.0,62676554.0,True,True,True,True,False,True,False,False,False
Agent,B-spline,claude no humanity,20251217_075721,0,Social Media,True,False,True,0.999936025463055,0.9999360254630554,5000.0,6311961.0,3,3,1.0,1702.0,2033.0,2,2,1.0,79338536.0,77555539.0,True,True,True,True,True,True,True,False,True
Agent,B-spline,claude no humanity,20251217_080232,0,Social Media,True,False,True,0.9999360254630549,0.9999360254630554,5000.0,6311961.0,5,5,1.0,892.0,4224.0,4,4,1.0,107207286.0,72539345.0,True,True,True,True,True,True,True,True,True
Agent,B-spline,claude no humanity,20251217_081103,0,Social Media,True,False,True,0.9999360254630549,0.9999360254630554,5000.0,6311961.0,1,1,1.0,796.0,796.0,0,0,0.0,,,True,False,True,False,False,False,False,False,False
Agent,B-spline,claude no humanity,20251217_081323,0,Social Media,True,False,True,0.9999360254630549,0.9999360254630554,5000.0,6311961.0,1,1,1.0,4471.0,4471.0,0,0,0.0,,,True,False,True,False,False,False,False,False,False
Agent,B-spline,claude no humanity,20251217_081548,0,Social Media,True,False,True,0.9999360254630549,0.9999360254630554,5000.0,6311961.0,8,7,0.875,355.0,2144.0,7,7,1.0,67338662.0,62861701.0,True,True,True,True,True,True,True,True,True
Agent,B-spline,claude no humanity,20251217_082550,4,Office & Learning,True,False,True,0.9999360254630549,0.9999360254630554,5000.0,5670071.0,4,4,1.0,359.0,782.5,3,3,1.0,108434177.0,74452605.0,True,True,True,True,True,True,True,True,True
Agent,B-spline,claude no humanity,20251217_083225,4,Office & Learning,True,False,True,0.9097226250384216,0.9999360254630554,5000.0,5670071.0,8,8,1.0,355.0,752.0,9,9,1.0,120561105.0,71928566.0,True,True,True,True,True,True,True,True,True
Agent,B-spline,claude no humanity,20251217_084622,4,Office & Learning,True,False,True,0.9483697307597958,0.9999360254630554,5000.0,5670071.0,21,20,0.9523809523809523,393.0,2432.0,23,23,1.0,135224805.0,67385798.0,True,True,True,True,True,True,True,True,True
Agent,B-spline,claude no humanity,20251217_091557,0,Social Media,True,False,True,0.9999360254630549,0.9999360254630554,5000.0,6311961.0,2,2,1.0,1128.0,2162.5,1,1,1.0,58162064.0,58162064.0,True,True,True,True,False,True,False,False,False
Agent,B-spline,claude no humanity,20251217_091917,0,Social Media,True,False,True,0.9484907553502262,0.9999360254630554,5000.0,6311961.0,9,9,1.0,548.0,1508.0,9,9,1.0,121889495.0,62825622.0,True,True,True,True,True,True,True,True,True
Agent,B-spline,claude no humanity,20251217_093321,0,Social Media,True,False,True,0.9999360254630549,0.9999360254630554,5000.0,6311961.0,1,1,1.0,3130.0,3130.0,0,0,0.0,,,True,False,True,False,False,False,False,False,False
Agent,B-spline,claude no humanity,20251217_093606,0,Social Media,True,False,True,0.999936025463055,0.9999360254630554,5000.0,6311961.0,3,3,1.0,372.0,1110.0,2,2,1.0,120946836.0,93213607.5,True,True,True,True,True,True,True,False,True
Agent,B-spline,cpm_gui_agent raw,20251214_160137,2,Video Streaming,True,False,True,1.0000506441079473,1.0000506441079475,5000.0,5927296.0,2,2,1.0,2424.0,2769.5,1,1,1.0,6509352.0,6509352.0,True,True,True,True,False,True,False,False,False
Agent,B-spline,cpm_gui_agent raw,20251214_160317,2,Video Streaming,True,False,True,1.0000506441079473,1.0000506441079475,5000.0,5927296.0,7,7,1.0,361.0,534.0,6,4,0.6666666666666666,14782287.0,6551820.5,True,True,True,True,True,True,True,True,True
Agent,B-spline,cpm_gui_agent raw,20251214_160512,2,Video Streaming,True,False,True,-0.1323786350917048,1.0000506441079475,5000.0,5927296.0,3,2,0.6666666666666666,1535.0,1908.0,6,4,0.6666666666666666,6653995.0,6053584.5,True,True,True,True,True,True,False,True,True
Agent,B-spline,cpm_gui_agent raw,20251214_160652,2,Video Streaming,True,False,True,-0.004359010005563342,1.0000506441079475,5000.0,5927296.0,3,3,1.0,2297.0,2308.0,5,5,1.0,14117405.0,6551468.0,True,True,True,True,True,True,True,True,True
Agent,B-spline,cpm_gui_agent raw,20251214_160832,2,Video Streaming,True,False,True,1.0000506441079473,1.0000506441079475,5000.0,5927296.0,6,6,1.0,394.0,2018.0,5,5,1.0,17032306.0,7523939.0,True,True,True,True,True,True,True,True,True
Agent,B-spline,cpm_gui_agent raw,20251214_161022,2,Video Streaming,True,False,True,0.833760806929616,1.0000506441079475,5000.0,5927296.0,11,11,1.0,358.0,2385.0,11,7,0.6363636363636364,6209186.0,6086092.0,True,True,True,True,True,True,True,True,True
Agent,B-spline,cpm_gui_agent raw,20251214_161232,2,Video Streaming,True,False,True,-0.14585356615727996,1.0000506441079475,5000.0,5927296.0,3,3,1.0,1228.0,2026.0,6,5,0.8333333333333334,6392627.0,6233383.0,True,True,True,True,True,True,True,True,True
Agent,B-spline,cpm_gui_agent raw,20251214_161412,2,Video Streaming,True,False,True,-0.6406014537220297,1.0000506441079475,5000.0,5927296.0,2,2,1.0,1702.0,2511.0,10,6,0.6,6345457.0,5991011.5,True,True,True,True,True,True,False,True,True
Agent,B-spline,cpm_gui_agent raw,20251214_161617,1,Shopping,True,False,True,1.0000506441079473,1.0000506441079475,5000.0,6008676.0,4,4,1.0,406.0,1288.5,3,2,0.6666666666666666,6448994.0,6132852.0,True,True,True,True,True,True,True,False,True
Agent,B-spline,cpm_gui_agent raw,20251214_161737,1,Shopping,True,False,True,1.0000506441079473,1.0000506441079475,5000.0,6008676.0,8,8,1.0,353.0,1953.0,7,3,0.42857142857142855,17885049.0,5803854.0,True,True,True,True,True,True,True,True,True
Agent,B-spline,cpm_gui_agent raw,20251214_162042,3,Trip Planning,True,False,True,1.0000506441079473,1.0000506441079475,5000.0,5957152.0,2,2,1.0,370.0,1441.0,1,1,1.0,12697699.0,12697699.0,True,True,True,True,False,True,False,False,False
Agent,B-spline,cpm_gui_agent raw,20251214_162156,3,Trip Planning,True,False,True,1.0000506441079473,1.0000506441079475,5000.0,5957152.0,4,4,1.0,437.0,1540.0,3,2,0.6666666666666666,12593750.0,6657407.0,True,True,True,True,True,True,True,False,True
Agent,B-spline,cpm_gui_agent raw,20251214_162321,3,Trip Planning,True,False,True,1.0000506441079473,1.0000506441079475,5000.0,5957152.0,9,9,1.0,359.0,1750.0,8,6,0.75,12940629.0,6075799.0,True,True,True,True,True,True,True,True,True
Agent,B-spline,cpm_gui_agent raw,20251214_162516,3,Trip Planning,True,False,True,1.0000506441079473,1.0000506441079475,5000.0,5957152.0,2,2,1.0,371.0,1671.5,1,1,1.0,12759395.0,12759395.0,True,True,True,True,False,True,False,False,False
Agent,B-spline,cpm_gui_agent raw,20251214_162631,3,Trip Planning,True,False,True,1.0000506441079473,1.0000506441079475,5000.0,5957152.0,5,5,1.0,746.0,2544.0,4,2,0.5,12714618.0,6310636.0,True,True,True,True,True,True,True,False,True
Agent,B-spline,cpm_gui_agent raw,20251214_162801,3,Trip Planning,True,False,True,1.0000506441079473,1.0000506441079475,5000.0,5957152.0,10,9,0.9,379.0,1240.5,9,6,0.6666666666666666,12972162.0,6378195.0,True,True,True,True,True,True,True,True,True
Agent,B-spline,cpm_gui_agent raw,20251214_163001,3,Trip Planning,True,False,True,0.6630218384649288,1.0000506441079475,5000.0,5957152.0,5,5,1.0,486.0,2445.0,5,5,1.0,13149566.0,6780066.0,True,True,True,True,True,True,True,True,True
Agent,B-spline,cpm_gui_agent raw,20251214_163141,3,Trip Planning,True,False,True,1.0000506441079473,1.0000506441079475,5000.0,5957152.0,6,6,1.0,384.0,1120.0,5,4,0.8,13463880.0,6709972.0,True,True,True,True,True,True,True,True,True
Agent,B-spline,cpm_gui_agent raw,20251214_163326,3,Trip Planning,True,False,True,0.7500503837175578,1.0000506441079475,5000.0,5957152.0,14,14,1.0,350.0,1121.5,15,14,0.9333333333333333,15067061.0,6938763.0,True,True,True,True,True,True,True,True,True
Agent,B-spline,cpm_gui_agent raw,20251214_163622,3,Trip Planning,True,False,True,0.9925061788650724,1.0000506441079475,5000.0,5957152.0,264,264,1.0,341.0,1573.5,264,261,0.9886363636363636,11894377.0,6587856.5,True,True,True,True,True,True,True,True,True
Agent,B-spline,cpm_gui_agent raw,20251214_170636,3,Trip Planning,True,False,True,0.9935825746884723,1.0000506441079475,5000.0,5957152.0,307,306,0.996742671009772,370.0,2013.0,307,88,0.28664495114006516,17765933.0,5816131.0,True,True,True,True,True,True,True,True,True
Agent,B-spline,cpm_gui_agent raw,20251214_173748,3,Trip Planning,True,False,True,1.0000506441079473,1.0000506441079475,5000.0,5957152.0,218,215,0.9862385321100917,342.0,2232.0,217,60,0.2764976958525346,17801881.0,5897815.0,True,True,True,True,True,True,True,True,True
Agent,B-spline,cpm_gui_agent raw,20251214_180022,3,Trip Planning,True,False,True,0.7918406500467526,1.0000506441079475,5000.0,5957152.0,17,16,0.9411764705882353,381.0,1305.0,18,17,0.9444444444444444,10538984.0,6354993.5,True,True,True,True,True,True,True,True,True
Agent,B-spline,cpm_gui_agent raw,20251214_180435,3,Trip Planning,True,False,True,1.0000506441079473,1.0000506441079475,5000.0,5957152.0,13,12,0.9230769230769231,365.0,943.0,12,6,0.5,6673107.0,5963696.5,True,True,True,True,True,True,True,True,True
Agent,B-spline,cpm_gui_agent raw,20251214_180650,4,Office & Learning,True,False,True,1.0000506441079473,1.0000506441079475,5000.0,5670071.0,4,4,1.0,496.0,1263.0,3,3,1.0,6369036.0,6150035.0,True,True,True,True,True,True,True,True,True
Agent,B-spline,cpm_gui_agent raw,20251214_180810,4,Office & Learning,True,False,True,1.0000506441079473,1.0000506441079475,5000.0,5670071.0,3,3,1.0,836.0,3624.0,2,2,1.0,6327241.0,6139714.0,True,True,True,True,True,True,True,False,True
Agent,B-spline,cpm_gui_agent raw,20251214_180925,4,Office & Learning,True,False,True,1.0000506441079473,1.0000506441079475,5000.0,5670071.0,19,19,1.0,373.0,1741.0,18,15,0.8333333333333334,6967807.0,5984206.0,True,True,True,True,True,True,True,True,True
Agent,B-spline,cpm_gui_agent raw,20251214_181215,4,Office & Learning,True,False,True,1.0000506441079473,1.0000506441079475,5000.0,5670071.0,3,3,1.0,403.0,738.0,2,2,1.0,6462823.0,6193521.5,True,True,True,True,True,True,True,False,True
Agent,B-spline,cpm_gui_agent raw,20251214_181330,4,Office & Learning,True,False,True,1.0000506441079473,1.0000506441079475,5000.0,5670071.0,8,7,0.875,423.0,2453.5,7,2,0.2857142857142857,13362600.0,5515231.0,True,True,True,True,True,True,True,False,True
Agent,B-spline,cpm_gui_agent raw,20251214_181625,1,Shopping,True,False,True,1.0000506441079473,1.0000506441079475,5000.0,6008676.0,5,4,0.8,714.0,3600.0,4,4,1.0,15942865.0,6945310.5,True,True,True,True,True,True,True,True,True
Agent,B-spline,cpm_gui_agent raw,20251214_181806,1,Shopping,True,False,True,0.6607403983867616,1.0000506441079475,5000.0,6008676.0,5,2,0.4,377.0,5676.0,5,5,1.0,14862735.0,7337530.0,True,True,True,True,True,True,False,True,True
Agent,B-spline,cpm_gui_agent raw,20251214_181951,1,Shopping,True,False,True,0.8960719164731513,1.0000506441079475,5000.0,6008676.0,36,36,1.0,345.0,500.5,37,35,0.9459459459459459,15111493.0,8019049.0,True,True,True,True,True,True,True,True,True
Agent,B-spline,cpm_gui_agent raw,20251214_182557,1,Shopping,True,False,True,1.0000506441079473,1.0000506441079475,5000.0,6008676.0,1,0,0.0,8622.0,8622.0,0,0,0.0,,,False,False,False,False,False,False,False,False,False
Agent,B-spline,cpm_gui_agent raw,20251214_182707,1,Shopping,True,False,True,1.0000506441079473,1.0000506441079475,5000.0,6008676.0,2,1,0.5,4063.0,6968.5,1,1,1.0,6768872.0,6768872.0,True,True,True,False,False,False,False,False,False
Agent,B-spline,cpm_gui_agent raw,20251214_182931,1,Shopping,True,False,True,1.0000506441079473,1.0000506441079475,5000.0,6008676.0,2,2,1.0,363.0,489.0,1,0,0.0,5722238.0,5722238.0,True,False,True,True,False,True,False,False,False
Agent,B-spline,cpm_gui_agent raw,20251214_183041,1,Shopping,True,False,True,0.7506738589634757,1.0000506441079475,5000.0,6008676.0,7,7,1.0,358.0,1830.0,7,7,1.0,8097513.0,7010054.0,True,True,True,True,True,True,True,True,True
Agent,B-spline,cpm_gui_agent raw,20251214_183233,1,Shopping,True,False,True,1.0000506441079473,1.0000506441079475,5000.0,6008676.0,1,1,1.0,969.0,969.0,0,0,0.0,,,True,False,True,False,False,False,False,False,False
Agent,B-spline,cpm_gui_agent raw,20251214_183343,3,Trip Planning,True,False,True,1.0000506441079473,1.0000506441079475,5000.0,5957152.0,11,11,1.0,384.0,1048.0,10,7,0.7,15778509.0,6799418.5,True,True,True,True,True,True,True,True,True
Agent,B-spline,cpm_gui_agent raw,20251214_183608,3,Trip Planning,True,False,True,1.0000506441079473,1.0000506441079475,5000.0,5957152.0,10,10,1.0,388.0,1542.0,9,5,0.5555555555555556,6801794.0,6296060.0,True,True,True,True,True,True,True,True,True
Agent,B-spline,cpm_gui_agent raw,20251214_183808,3,Trip Planning,True,False,True,0.9875764699276,1.0000506441079475,5000.0,5957152.0,160,152,0.95,365.0,2352.0,160,142,0.8875,7204530.0,6380585.0,True,True,True,True,True,True,True,True,True
Agent,B-spline,cpm_gui_agent raw,20251214_185715,3,Trip Planning,True,False,True,1.0000506441079473,1.0000506441079475,5000.0,5957152.0,10,9,0.9,368.0,1864.5,9,7,0.7777777777777778,6798805.0,6084153.0,True,True,True,True,True,True,True,True,True
Agent,B-spline,cpm_gui_agent raw,20251214_185915,3,Trip Planning,True,False,True,0.9797785694864419,1.0000506441079475,5000.0,5957152.0,97,96,0.9896907216494846,344.0,1014.0,97,41,0.422680412371134,7129746.0,5893599.0,True,True,True,True,True,True,True,True,True
Agent,B-spline,cpm_gui_agent raw,20251214_190957,1,Shopping,True,False,True,1.0000506441079473,1.0000506441079475,5000.0,6008676.0,3,3,1.0,2415.0,3036.0,2,2,1.0,19250984.0,13134601.5,True,True,True,True,True,True,True,False,True
Agent,B-spline,cpm_gui_agent raw,20251214_191126,1,Shopping,True,False,True,0.328627642337181,1.0000506441079475,5000.0,6008676.0,4,2,0.5,395.0,5201.5,5,5,1.0,17526464.0,7352919.0,True,True,True,True,True,True,False,True,True
Agent,B-spline,cpm_gui_agent raw,20251214_191317,1,Shopping,True,False,True,0.3653147836741604,1.0000506441079475,5000.0,6008676.0,17,15,0.8823529411764706,362.0,1756.0,24,23,0.9583333333333334,16923664.0,7101784.5,True,True,True,True,True,True,True,True,True
Agent,B-spline,cpm_gui_agent raw,20251214_191717,1,Shopping,True,False,True,1.0000506441079473,1.0000506441079475,5000.0,6008676.0,2,2,1.0,2326.0,2641.5,1,1,1.0,15666549.0,15666549.0,True,True,True,True,False,True,False,False,False
Agent,B-spline,cpm_gui_agent raw,20251214_191837,1,Shopping,True,False,True,1.0000506441079473,1.0000506441079475,5000.0,6008676.0,172,170,0.9883720930232558,348.0,554.0,171,171,1.0,17680992.0,6759089.0,True,True,True,True,True,True,True,True,True
Agent,B-spline,cpm_gui_agent raw,20251214_193910,1,Shopping,True,False,True,1.0000506441079473,1.0000506441079475,5000.0,6008676.0,137,112,0.8175182481751825,354.0,622.0,136,125,0.9191176470588235,18208168.0,6497538.0,True,True,True,True,True,True,True,True,True
Agent,B-spline,cpm_gui_agent raw,20251214_195507,1,Shopping,True,False,True,1.0000506441079473,1.0000506441079475,5000.0,6008676.0,2,2,1.0,394.0,1103.0,1,1,1.0,16696938.0,16696938.0,True,True,True,True,False,True,False,False,False
Agent,B-spline,cpm_gui_agent raw,20251214_195627,1,Shopping,True,False,True,1.0000506441079473,1.0000506441079475,5000.0,6008676.0,9,7,0.7777777777777778,522.0,2641.0,8,6,0.75,16678479.0,6610337.5,True,True,True,True,True,True,True,True,True
Agent,B-spline,cpm_gui_agent raw,20251214_195832,1,Shopping,True,False,True,1.0000506441079473,1.0000506441079475,5000.0,6008676.0,232,201,0.8663793103448276,356.0,631.5,231,229,0.9913419913419913,16243771.0,6469914.0,True,True,True,True,True,True,True,True,True
Agent,B-spline,cpm_gui_agent raw,20251214_202449,4,Office & Learning,True,False,True,1.0000506441079473,1.0000506441079475,5000.0,5670071.0,2,2,1.0,370.0,1055.0,1,1,1.0,5727643.0,5727643.0,True,True,True,True,False,True,False,False,False
Agent,B-spline,cpm_gui_agent raw,20251214_202549,4,Office & Learning,True,False,True,1.0000506441079473,1.0000506441079475,5000.0,5670071.0,4,4,1.0,382.0,959.0,3,1,0.3333333333333333,6060626.0,5588238.0,True,True,True,True,False,True,True,False,True
Agent,B-spline,cpm_gui_agent raw,20251214_202714,4,Office & Learning,True,False,True,1.0000506441079473,1.0000506441079475,5000.0,5670071.0,321,313,0.9750778816199377,353.0,2050.0,320,146,0.45625,6803485.0,5634406.0,True,True,True,True,True,True,True,True,True
Agent,B-spline,cpm_gui_agent raw,20251214_205825,4,Office & Learning,True,False,True,0.5991842623145253,1.0000506441079475,5000.0,5670071.0,8,8,1.0,355.0,2290.0,9,7,0.7777777777777778,6239071.0,5798220.0,True,True,True,True,True,True,True,True,True
Agent,B-spline,cpm_gui_agent raw,20251214_210020,4,Office & Learning,True,False,True,-0.6621169460351751,1.0000506441079475,5000.0,5670071.0,22,22,1.0,428.0,2020.5,128,123,0.9609375,6615758.0,5959656.5,True,True,True,True,True,True,True,True,True
Agent,B-spline,cpm_gui_agent raw,20251214_211432,4,Office & Learning,True,False,True,0.22269888553521286,1.0000506441079475,5000.0,5670071.0,11,11,1.0,1136.0,2412.0,17,15,0.8823529411764706,6451887.0,6141310.0,True,True,True,True,True,True,True,True,True
Agent,B-spline,cpm_gui_agent raw,20251214_211827,0,Social Media,True,False,True,1.0000506441079473,1.0000506441079475,5000.0,6311961.0,3,3,1.0,757.0,2517.0,2,1,0.5,14508631.0,10167179.5,True,True,True,True,False,True,True,False,True
Agent,B-spline,cpm_gui_agent raw,20251214_212427,0,Social Media,True,False,True,1.0000506441079473,1.0000506441079475,5000.0,6311961.0,5,4,0.8,574.0,2207.0,4,3,0.75,16145611.0,6512106.5,True,True,True,True,True,True,True,True,True
Agent,B-spline,cpm_gui_agent raw,20251214_212602,0,Social Media,True,False,True,1.0000506441079473,1.0000506441079475,5000.0,6311961.0,5,5,1.0,1264.0,2416.0,4,2,0.5,14815394.0,6206621.5,True,True,True,True,True,True,True,False,True
Agent,B-spline,cpm_gui_agent raw,20251214_212737,0,Social Media,True,False,True,0.8733602707237734,1.0000506441079475,5000.0,6311961.0,15,15,1.0,352.0,2391.0,15,5,0.3333333333333333,18214497.0,6028720.0,True,True,True,True,True,True,True,True,True
Agent,B-spline,cpm_gui_agent raw,20251214_213033,0,Social Media,True,False,True,1.0000506441079473,1.0000506441079475,5000.0,6311961.0,3,3,1.0,376.0,409.0,2,1,0.5,14689062.0,10410753.5,True,True,True,True,False,True,True,False,True
Agent,B-spline,cpm_gui_agent raw,20251214_213152,0,Social Media,True,False,True,1.0000506441079473,1.0000506441079475,5000.0,6311961.0,2,2,1.0,1326.0,1441.5,1,1,1.0,6477033.0,6477033.0,True,True,True,True,False,True,False,False,False
Agent,B-spline,cpm_gui_agent raw,20251214_213307,0,Social Media,True,False,True,0.7793642610103311,1.0000506441079475,5000.0,6311961.0,8,8,1.0,361.0,2643.5,8,5,0.625,20762515.0,6558201.0,True,True,True,True,True,True,True,True,True
Agent,B-spline,cpm_gui_agent raw,20251214_213522,0,Social Media,True,False,True,1.0000506441079473,1.0000506441079475,5000.0,6311961.0,2,2,1.0,1936.0,2292.0,1,1,1.0,15143137.0,15143137.0,True,True,True,True,False,True,False,False,False
Agent,B-spline,cpm_gui_agent raw,20251214_213642,0,Social Media,True,False,True,1.0000506441079473,1.0000506441079475,5000.0,6311961.0,3,3,1.0,376.0,3511.0,2,2,1.0,14393954.0,10614587.0,True,True,True,True,True,True,True,False,True
Agent,B-spline,cpm_gui_agent raw,20251214_213807,0,Social Media,True,False,True,1.000050644107947,1.0000506441079475,5000.0,6311961.0,43,42,0.9767441860465116,415.0,2029.0,42,40,0.9523809523809523,18875694.0,6755372.5,True,True,True,True,True,True,True,True,True
Agent,B-spline,cpm_gui_agent raw,20251214_214413,0,Social Media,True,False,True,0.3358435648538191,1.0000506441079475,5000.0,6311961.0,2,2,1.0,2103.0,2863.0,2,2,1.0,7225159.0,7216247.0,True,True,True,True,True,True,False,False,False
Agent,B-spline,cpm_gui_agent raw,20251214_214528,0,Social Media,True,False,True,0.6719566998305901,1.0000506441079475,5000.0,6311961.0,10,9,0.9,547.0,2608.5,11,10,0.9090909090909091,8256795.0,7582757.0,True,True,True,True,True,True,True,True,True
Agent,B-spline,cpm_gui_agent raw,20251214_214753,0,Social Media,True,False,True,1.0000506441079473,1.0000506441079475,5000.0,6311961.0,3,3,1.0,428.0,448.0,2,2,1.0,7918468.0,7740628.0,True,True,True,True,True,True,True,False,True
Agent,B-spline,cpm_gui_agent raw,20251214_214913,4,Office & Learning,True,False,True,1.0000506441079473,1.0000506441079475,5000.0,5670071.0,1,1,1.0,455.0,455.0,0,0,0.0,,,True,False,True,False,False,False,False,False,False
Agent,B-spline,cpm_gui_agent raw,20251214_215023,4,Office & Learning,True,False,True,1.0000506441079473,1.0000506441079475,5000.0,5670071.0,8,8,1.0,364.0,1863.5,7,7,1.0,13007348.0,6753996.0,True,True,True,True,True,True,True,True,True
Agent,B-spline,cpm_gui_agent raw,20251214_215218,4,Office & Learning,True,False,True,1.0000506441079473,1.0000506441079475,5000.0,5670071.0,6,6,1.0,440.0,1905.5,5,4,0.8,12588666.0,6561236.0,True,True,True,True,True,True,True,True,True
Agent,B-spline,cpm_gui_agent raw,20251214_215358,0,Social Media,True,False,True,0.8474110040710113,1.0000506441079475,5000.0,6311961.0,12,11,0.9166666666666666,365.0,684.0,12,4,0.3333333333333333,114916674.0,5858859.0,True,True,True,True,True,True,True,True,True
Agent,B-spline,cpm_gui_agent raw,20251214_215807,0,Social Media,True,False,True,1.0000506441079473,1.0000506441079475,5000.0,6311961.0,10,10,1.0,357.0,622.5,9,4,0.4444444444444444,6686688.0,6090131.0,True,True,True,True,True,True,True,True,True
Agent,B-spline,cpm_gui_agent raw,20251214_220005,0,Social Media,True,False,True,1.0000506441079473,1.0000506441079475,5000.0,6311961.0,1,1,1.0,2115.0,2115.0,0,0,0.0,,,True,False,True,False,False,False,False,False,False
Agent,B-spline,open_autoglm_agent_raw,20260204_135751,1,Shopping,True,False,True,0.9995329004256659,0.9995329004256664,5000.0,6008676.0,16,16,1.0,370.0,1618.0,15,15,1.0,42520125.0,15863181.0,True,True,True,True,True,True,True,True,True
Agent,B-spline,open_autoglm_agent_raw,20260204_141548,1,Shopping,True,True,True,1.0525396199290857,0.9995329004256664,5000.0,6008676.0,25,24,0.96,388.0,2769.0,27,27,1.0,39044452.0,14802580.0,True,True,True,True,True,True,True,True,True
Agent,B-spline,open_autoglm_agent_raw,20260204_153227,1,Shopping,True,True,True,1.0313182532324419,0.9995329004256664,5000.0,6008676.0,8,8,1.0,366.0,886.5,8,8,1.0,29797314.0,20734979.0,True,True,True,True,True,True,True,True,True
Agent,B-spline,open_autoglm_agent_raw,20260204_151537,1,Shopping,True,False,True,0.9995329004256661,0.9995329004256664,5000.0,6008676.0,11,10,0.9090909090909091,357.0,1736.0,10,10,1.0,42014502.0,15761105.5,True,True,True,True,True,True,True,True,True
Agent,B-spline,open_autoglm_agent_raw,20260204_152026,1,Shopping,True,False,True,0.9995329004256661,0.9995329004256664,5000.0,6008676.0,11,10,0.9090909090909091,348.0,2158.0,10,10,1.0,48653987.0,14758857.5,True,True,True,True,True,True,True,True,True
Agent,B-spline,open_autoglm_agent_raw,20260204_153703,1,Shopping,True,False,True,0.9995329004256659,0.9995329004256664,5000.0,6008676.0,8,8,1.0,359.0,1406.5,7,7,1.0,31183912.0,15626168.0,True,True,True,True,True,True,True,True,True
Agent,B-spline,open_autoglm_agent_raw,20260204_154027,1,Shopping,True,True,True,1.294475703992096,0.9995329004256664,5000.0,6008676.0,11,8,0.7272727272727273,352.0,818.0,17,17,1.0,51303563.0,13937251.0,True,True,True,True,True,True,True,True,True
Agent,B-spline,open_autoglm_agent_raw,20260204_154707,1,Shopping,True,False,True,0.9995329004256661,0.9995329004256664,5000.0,6008676.0,11,10,0.9090909090909091,438.0,1363.0,10,10,1.0,39033864.0,15706368.0,True,True,True,True,True,True,True,True,True
Agent,B-spline,open_autoglm_agent_raw,20260204_155154,3,Trip Planning,True,True,True,1.2971473901098476,0.9995329004256664,5000.0,5957152.0,7,5,0.7142857142857143,1128.0,3064.0,12,12,1.0,38654644.0,23345289.5,True,True,True,True,True,True,True,True,True
Agent,B-spline,open_autoglm_agent_raw,20260204_155957,3,Trip Planning,True,False,True,0.9995329004256661,0.9995329004256664,5000.0,5957152.0,20,17,0.85,362.0,1836.5,19,19,1.0,152179215.0,17236041.0,True,True,True,True,True,True,True,True,True
Agent,B-spline,open_autoglm_agent_raw,20260204_162915,3,Trip Planning,True,True,True,1.0731837732690908,0.9995329004256664,5000.0,5957152.0,18,17,0.9444444444444444,373.0,2008.0,21,21,1.0,41205537.0,15842938.0,True,True,True,True,True,True,True,True,True
Agent,B-spline,open_autoglm_agent_raw,20260204_163830,3,Trip Planning,True,True,True,1.0196422520583162,0.9995329004256664,5000.0,5957152.0,23,21,0.9130434782608695,354.0,1436.0,23,23,1.0,55432212.0,15923618.0,True,True,True,True,True,True,True,True,True
Agent,B-spline,open_autoglm_agent_raw,20260204_164737,3,Trip Planning,True,True,True,1.1816611005887037,0.9995329004256664,5000.0,5957152.0,11,10,0.9090909090909091,347.0,2213.0,78,78,1.0,71249313.0,13132724.0,True,True,True,True,True,True,True,True,True
Agent,B-spline,open_autoglm_agent_raw,20260204_171427,2,Video Streaming,True,False,True,0.9995329004256659,0.9995329004256664,5000.0,5927296.0,4,3,0.75,385.0,483.0,3,3,1.0,39094847.0,17003661.0,True,True,True,True,True,True,True,True,True
Agent,B-spline,open_autoglm_agent_raw,20260204_171737,2,Video Streaming,True,False,True,0.9995329004256659,0.9995329004256664,5000.0,5927296.0,4,4,1.0,359.0,380.0,3,3,1.0,39115769.0,16018034.0,True,True,True,True,True,True,True,True,True
Agent,B-spline,open_autoglm_agent_raw,20260204_172028,2,Video Streaming,True,False,True,0.9995329004256659,0.9995329004256664,5000.0,5927296.0,5,5,1.0,379.0,1278.0,4,4,1.0,29468453.0,15561681.0,True,True,True,True,True,True,True,True,True
Agent,B-spline,open_autoglm_agent_raw,20260204_172418,2,Video Streaming,True,True,True,1.2889370114155259,0.9995329004256664,5000.0,5927296.0,11,11,1.0,507.0,1856.0,22,22,1.0,16090746.0,13584938.0,True,True,True,True,True,True,True,True,True
Agent,B-spline,open_autoglm_agent_raw,20260204_173136,2,Video Streaming,True,False,True,0.9995329004256659,0.9995329004256664,5000.0,5927296.0,4,4,1.0,465.0,940.5,3,3,1.0,61173459.0,37593315.0,True,True,True,True,True,True,True,True,True
Agent,B-spline,open_autoglm_agent_raw,20260204_173452,2,Video Streaming,True,True,True,1.3270273191950777,0.9995329004256664,5000.0,5927296.0,10,10,1.0,334.0,2280.0,22,22,1.0,41950433.0,16262886.5,True,True,True,True,True,True,True,True,True
Agent,B-spline,open_autoglm_agent_raw,20260204_174341,2,Video Streaming,True,True,True,1.0535015567766326,0.9995329004256664,5000.0,5927296.0,22,21,0.9545454545454546,350.0,430.0,23,23,1.0,99650218.0,25337264.0,True,True,True,True,True,True,True,True,True
Agent,B-spline,open_autoglm_agent_raw,20260204_181741,2,Video Streaming,True,True,True,1.1999611719417496,0.9995329004256664,5000.0,5927296.0,18,18,1.0,404.0,1762.5,26,26,1.0,25453279.0,14858630.0,True,True,True,True,True,True,True,True,True
Agent,B-spline,open_autoglm_agent_raw,20260204_182609,2,Video Streaming,True,True,True,1.019450733153944,0.9995329004256664,5000.0,5927296.0,86,84,0.9767441860465116,341.0,459.5,97,97,1.0,21801473.0,17016783.0,True,True,True,True,True,True,True,True,True
Agent,B-spline,open_autoglm_agent_raw,20260204_185608,2,Video Streaming,True,True,True,1.2136307138354094,0.9995329004256664,5000.0,5927296.0,9,9,1.0,373.0,2189.0,13,13,1.0,46899706.0,16329474.0,True,True,True,True,True,True,True,True,True
Agent,B-spline,open_autoglm_agent_raw,20260204_190158,2,Video Streaming,True,False,True,0.9995329004256659,0.9995329004256664,5000.0,5927296.0,2,1,0.5,725.0,6275.5,1,1,1.0,39603561.0,39603561.0,True,True,True,False,False,False,False,False,False
Agent,B-spline,open_autoglm_agent_raw,20260204_190415,2,Video Streaming,True,False,True,0.9995329004256659,0.9995329004256664,5000.0,5927296.0,6,6,1.0,458.0,1749.0,5,5,1.0,37958929.0,14076530.0,True,True,True,True,True,True,True,True,True
Agent,B-spline,open_autoglm_agent_raw,20260204_190724,2,Video Streaming,True,False,True,0.9995329004256661,0.9995329004256664,5000.0,5927296.0,11,11,1.0,367.0,447.0,10,10,1.0,38905293.0,14397686.5,True,True,True,True,True,True,True,True,True
Agent,B-spline,open_autoglm_agent_raw,20260204_191218,2,Video Streaming,True,True,True,1.3577817497666167,0.9995329004256664,5000.0,5927296.0,4,4,1.0,1039.0,1457.5,9,9,1.0,27428371.0,14771950.0,True,True,True,True,True,True,True,True,True
Agent,B-spline,open_autoglm_agent_raw,20260204_191632,2,Video Streaming,True,True,True,1.0254390571296688,0.9995329004256664,5000.0,5927296.0,95,94,0.9894736842105263,375.0,2258.0,99,99,1.0,16454223.0,14083911.0,True,True,True,True,True,True,True,True,True
Agent,B-spline,open_autoglm_agent_raw,20260204_194134,2,Video Streaming,True,True,True,1.0576136048223406,0.9995329004256664,5000.0,5927296.0,86,86,1.0,363.0,2309.5,93,93,1.0,41562112.0,13978078.0,True,True,True,True,True,True,True,True,True
Agent,B-spline,open_autoglm_agent_raw,20260204_200635,2,Video Streaming,True,False,True,0.9995329004256659,0.9995329004256664,5000.0,5927296.0,1,1,1.0,2201.0,2201.0,0,0,0.0,,,True,False,True,False,False,False,False,False,False
Agent,B-spline,open_autoglm_agent_raw,20260204_200814,2,Video Streaming,True,False,True,0.9995329004256659,0.9995329004256664,5000.0,5927296.0,4,4,1.0,388.0,625.5,3,3,1.0,15373117.0,14072288.0,True,True,True,True,True,True,True,True,True
Agent,B-spline,open_autoglm_agent_raw,20260204_201050,2,Video Streaming,True,True,True,1.0797386615992306,0.9995329004256664,5000.0,5927296.0,14,13,0.9285714285714286,353.0,719.0,16,16,1.0,41987190.0,14547616.0,True,True,True,True,True,True,True,True,True
Agent,B-spline,open_autoglm_agent_raw,20260204_201717,1,Shopping,True,False,True,0.9995329004256659,0.9995329004256664,5000.0,6008676.0,1,0,0.0,10045.0,10045.0,0,0,0.0,,,False,False,False,False,False,False,False,False,False
Agent,B-spline,open_autoglm_agent_raw,20260204_201908,1,Shopping,True,False,True,0.9995329004256661,0.9995329004256664,5000.0,6008676.0,30,29,0.9666666666666667,367.0,1839.5,29,29,1.0,37888376.0,13440316.0,True,True,True,True,True,True,True,True,True
Agent,B-spline,open_autoglm_agent_raw,20260204_202902,1,Shopping,True,True,True,1.030793067394179,0.9995329004256664,5000.0,6008676.0,86,82,0.9534883720930233,352.0,2049.0,89,89,1.0,51733803.0,12810953.0,True,True,True,True,True,True,True,True,True
Agent,B-spline,open_autoglm_agent_raw,20260204_205325,3,Trip Planning,True,False,True,0.9995329004256659,0.9995329004256664,5000.0,5957152.0,2,2,1.0,373.0,1539.5,1,1,1.0,12958552.0,12958552.0,True,True,True,True,False,True,False,False,False
Agent,B-spline,open_autoglm_agent_raw,20260204_205535,3,Trip Planning,True,False,True,0.9995329004256659,0.9995329004256664,5000.0,5957152.0,5,5,1.0,384.0,487.0,4,4,1.0,38806255.0,21769759.5,True,True,True,True,True,True,True,True,True
Agent,B-spline,open_autoglm_agent_raw,20260204_205852,3,Trip Planning,True,False,True,0.9995329004256659,0.9995329004256664,5000.0,5957152.0,4,4,1.0,1646.0,2234.5,3,3,1.0,15342189.0,14939301.0,True,True,True,True,True,True,True,True,True
Agent,B-spline,open_autoglm_agent_raw,20260204_210220,3,Trip Planning,True,False,True,0.9995329004256659,0.9995329004256664,5000.0,5957152.0,2,2,1.0,375.0,1257.5,1,1,1.0,39928615.0,39928615.0,True,True,True,True,False,True,False,False,False
Agent,B-spline,open_autoglm_agent_raw,20260204_210437,3,Trip Planning,True,False,True,0.9995329004256659,0.9995329004256664,5000.0,5957152.0,4,4,1.0,407.0,2617.0,3,3,1.0,39315878.0,14736716.0,True,True,True,True,True,True,True,True,True
Agent,B-spline,open_autoglm_agent_raw,20260204_210721,3,Trip Planning,True,True,True,1.0089085374748914,0.9995329004256664,5000.0,5957152.0,97,96,0.9896907216494846,351.0,993.0,97,97,1.0,39968552.0,13553286.0,True,True,True,True,True,True,True,True,True
Agent,B-spline,open_autoglm_agent_raw,20260204_213130,3,Trip Planning,True,False,True,0.9995329004256659,0.9995329004256664,5000.0,5957152.0,5,5,1.0,1197.0,1953.0,4,4,1.0,27502885.0,14399987.5,True,True,True,True,True,True,True,True,True
Agent,B-spline,open_autoglm_agent_raw,20260204_213426,3,Trip Planning,True,False,True,0.9995329004256659,0.9995329004256664,5000.0,5957152.0,6,5,0.8333333333333334,399.0,2078.5,5,5,1.0,38134381.0,13184552.0,True,True,True,True,True,True,True,True,True
Agent,B-spline,open_autoglm_agent_raw,20260204_213710,3,Trip Planning,True,True,True,1.371100313269671,0.9995329004256664,5000.0,5957152.0,29,28,0.9655172413793104,386.0,2240.0,86,86,1.0,40168373.0,14302039.0,True,True,True,True,True,True,True,True,True
Agent,B-spline,open_autoglm_agent_raw,20260204_220331,3,Trip Planning,True,False,True,0.9995329004256659,0.9995329004256664,5000.0,5957152.0,2,2,1.0,445.0,603.0,1,1,1.0,26654522.0,26654522.0,True,True,True,True,False,True,False,False,False
Agent,B-spline,open_autoglm_agent_raw,20260204_220601,3,Trip Planning,True,True,True,1.0551425154973275,0.9995329004256664,5000.0,5957152.0,10,10,1.0,353.0,953.0,10,10,1.0,26757774.0,12935688.0,True,True,True,True,True,True,True,True,True
Agent,B-spline,open_autoglm_agent_raw,20260204_221009,3,Trip Planning,True,True,True,1.0098233147439712,0.9995329004256664,5000.0,5957152.0,16,16,1.0,368.0,1727.5,16,16,1.0,30494694.0,13797245.5,True,True,True,True,True,True,True,True,True
Agent,B-spline,open_autoglm_agent_raw,20260204_221654,3,Trip Planning,True,False,True,0.9995329004256659,0.9995329004256664,5000.0,5957152.0,2,2,1.0,1386.0,1907.5,1,1,1.0,27750344.0,27750344.0,True,True,True,True,False,True,False,False,False
Agent,B-spline,open_autoglm_agent_raw,20260204_221917,3,Trip Planning,True,False,True,0.9995329004256659,0.9995329004256664,5000.0,5957152.0,8,8,1.0,344.0,1420.0,7,7,1.0,28867812.0,13816385.0,True,True,True,True,True,True,True,True,True
Agent,B-spline,open_autoglm_agent_raw,20260204_222246,3,Trip Planning,True,True,True,1.0525493077650496,0.9995329004256664,5000.0,5957152.0,14,14,1.0,368.0,1050.5,14,14,1.0,35288116.0,14540065.5,True,True,True,True,True,True,True,True,True
Agent,B-spline,open_autoglm_agent_raw,20260204_222824,4,Office & Learning,True,False,True,0.9995329004256659,0.9995329004256664,5000.0,5670071.0,5,5,1.0,465.0,547.0,4,4,1.0,15411531.0,13311783.5,True,True,True,True,True,True,True,True,True
Agent,B-spline,open_autoglm_agent_raw,20260204_223054,4,Office & Learning,True,True,True,1.456852922688541,0.9995329004256664,5000.0,5670071.0,19,19,1.0,769.0,2346.0,60,60,1.0,24917919.0,13740365.0,True,True,True,True,True,True,True,True,True
Agent,B-spline,open_autoglm_agent_raw,20260204_224720,4,Office & Learning,True,True,True,1.291064006999123,0.9995329004256664,5000.0,5670071.0,11,11,1.0,355.0,2578.0,33,33,1.0,15465110.0,13612800.0,True,True,True,True,True,True,True,True,True
Agent,B-spline,open_autoglm_agent_raw,20260204_225654,4,Office & Learning,True,False,True,0.9995329004256659,0.9995329004256664,5000.0,5670071.0,4,3,0.75,1192.0,3103.5,3,3,1.0,14304643.0,13948242.0,True,True,True,True,True,True,True,True,True
Agent,B-spline,open_autoglm_agent_raw,20260204_225911,4,Office & Learning,True,False,True,0.9995329004256659,0.9995329004256664,5000.0,5670071.0,7,7,1.0,539.0,2455.0,6,6,1.0,13259928.0,13172754.5,True,True,True,True,True,True,True,True,True
Agent,B-spline,open_autoglm_agent_raw,20260204_230200,4,Office & Learning,True,False,True,0.9995329004256662,0.9995329004256664,5000.0,5670071.0,12,10,0.8333333333333334,799.0,2333.5,11,11,1.0,17307989.0,13808271.0,True,True,True,True,True,True,True,True,True
Agent,B-spline,open_autoglm_agent_raw,20260204_230615,1,Shopping,True,False,True,0.9995329004256659,0.9995329004256664,5000.0,6008676.0,4,3,0.75,394.0,2463.5,3,3,1.0,40759592.0,17152180.0,True,True,True,True,True,True,True,True,True
Agent,B-spline,open_autoglm_agent_raw,20260204_230919,1,Shopping,True,True,True,1.1702292979351854,0.9995329004256664,5000.0,6008676.0,4,4,1.0,360.0,371.0,4,4,1.0,27608797.0,15369962.5,True,True,True,True,True,True,True,True,True
Agent,B-spline,open_autoglm_agent_raw,20260204_235240,1,Shopping,True,False,True,0.9995329004256659,0.9995329004256664,5000.0,6008676.0,2,1,0.5,3021.0,6893.0,1,1,1.0,28252495.0,28252495.0,True,True,True,False,False,False,False,False,False
Agent,B-spline,open_autoglm_agent_raw,20260204_235451,1,Shopping,True,True,True,1.1068008922701569,0.9995329004256664,5000.0,6008676.0,6,5,0.8333333333333334,402.0,749.0,8,8,1.0,40871370.0,21812456.0,True,True,True,True,True,True,True,True,True
Agent,B-spline,open_autoglm_agent_raw,20260204_235945,1,Shopping,True,True,True,1.1662486840098025,0.9995329004256664,5000.0,6008676.0,10,9,0.9,355.0,1458.5,13,13,1.0,44712280.0,14587647.0,True,True,True,True,True,True,True,True,True
Agent,B-spline,open_autoglm_agent_raw,20260205_000558,1,Shopping,True,False,True,0.9995329004256659,0.9995329004256664,5000.0,6008676.0,2,2,1.0,1352.0,2436.0,1,1,1.0,13516884.0,13516884.0,True,True,True,True,False,True,False,False,False
Agent,B-spline,open_autoglm_agent_raw,20260205_001328,3,Trip Planning,True,False,True,0.9995329004256659,0.9995329004256664,5000.0,5957152.0,2,1,0.5,344.0,4439.0,1,1,1.0,14455828.0,14455828.0,True,True,True,False,False,False,False,False,False
Agent,B-spline,open_autoglm_agent_raw,20260205_001525,3,Trip Planning,True,False,True,0.9995329004256659,0.9995329004256664,5000.0,5957152.0,6,6,1.0,364.0,890.0,5,5,1.0,14635598.0,14319496.0,True,True,True,True,True,True,True,True,True
Agent,B-spline,open_autoglm_agent_raw,20260205_001814,3,Trip Planning,True,True,True,1.0087984980214741,0.9995329004256664,5000.0,5957152.0,97,96,0.9896907216494846,352.0,592.0,97,97,1.0,41007962.0,13598234.0,True,True,True,True,True,True,True,True,True
Agent,B-spline,open_autoglm_agent_raw,20260205_004244,1,Shopping,True,False,True,0.9995329004256659,0.9995329004256664,5000.0,6008676.0,2,2,1.0,416.0,1198.0,1,1,1.0,39997907.0,39997907.0,True,True,True,True,False,True,False,False,False
Agent,B-spline,open_autoglm_agent_raw,20260205_004508,1,Shopping,True,True,True,1.1117292335496187,0.9995329004256664,5000.0,6008676.0,5,4,0.8,373.0,2070.0,5,5,1.0,15045105.0,14268066.0,True,True,True,True,True,True,True,True,True
Agent,B-spline,open_autoglm_agent_raw,20260205_004758,1,Shopping,True,False,True,0.9934444627823676,0.9995329004256664,5000.0,6008676.0,9,8,0.8888888888888888,359.0,639.0,9,9,1.0,39806944.0,15324767.0,True,True,True,True,True,True,True,True,True
Agent,B-spline,open_autoglm_agent_raw,20260205_005225,1,Shopping,True,False,True,0.9995329004256659,0.9995329004256664,5000.0,6008676.0,2,2,1.0,568.0,1384.0,1,1,1.0,38869406.0,38869406.0,True,True,True,True,False,True,False,False,False
Agent,B-spline,open_autoglm_agent_raw,20260205_005442,1,Shopping,True,False,True,0.9995329004256659,0.9995329004256664,5000.0,6008676.0,5,4,0.8,360.0,771.0,4,4,1.0,38880263.0,17091217.5,True,True,True,True,True,True,True,True,True
Agent,B-spline,open_autoglm_agent_raw,20260205_005752,1,Shopping,True,False,True,0.9995329004256659,0.9995329004256664,5000.0,6008676.0,8,7,0.875,347.0,398.0,7,7,1.0,38395514.0,15469315.0,True,True,True,True,True,True,True,True,True
Agent,B-spline,open_autoglm_agent_raw,20260205_010154,1,Shopping,True,False,True,0.9995329004256659,0.9995329004256664,5000.0,6008676.0,3,3,1.0,813.0,4088.0,2,2,1.0,39079358.0,26947263.0,True,True,True,True,True,True,True,False,True
Agent,B-spline,open_autoglm_agent_raw,20260205_010424,1,Shopping,True,False,True,0.9995329004256659,0.9995329004256664,5000.0,6008676.0,5,5,1.0,413.0,539.0,4,4,1.0,40921236.0,17060080.5,True,True,True,True,True,True,True,True,True
Agent,B-spline,open_autoglm_agent_raw,20260205_010734,1,Shopping,True,False,True,0.9995329004256659,0.9995329004256664,5000.0,6008676.0,7,6,0.8571428571428571,362.0,1329.0,6,6,1.0,38630302.0,14760333.0,True,True,True,True,True,True,True,True,True
Agent,B-spline,open_autoglm_agent_raw,20260205_011102,4,Office & Learning,True,False,True,0.9995329004256659,0.9995329004256664,5000.0,5670071.0,2,2,1.0,2028.0,2851.0,1,1,1.0,12593139.0,12593139.0,True,True,True,True,False,True,False,False,False
Agent,B-spline,open_autoglm_agent_raw,20260205_011251,4,Office & Learning,True,False,True,0.9995329004256656,0.9995329004256664,5000.0,5670071.0,46,45,0.9782608695652174,348.0,1965.5,45,45,1.0,49547658.0,12814488.0,True,True,True,True,True,True,True,True,True
Agent,B-spline,open_autoglm_agent_raw,20260205_012632,4,Office & Learning,True,False,True,0.9995329004256654,0.9995329004256664,5000.0,5670071.0,47,47,1.0,414.0,2195.0,46,46,1.0,13821810.0,12423840.5,True,True,True,True,True,True,True,True,True
Agent,B-spline,open_autoglm_agent_raw,20260205_014758,0,Social Media,True,False,True,0.9995329004256661,0.9995329004256664,5000.0,6311961.0,89,88,0.9887640449438202,343.0,1142.0,88,88,1.0,27374471.0,13140451.0,True,True,True,True,True,True,True,True,True
Agent,B-spline,open_autoglm_agent_raw,20260205_021102,0,Social Media,True,True,True,1.087393890815311,0.9995329004256664,5000.0,6311961.0,82,79,0.9634146341463414,345.0,977.0,96,96,1.0,39144701.0,13388072.0,True,True,True,True,True,True,True,True,True
Agent,B-spline,open_autoglm_agent_raw,20260205_023459,0,Social Media,True,True,True,1.0056413635753023,0.9995329004256664,5000.0,6311961.0,81,78,0.9629629629629629,352.0,874.0,81,81,1.0,41553691.0,13345217.0,True,True,True,True,True,True,True,True,True
Agent,B-spline,open_autoglm_agent_raw,20260205_025843,0,Social Media,True,False,True,0.9995329004256659,0.9995329004256664,5000.0,6311961.0,5,5,1.0,361.0,2138.0,4,4,1.0,37812370.0,13282529.0,True,True,True,True,True,True,True,True,True
Agent,B-spline,open_autoglm_agent_raw,20260205_030134,0,Social Media,True,False,True,0.9995329004256659,0.9995329004256664,5000.0,6311961.0,6,6,1.0,532.0,1319.0,5,5,1.0,37464295.0,14812720.0,True,True,True,True,True,True,True,True,True
Agent,B-spline,open_autoglm_agent_raw,20260205_030456,0,Social Media,True,True,True,1.1249466006102635,0.9995329004256664,5000.0,6311961.0,12,12,1.0,382.0,1289.0,14,14,1.0,37916485.0,13521206.0,True,True,True,True,True,True,True,True,True
Agent,B-spline,open_autoglm_agent_raw,20260205_031048,0,Social Media,True,False,True,0.9995329004256659,0.9995329004256664,5000.0,6311961.0,3,3,1.0,2157.0,2399.0,2,2,1.0,36941912.0,25202407.0,True,True,True,True,True,True,True,False,True
Agent,B-spline,open_autoglm_agent_raw,20260205_031311,0,Social Media,True,False,True,0.9995329004256659,0.9995329004256664,5000.0,6311961.0,2,2,1.0,378.0,1532.0,1,1,1.0,13505812.0,13505812.0,True,True,True,True,False,True,False,False,False
Agent,B-spline,open_autoglm_agent_raw,20260205_031713,0,Social Media,True,False,True,0.9995329004256659,0.9995329004256664,5000.0,6311961.0,5,5,1.0,872.0,1649.0,4,4,1.0,37168622.0,14659467.5,True,True,True,True,True,True,True,True,True
Agent,B-spline,open_autoglm_agent_raw,20260205_032016,0,Social Media,True,True,True,1.2770940325123412,0.9995329004256664,5000.0,6311961.0,6,6,1.0,2058.0,2925.5,12,12,1.0,28128111.0,15218271.0,True,True,True,True,True,True,True,True,True
Agent,B-spline,open_autoglm_agent_raw,20260205_032608,0,Social Media,True,False,True,0.9995329004256662,0.9995329004256664,5000.0,6311961.0,12,12,1.0,1027.0,1664.0,11,11,1.0,37553169.0,13934710.0,True,True,True,True,True,True,True,True,True
Agent,B-spline,open_autoglm_agent_raw,20260205_033102,0,Social Media,True,True,True,1.1067706446213736,0.9995329004256664,5000.0,6311961.0,17,17,1.0,358.0,1795.0,20,20,1.0,52707099.0,16349926.5,True,True,True,True,True,True,True,True,True
Agent,B-spline,open_autoglm_agent_raw,20260205_034023,0,Social Media,True,True,True,1.0988129457395288,0.9995329004256664,5000.0,6311961.0,5,5,1.0,630.0,946.0,5,5,1.0,29549927.0,18559139.0,True,True,True,True,True,True,True,True,True
Agent,B-spline,open_autoglm_agent_raw,20260205_034346,0,Social Media,True,False,True,0.9995329004256661,0.9995329004256664,5000.0,6311961.0,11,11,1.0,352.0,390.0,10,10,1.0,18401434.0,16418775.0,True,True,True,True,True,True,True,True,True
Agent,B-spline,open_autoglm_agent_raw,20260205_034813,4,Office & Learning,True,False,True,0.9995329004256659,0.9995329004256664,5000.0,5670071.0,4,4,1.0,350.0,2122.0,3,3,1.0,36950689.0,13631488.0,True,True,True,True,True,True,True,True,True
Agent,B-spline,open_autoglm_agent_raw,20260205_035050,4,Office & Learning,True,False,True,0.9995329004256659,0.9995329004256664,5000.0,5670071.0,6,6,1.0,1198.0,1698.5,5,5,1.0,38299499.0,14394715.0,True,True,True,True,True,True,True,True,True
Agent,B-spline,open_autoglm_agent_raw,20260205_035504,0,Social Media,True,False,True,0.9995329004256659,0.9995329004256664,5000.0,6311961.0,1,1,1.0,1227.0,1227.0,0,0,0.0,,,True,False,True,False,False,False,False,False,False
Agent,B-spline,open_autoglm_agent_raw,20260205_035943,0,Social Media,True,True,True,1.3283483799027762,0.9995329004256664,5000.0,6311961.0,2,2,1.0,485.0,726.5,2,2,1.0,80791606.0,55344653.5,True,True,True,True,True,True,False,False,False
Agent,History,ui-tars no humanity,20250923_145342,1,Shopping,True,False,True,-0.3372878547001382,0.9998944296157402,5000.0,6008676.0,6,4,0.6666666666666666,1018.0,3009.0,20,10,0.5,14965272.0,5944629.0,True,True,True,True,True,True,True,True,True
Agent,History,ui-tars no humanity,20250924_202009,1,Shopping,True,False,True,0.9998944296157398,0.9998944296157402,5000.0,6008676.0,22,22,1.0,361.0,1382.0,21,21,1.0,28982262.0,10069869.0,True,True,True,True,True,True,True,True,True
Agent,History,ui-tars no humanity,20250924_202636,1,Shopping,True,False,True,0.9998944296157398,0.9998944296157402,5000.0,6008676.0,13,13,1.0,366.0,1948.0,12,12,1.0,17720903.0,10438111.0,True,True,True,True,True,True,True,True,True
Agent,History,ui-tars no humanity,20250923_150928,1,Shopping,True,False,True,0.9998944296157398,0.9998944296157402,5000.0,6008676.0,11,10,0.9090909090909091,377.0,1901.0,10,10,1.0,19976318.0,10255467.0,True,True,True,True,True,True,True,True,True
Agent,History,ui-tars no humanity,20250924_202945,1,Shopping,True,False,True,0.6146972079628334,0.9998944296157402,5000.0,6008676.0,8,8,1.0,374.0,914.5,9,9,1.0,22919377.0,15451513.0,True,True,True,True,True,True,True,True,True
Agent,History,ui-tars no humanity,20250924_203229,1,Shopping,True,False,True,0.9998944296157399,0.9998944296157402,5000.0,6008676.0,4,4,1.0,352.0,1213.5,3,3,1.0,8166787.0,7950465.0,True,True,True,True,True,True,True,True,True
Agent,History,ui-tars no humanity,20250924_203327,1,Shopping,True,False,True,0.9998944296157399,0.9998944296157402,5000.0,6008676.0,9,9,1.0,351.0,397.0,8,8,1.0,8707195.0,7610806.5,True,True,True,True,True,True,True,True,True
Agent,History,ui-tars no humanity,20250924_203506,1,Shopping,True,False,True,0.9998944296157399,0.9998944296157402,5000.0,6008676.0,9,9,1.0,362.0,1553.0,8,8,1.0,18078904.0,12191750.0,True,True,True,True,True,True,True,True,True
Agent,History,ui-tars no humanity,20251004_131252,3,Trip Planning,True,False,True,0.10789972725049225,0.9998944296157402,5000.0,5957152.0,13,13,1.0,381.0,1097.0,24,14,0.5833333333333334,22897058.0,7011891.0,True,True,True,True,True,True,True,True,True
Agent,History,ui-tars no humanity,20250921_193913,3,Trip Planning,True,False,True,0.6951741752208451,0.9998944296157402,5000.0,5957152.0,10,9,0.9,367.0,832.5,12,10,0.8333333333333334,16357493.0,14075810.5,True,True,True,True,True,True,True,True,True
Agent,History,ui-tars no humanity,20250924_204450,3,Trip Planning,True,False,True,0.44566143983050255,0.9998944296157402,5000.0,5957152.0,5,5,1.0,384.0,1759.0,6,6,1.0,31055791.0,9916384.5,True,True,True,True,True,True,True,True,True
Agent,History,ui-tars no humanity,20250924_204726,3,Trip Planning,True,False,True,0.31554405141236974,0.9998944296157402,5000.0,5957152.0,8,7,0.875,603.0,2059.5,12,12,1.0,58219254.0,8750015.5,True,True,True,True,True,True,True,True,True
Agent,History,ui-tars no humanity,20250924_205228,3,Trip Planning,True,False,True,0.27514270612231223,0.9998944296157402,5000.0,5957152.0,7,7,1.0,1091.0,1809.0,9,9,1.0,30133822.0,8814507.0,True,True,True,True,True,True,True,True,True
Agent,History,ui-tars no humanity,20251004_100544,2,Video Streaming,True,False,True,0.9998944296157399,0.9998944296157402,5000.0,5927296.0,2,2,1.0,1080.0,1982.0,1,1,1.0,27617348.0,27617348.0,True,True,True,True,False,True,False,False,False
Agent,History,ui-tars no humanity,20251004_122354,2,Video Streaming,True,False,True,0.99989442961574,0.9998944296157402,5000.0,5927296.0,3,3,1.0,347.0,744.0,2,2,1.0,22433481.0,17905657.5,True,True,True,True,True,True,True,False,True
Agent,History,ui-tars no humanity,20250923_151632,2,Video Streaming,True,False,True,0.9998944296157399,0.9998944296157402,5000.0,5927296.0,5,4,0.8,366.0,867.0,4,4,1.0,24935621.0,11704947.0,True,True,True,True,True,True,True,True,True
Agent,History,ui-tars no humanity,20250924_205530,2,Video Streaming,True,False,True,0.834637238296212,0.9998944296157402,5000.0,5927296.0,9,7,0.7777777777777778,376.0,1148.0,9,9,1.0,16482432.0,13556745.0,True,True,True,True,True,True,True,True,True
Agent,History,ui-tars no humanity,20250924_205811,2,Video Streaming,True,False,True,0.9998944296157399,0.9998944296157402,5000.0,5927296.0,5,5,1.0,1147.0,2430.0,4,4,1.0,34198111.0,7736206.5,True,True,True,True,True,True,True,True,True
Agent,History,ui-tars no humanity,20250923_151943,2,Video Streaming,True,False,True,0.9998944296157399,0.9998944296157402,5000.0,5927296.0,5,3,0.6,785.0,4263.0,4,3,0.75,18862944.0,14394861.5,True,True,True,True,True,True,True,True,True
Agent,History,ui-tars no humanity,20250924_210008,2,Video Streaming,True,False,True,-0.13807806040324283,0.9998944296157402,5000.0,5927296.0,21,21,1.0,350.0,565.0,51,50,0.9803921568627451,21084720.0,8382965.0,True,True,True,True,True,True,True,True,True
Agent,History,ui-tars no humanity,20250924_210901,2,Video Streaming,True,False,True,0.9998944296157398,0.9998944296157402,5000.0,5927296.0,14,14,1.0,365.0,1264.5,13,13,1.0,17039338.0,9679877.0,True,True,True,True,True,True,True,True,True
Agent,History,ui-tars no humanity,20250924_211217,2,Video Streaming,True,False,True,0.571897516668066,0.9998944296157402,5000.0,5927296.0,7,7,1.0,367.0,1797.0,8,8,1.0,16795937.0,8569240.5,True,True,True,True,True,True,True,True,True
Agent,History,ui-tars no humanity,20250924_211434,2,Video Streaming,True,False,True,0.3771642924004356,0.9998944296157402,5000.0,5927296.0,29,24,0.8275862068965517,331.0,1223.0,40,39,0.975,19967236.0,9038542.5,True,True,True,True,True,True,True,True,True
Agent,History,ui-tars no humanity,20250924_212156,2,Video Streaming,True,False,True,0.99989442961574,0.9998944296157402,5000.0,5927296.0,3,3,1.0,679.0,1585.0,2,2,1.0,12985143.0,10796787.0,True,True,True,True,True,True,True,False,True
Agent,History,ui-tars no humanity,20251202_133819,2,Video Streaming,True,False,True,0.9998944296157399,0.9998944296157402,5000.0,5927296.0,2,2,1.0,1416.0,1794.5,1,1,1.0,18105805.0,18105805.0,True,True,True,True,False,True,False,False,False
Agent,History,ui-tars no humanity,20251202_133944,2,Video Streaming,True,False,True,0.9998944296157399,0.9998944296157402,5000.0,5927296.0,5,5,1.0,367.0,1722.0,4,4,1.0,33699545.0,10697208.0,True,True,True,True,True,True,True,True,True
Agent,History,ui-tars no humanity,20251202_134205,2,Video Streaming,True,False,True,0.9998944296157398,0.9998944296157402,5000.0,5927296.0,12,12,1.0,352.0,1321.5,11,11,1.0,17412216.0,9294758.0,True,True,True,True,True,True,True,True,True
Agent,History,ui-tars no humanity,20251202_134516,2,Video Streaming,True,False,True,-0.5581612504837002,0.9998944296157402,5000.0,5927296.0,2,2,1.0,471.0,1437.0,6,6,1.0,10242566.0,7951745.5,True,True,True,True,True,True,False,True,True
Agent,History,ui-tars no humanity,20251202_134706,2,Video Streaming,True,False,True,-0.7121864792005294,0.9998944296157402,5000.0,5927296.0,1,1,1.0,1135.0,1135.0,4,4,1.0,13834330.0,7963289.0,True,True,True,False,True,True,False,True,True
Agent,History,ui-tars no humanity,20251202_134841,2,Video Streaming,True,False,True,-0.5605124426676944,0.9998944296157402,5000.0,5927296.0,1,1,1.0,364.0,364.0,4,3,0.75,8907793.0,6542844.0,True,True,True,False,True,True,False,True,True
Agent,History,ui-tars no humanity,20251202_135007,2,Video Streaming,True,False,True,0.9998944296157398,0.9998944296157402,5000.0,5927296.0,11,10,0.9090909090909091,390.0,1996.0,10,10,1.0,15455407.0,8407161.5,True,True,True,True,True,True,True,True,True
Agent,History,ui-tars no humanity,20251202_135242,2,Video Streaming,True,False,True,0.9998944296157399,0.9998944296157402,5000.0,5927296.0,4,4,1.0,650.0,1462.5,3,3,1.0,22108469.0,20968565.0,True,True,True,True,True,True,True,True,True
Agent,History,ui-tars no humanity,20251202_135453,2,Video Streaming,True,False,True,0.9998944296157399,0.9998944296157402,5000.0,5927296.0,10,9,0.9,394.0,2646.0,9,9,1.0,28602332.0,8243903.0,True,True,True,True,True,True,True,True,True
Agent,History,ui-tars no humanity,20251202_135743,1,Shopping,True,False,True,0.9998944296157399,0.9998944296157402,5000.0,6008676.0,2,2,1.0,492.0,889.0,1,1,1.0,14482737.0,14482737.0,True,True,True,True,False,True,False,False,False
Agent,History,ui-tars no humanity,20251202_135904,1,Shopping,True,False,True,0.9998944296157398,0.9998944296157402,5000.0,6008676.0,6,6,1.0,407.0,1239.5,5,5,1.0,16441529.0,14399098.0,True,True,True,True,True,True,True,True,True
Agent,History,ui-tars no humanity,20251202_140124,1,Shopping,True,False,True,0.9998944296157399,0.9998944296157402,5000.0,6008676.0,10,10,1.0,404.0,1974.5,9,9,1.0,20963227.0,13514130.0,True,True,True,True,True,True,True,True,True
Agent,History,ui-tars no humanity,20251202_140420,3,Trip Planning,True,False,True,0.9998944296157399,0.9998944296157402,5000.0,5957152.0,2,2,1.0,1044.0,1164.0,1,1,1.0,23694204.0,23694204.0,True,True,True,True,False,True,False,False,False
Agent,History,ui-tars no humanity,20251202_140550,3,Trip Planning,True,False,True,-0.06514510479427074,0.9998944296157402,5000.0,5957152.0,3,3,1.0,359.0,1172.0,4,4,1.0,31553176.0,15690503.0,True,True,True,True,True,True,True,True,True
Agent,History,ui-tars no humanity,20251202_140811,3,Trip Planning,True,False,True,0.6210654940687446,0.9998944296157402,5000.0,5957152.0,4,4,1.0,326.0,2183.5,4,4,1.0,17351204.0,12983681.5,True,True,True,True,True,True,True,True,True
Agent,History,ui-tars no humanity,20251202_141012,3,Trip Planning,True,False,True,0.9998944296157398,0.9998944296157402,5000.0,5957152.0,6,6,1.0,355.0,2712.0,5,5,1.0,64894350.0,17313863.0,True,True,True,True,True,True,True,True,True
Agent,History,ui-tars no humanity,20251202_141334,3,Trip Planning,True,False,True,0.9998944296157399,0.9998944296157402,5000.0,5957152.0,10,9,0.9,508.0,2077.5,9,9,1.0,16476434.0,13349092.0,True,True,True,True,True,True,True,True,True
Agent,History,ui-tars no humanity,20251202_141630,3,Trip Planning,True,False,True,0.7008603895778535,0.9998944296157402,5000.0,5957152.0,5,5,1.0,653.0,1058.0,5,5,1.0,18109216.0,9240276.0,True,True,True,True,True,True,True,True,True
Agent,History,ui-tars no humanity,20251202_141825,3,Trip Planning,True,False,True,-0.7277418490962505,0.9998944296157402,5000.0,5957152.0,8,7,0.875,525.0,1943.5,67,67,1.0,18773968.0,7988467.0,True,True,True,True,True,True,True,True,True
Agent,History,ui-tars no humanity,20251202_143002,3,Trip Planning,True,False,True,-0.8825983790240204,0.9998944296157402,5000.0,5957152.0,1,1,1.0,2671.0,2671.0,7,7,1.0,16595412.0,7894947.0,True,True,True,False,True,True,False,True,True
Agent,History,ui-tars no humanity,20251202_143208,3,Trip Planning,True,False,True,0.9998944296157398,0.9998944296157402,5000.0,5957152.0,7,7,1.0,363.0,1174.0,6,6,1.0,16806853.0,9102737.5,True,True,True,True,True,True,True,True,True
Agent,History,ui-tars no humanity,20251202_143423,3,Trip Planning,True,False,True,0.7762850992812944,0.9998944296157402,5000.0,5957152.0,11,11,1.0,465.0,1118.0,11,11,1.0,16978656.0,9108845.0,True,True,True,True,True,True,True,True,True
Agent,History,ui-tars no humanity,20251202_143719,3,Trip Planning,True,False,True,0.99989442961574,0.9998944296157402,5000.0,5957152.0,3,3,1.0,461.0,2769.0,2,2,1.0,14436498.0,10706834.0,True,True,True,True,True,True,True,False,True
Agent,History,ui-tars no humanity,20251202_143909,3,Trip Planning,True,False,True,-0.14137396206373107,0.9998944296157402,5000.0,5957152.0,5,5,1.0,894.0,1038.0,11,11,1.0,17363917.0,8438960.0,True,True,True,True,True,True,True,True,True
Agent,History,ui-tars no humanity,20251202_144222,3,Trip Planning,True,False,True,0.9345790959007408,0.9998944296157402,5000.0,5957152.0,28,28,1.0,348.0,1472.0,28,28,1.0,78423909.0,8886640.5,True,True,True,True,True,True,True,True,True
Agent,History,ui-tars no humanity,20251202_144958,4,Office & Learning,True,False,True,-0.1635433857531531,0.9998944296157402,5000.0,5670071.0,8,8,1.0,403.0,2698.5,16,16,1.0,26217563.0,12696052.0,True,True,True,True,True,True,True,True,True
Agent,History,ui-tars no humanity,20251202_145429,4,Office & Learning,True,False,True,0.9998944296157398,0.9998944296157402,5000.0,5670071.0,7,7,1.0,824.0,1790.0,6,6,1.0,16355211.0,7993935.0,True,True,True,True,True,True,True,True,True
Agent,History,ui-tars no humanity,20251202_145624,4,Office & Learning,True,False,True,0.9998944296157399,0.9998944296157402,5000.0,5670071.0,2,2,1.0,725.0,1745.5,1,1,1.0,6172284.0,6172284.0,True,True,True,True,False,True,False,False,False
Agent,History,ui-tars no humanity,20251202_145729,4,Office & Learning,True,False,True,0.99989442961574,0.9998944296157402,5000.0,5670071.0,3,3,1.0,2377.0,3481.0,2,2,1.0,7590916.0,7311774.0,True,True,True,True,True,True,True,False,True
Agent,History,ui-tars no humanity,20251202_145840,4,Office & Learning,True,False,True,0.9998944296157398,0.9998944296157402,5000.0,5670071.0,6,6,1.0,371.0,895.5,5,5,1.0,14330686.0,7556143.0,True,True,True,True,True,True,True,True,True
Agent,History,ui-tars no humanity,20251202_150020,4,Office & Learning,True,False,True,0.9998944296157399,0.9998944296157402,5000.0,5670071.0,8,8,1.0,354.0,1823.5,7,7,1.0,14638063.0,7951993.0,True,True,True,True,True,True,True,True,True
Agent,History,ui-tars no humanity,20251202_150431,1,Shopping,True,False,True,0.42033462332630656,0.9998944296157402,5000.0,6008676.0,10,10,1.0,376.0,1922.0,13,12,0.9230769230769231,23260679.0,8287089.0,True,True,True,True,True,True,True,True,True
Agent,History,ui-tars no humanity,20251202_150752,1,Shopping,True,False,True,0.2330929822452771,0.9998944296157402,5000.0,6008676.0,6,6,1.0,357.0,2164.0,9,9,1.0,27145614.0,9461356.0,True,True,True,True,True,True,True,True,True
Agent,History,ui-tars no humanity,20251202_151058,1,Shopping,True,False,True,0.25769928421460275,0.9998944296157402,5000.0,6008676.0,10,10,1.0,354.0,1604.5,14,14,1.0,19571013.0,9378290.5,True,True,True,True,True,True,True,True,True
Agent,History,ui-tars no humanity,20251202_151428,1,Shopping,True,False,True,0.9998944296157399,0.9998944296157402,5000.0,6008676.0,5,5,1.0,528.0,2097.0,4,4,1.0,8181523.0,6935952.0,True,True,True,True,True,True,True,True,True
Agent,History,ui-tars no humanity,20251202_151609,1,Shopping,True,False,True,0.9998944296157399,0.9998944296157402,5000.0,6008676.0,4,4,1.0,433.0,3027.0,3,3,1.0,21274354.0,16987048.0,True,True,True,True,True,True,True,True,True
Agent,History,ui-tars no humanity,20251202_151839,1,Shopping,True,False,True,0.9998944296157399,0.9998944296157402,5000.0,6008676.0,18,17,0.9444444444444444,352.0,1721.0,17,17,1.0,17986731.0,14913326.0,True,True,True,True,True,True,True,True,True
Agent,History,ui-tars no humanity,20251202_152335,1,Shopping,True,False,True,0.9998944296157399,0.9998944296157402,5000.0,6008676.0,2,2,1.0,1365.0,2630.0,1,1,1.0,12703772.0,12703772.0,True,True,True,True,False,True,False,False,False
Agent,History,ui-tars no humanity,20251202_152452,1,Shopping,True,False,True,0.5083411329989406,0.9998944296157402,5000.0,6008676.0,20,19,0.95,360.0,2062.0,27,22,0.8148148148148148,24077250.0,7468643.0,True,True,True,True,True,True,True,True,True
Agent,History,ui-tars no humanity,20251202_153003,1,Shopping,True,False,True,0.8818535786732199,0.9998944296157402,5000.0,6008676.0,13,13,1.0,385.0,2628.0,13,13,1.0,24030720.0,15025123.0,True,True,True,True,True,True,True,True,True
Agent,History,ui-tars no humanity,20251202_153404,3,Trip Planning,True,False,True,0.9998944296157399,0.9998944296157402,5000.0,5957152.0,2,2,1.0,353.0,481.5,1,1,1.0,16014243.0,16014243.0,True,True,True,True,False,True,False,False,False
Agent,History,ui-tars no humanity,20251202_153519,3,Trip Planning,True,False,True,0.99989442961574,0.9998944296157402,5000.0,5957152.0,3,3,1.0,393.0,490.0,2,2,1.0,59095190.0,37533220.0,True,True,True,True,True,True,True,False,True
Agent,History,ui-tars no humanity,20251202_153745,3,Trip Planning,True,False,True,0.9998944296157399,0.9998944296157402,5000.0,5957152.0,2,1,0.5,2167.0,4228.5,1,1,1.0,18693300.0,18693300.0,True,True,True,False,False,False,False,False,False
Agent,History,ui-tars no humanity,20251202_153906,3,Trip Planning,True,False,True,0.9998944296157399,0.9998944296157402,5000.0,5957152.0,2,2,1.0,370.0,420.0,1,1,1.0,9199745.0,9199745.0,True,True,True,True,False,True,False,False,False
Agent,History,ui-tars no humanity,20251202_154016,3,Trip Planning,True,True,True,0.9998944296157405,0.9998944296157402,5000.0,5957152.0,38,36,0.9473684210526315,348.0,777.0,37,37,1.0,15615322.0,8309971.0,True,True,True,True,True,True,True,True,True
Agent,History,ui-tars no humanity,20251202_154638,1,Shopping,True,False,True,-0.5832743726427678,0.9998944296157402,5000.0,6008676.0,6,6,1.0,367.0,1664.5,25,25,1.0,65194180.0,7124496.0,True,True,True,True,True,True,True,True,True
Agent,History,ui-tars no humanity,20251202_155210,1,Shopping,True,False,True,0.11676578571985316,0.9998944296157402,5000.0,6008676.0,5,5,1.0,380.0,1977.0,6,6,1.0,40261491.0,17811819.0,True,True,True,True,True,True,True,True,True
Agent,History,ui-tars no humanity,20251202_155520,1,Shopping,True,False,True,0.9998944296157399,0.9998944296157402,5000.0,6008676.0,2,2,1.0,358.0,692.0,1,1,1.0,20165821.0,20165821.0,True,True,True,True,False,True,False,False,False
Agent,History,ui-tars no humanity,20251202_155856,1,Shopping,True,False,True,0.9998944296157399,0.9998944296157402,5000.0,6008676.0,8,6,0.75,365.0,508.0,7,7,1.0,21963977.0,17513819.0,True,True,True,True,True,True,True,True,True
Agent,History,ui-tars no humanity,20251202_160142,1,Shopping,True,False,True,0.9998944296157399,0.9998944296157402,5000.0,6008676.0,2,2,1.0,1219.0,1461.0,1,1,1.0,18496829.0,18496829.0,True,True,True,True,False,True,False,False,False
Agent,History,ui-tars no humanity,20251202_160307,1,Shopping,True,False,True,0.9998944296157399,0.9998944296157402,5000.0,6008676.0,8,7,0.875,358.0,1784.5,7,7,1.0,19738572.0,16681298.0,True,True,True,True,True,True,True,True,True
Agent,History,ui-tars no humanity,20251202_160543,1,Shopping,True,False,True,0.9998944296157398,0.9998944296157402,5000.0,6008676.0,6,6,1.0,394.0,834.5,5,5,1.0,22790934.0,18972199.0,True,True,True,True,True,True,True,True,True
Agent,History,ui-tars no humanity,20251202_160938,4,Office & Learning,True,False,True,0.9998944296157399,0.9998944296157402,5000.0,5670071.0,2,2,1.0,2453.0,2932.0,1,1,1.0,7044308.0,7044308.0,True,True,True,True,False,True,False,False,False
Agent,History,ui-tars no humanity,20251202_161044,4,Office & Learning,True,False,True,0.9998944296157399,0.9998944296157402,5000.0,5670071.0,2,2,1.0,1193.0,1732.5,1,1,1.0,7619159.0,7619159.0,True,True,True,True,False,True,False,False,False
Agent,History,ui-tars no humanity,20251202_161430,4,Office & Learning,True,False,True,0.019939759408935064,0.9998944296157402,5000.0,5670071.0,18,18,1.0,430.0,2882.0,33,33,1.0,20577460.0,9599996.0,True,True,True,True,True,True,True,True,True
Agent,History,ui-tars no humanity,20251202_162101,4,Office & Learning,True,False,True,-0.03291664336402207,0.9998944296157402,5000.0,5670071.0,10,10,1.0,557.0,1986.5,22,22,1.0,21039063.0,11829953.5,True,True,True,True,True,True,True,True,True
Agent,History,ui-tars no humanity,20251202_162643,0,Social Media,True,False,True,0.9998944296157399,0.9998944296157402,5000.0,6311961.0,2,2,1.0,1018.0,2784.5,1,1,1.0,17647402.0,17647402.0,True,True,True,True,False,True,False,False,False
Agent,History,ui-tars no humanity,20251202_162803,0,Social Media,True,False,True,-0.8776590260709043,0.9998944296157402,5000.0,6311961.0,4,4,1.0,388.0,485.0,38,15,0.39473684210526316,17177891.0,6214129.5,True,True,True,True,True,True,True,True,True
Agent,History,ui-tars no humanity,20251202_163344,0,Social Media,True,False,True,0.9998944296157398,0.9998944296157402,5000.0,6311961.0,7,6,0.8571428571428571,367.0,451.0,6,4,0.6666666666666666,23766750.0,11923323.5,True,True,True,True,True,True,True,True,True
Agent,History,ui-tars no humanity,20251202_163554,0,Social Media,True,False,True,0.4853926109654286,0.9998944296157402,5000.0,6311961.0,3,3,1.0,1236.0,1784.0,3,3,1.0,25715252.0,12154353.0,True,True,True,True,True,True,True,True,True
Agent,History,ui-tars no humanity,20251202_163750,0,Social Media,True,False,True,-0.8054058906031621,0.9998944296157402,5000.0,6311961.0,3,3,1.0,388.0,3270.0,18,17,0.9444444444444444,33970310.0,8949683.0,True,True,True,True,True,True,True,True,True
Agent,History,ui-tars no humanity,20251202_164225,0,Social Media,True,False,True,0.5627897359910617,0.9998944296157402,5000.0,6311961.0,17,16,0.9411764705882353,355.0,2054.0,22,22,1.0,42773453.0,8531466.5,True,True,True,True,True,True,True,True,True
Agent,History,ui-tars no humanity,20251202_164736,0,Social Media,True,False,True,0.99989442961574,0.9998944296157402,5000.0,6311961.0,3,3,1.0,364.0,1984.0,2,2,1.0,20898903.0,18329886.5,True,True,True,True,True,True,True,False,True
Agent,History,ui-tars no humanity,20251202_164916,0,Social Media,True,False,True,0.7344121246621763,0.9998944296157402,5000.0,6311961.0,7,7,1.0,1003.0,2018.0,7,7,1.0,18611935.0,15329073.0,True,True,True,True,True,True,True,True,True
Agent,History,ui-tars no humanity,20251202_165147,0,Social Media,True,False,True,-0.235526634418103,0.9998944296157402,5000.0,6311961.0,9,9,1.0,554.0,2545.0,27,26,0.9629629629629629,23922512.0,8417229.0,True,True,True,True,True,True,True,True,True
Agent,History,ui-tars no humanity,20251202_165839,0,Social Media,True,False,True,0.9998944296157399,0.9998944296157402,5000.0,6311961.0,4,4,1.0,429.0,732.5,3,2,0.6666666666666666,16287505.0,14983814.0,True,True,True,True,True,True,True,False,True
Agent,History,ui-tars no humanity,20251202_170020,0,Social Media,True,False,True,0.2634323490229291,0.9998944296157402,5000.0,6311961.0,6,6,1.0,367.0,2058.5,9,7,0.7777777777777778,16626869.0,15025514.0,True,True,True,True,True,True,True,True,True
Agent,History,ui-tars no humanity,20251202_170300,0,Social Media,True,False,True,0.5885353860940632,0.9998944296157402,5000.0,6311961.0,8,8,1.0,362.0,643.5,11,11,1.0,31230668.0,7863025.0,True,True,True,True,True,True,True,True,True
Agent,History,ui-tars no humanity,20251202_170616,0,Social Media,True,False,True,-0.04296916811157044,0.9998944296157402,5000.0,6311961.0,7,7,1.0,403.0,539.0,12,12,1.0,40345566.0,11735437.0,True,True,True,True,True,True,True,True,True
Agent,History,ui-tars no humanity,20251202_171052,0,Social Media,True,False,True,0.9998944296157399,0.9998944296157402,5000.0,6311961.0,5,5,1.0,1252.0,2697.0,4,4,1.0,18530385.0,16796701.0,True,True,True,True,True,True,True,True,True
Agent,History,ui-tars no humanity,20251202_171252,0,Social Media,True,False,True,0.9998944296157399,0.9998944296157402,5000.0,6311961.0,9,9,1.0,489.0,1856.0,8,8,1.0,21599710.0,12127508.5,True,True,True,True,True,True,True,True,True
Agent,History,ui-tars no humanity,20251202_171558,0,Social Media,True,False,True,0.9998944296157399,0.9998944296157402,5000.0,6311961.0,2,2,1.0,619.0,1277.5,1,1,1.0,17416651.0,17416651.0,True,True,True,True,False,True,False,False,False
Agent,History,ui-tars no humanity,20251202_171718,0,Social Media,True,False,True,0.9998944296157399,0.9998944296157402,5000.0,6311961.0,5,5,1.0,415.0,598.0,4,4,1.0,20897967.0,14039178.0,True,True,True,True,True,True,True,True,True
Agent,History,ui-tars no humanity,20251202_171929,0,Social Media,True,False,True,0.7124021188728797,0.9998944296157402,5000.0,6311961.0,11,11,1.0,362.0,492.0,12,12,1.0,26311283.0,12967041.0,True,True,True,True,True,True,True,True,True
Agent,History,ui-tars no humanity,20251202_172356,4,Office & Learning,True,False,True,0.5774417323158314,0.9998944296157402,5000.0,5670071.0,3,3,1.0,1431.0,2712.0,3,2,0.6666666666666666,15840305.0,7888819.0,True,True,True,True,True,True,True,False,True
Agent,History,ui-tars no humanity,20251202_172526,4,Office & Learning,True,False,True,0.568544712076238,0.9998944296157402,5000.0,5670071.0,6,6,1.0,2471.0,2802.0,6,6,1.0,16387188.0,7969324.5,True,True,True,True,True,True,True,True,True
Agent,History,ui-tars no humanity,20251202_172732,4,Office & Learning,True,False,True,0.785895973141903,0.9998944296157402,5000.0,5670071.0,8,8,1.0,373.0,2177.5,8,8,1.0,21601879.0,8001027.5,True,True,True,True,True,True,True,True,True
Agent,History,ui-tars no humanity,20251202_172957,0,Social Media,True,False,True,0.99989442961574,0.9998944296157402,5000.0,6311961.0,3,3,1.0,474.0,477.0,2,1,0.5,58138687.0,31976366.5,True,True,True,True,False,True,True,False,True
Agent,History,ui-tars no humanity,20251202_173217,0,Social Media,True,False,True,-0.18055648924303286,0.9998944296157402,5000.0,6311961.0,3,3,1.0,390.0,1583.0,7,3,0.42857142857142855,28161581.0,5674564.0,True,True,True,True,True,True,True,True,True
Agent,History,ui-tars no humanity,20251202_173448,0,Social Media,True,False,True,0.9998944296157399,0.9998944296157402,5000.0,6311961.0,2,2,1.0,434.0,1189.5,1,1,1.0,51729961.0,51729961.0,True,True,True,True,False,True,False,False,False
Agent,History,ui-tars no humanity,20251202_173711,0,Social Media,True,False,True,-0.2017789642435304,0.9998944296157402,5000.0,6311961.0,3,3,1.0,2795.0,3209.0,8,5,0.625,30260216.0,6813931.5,True,True,True,True,True,True,True,True,True
Agent,History,ui-tars no humanity,20251202_173952,0,Social Media,True,False,True,0.9998944296157399,0.9998944296157402,5000.0,6311961.0,2,2,1.0,677.0,1247.0,1,1,1.0,13450379.0,13450379.0,True,True,True,True,False,True,False,False,False
Agent,History,ui-tars no humanity,20251202_174143,0,Social Media,True,False,True,-0.39574969613156213,0.9998944296157402,5000.0,6311961.0,5,5,1.0,343.0,830.0,13,7,0.5384615384615384,18099587.0,9633426.0,True,True,True,True,True,True,True,True,True
Agent,History,gpt4o no humanity,20250925_085544,1,Shopping,True,False,True,0.9995701273904484,0.9995701273904486,5000.0,6008676.0,21,21,1.0,350.0,664.0,20,20,1.0,128791618.0,59232226.5,True,True,True,True,True,True,True,True,True
Agent,History,gpt4o no humanity,20250925_092951,1,Shopping,True,False,True,0.9995701273904484,0.9995701273904486,5000.0,6008676.0,5,5,1.0,429.0,1289.0,4,4,1.0,78037228.0,58034693.0,True,True,True,True,True,True,True,True,True
Agent,History,gpt4o no humanity,20250925_093831,1,Shopping,True,False,True,0.9995701273904483,0.9995701273904486,5000.0,6008676.0,2,2,1.0,353.0,2212.5,1,1,1.0,79108837.0,79108837.0,True,True,True,True,False,True,False,False,False
Agent,History,gpt4o no humanity,20250925_094246,1,Shopping,True,False,True,0.7849289578003725,0.9995701273904486,5000.0,6008676.0,27,26,0.9629629629629629,366.0,2144.0,29,29,1.0,171114114.0,54678349.0,True,True,True,True,True,True,True,True,True
Agent,History,gpt4o no humanity,20250924_090037,1,Shopping,True,False,True,0.9995701273904485,0.9995701273904486,5000.0,6008676.0,13,11,0.8461538461538461,352.0,433.0,12,12,1.0,76582140.0,56031904.5,True,True,True,True,True,True,True,True,True
Agent,History,gpt4o no humanity,20250925_101347,1,Shopping,True,False,True,0.9995701273904483,0.9995701273904486,5000.0,6008676.0,1,1,1.0,468.0,468.0,0,0,0.0,,,True,False,True,False,False,False,False,False,False
Agent,History,gpt4o no humanity,20250925_101607,1,Shopping,True,False,True,0.9995701273904483,0.9995701273904486,5000.0,6008676.0,4,4,1.0,356.0,1911.0,3,3,1.0,59860515.0,58476295.0,True,True,True,True,True,True,True,True,True
Agent,History,gpt4o no humanity,20250925_102121,1,Shopping,True,False,True,0.9995701273904483,0.9995701273904486,5000.0,6008676.0,2,2,1.0,370.0,564.5,1,1,1.0,51311817.0,51311817.0,True,True,True,True,False,True,False,False,False
Agent,History,gpt4o no humanity,20250925_102416,1,Shopping,True,False,True,0.8533073785129522,0.9995701273904486,5000.0,6008676.0,24,20,0.8333333333333334,340.0,594.5,24,24,1.0,84078155.0,66984228.5,True,True,True,True,True,True,True,True,True
Agent,History,gpt4o no humanity,20251004_141622,3,Trip Planning,True,False,True,0.789709653354168,0.9995701273904486,5000.0,5957152.0,16,16,1.0,374.0,2085.0,17,17,1.0,118991358.0,51483952.0,True,True,True,True,True,True,True,True,True
Agent,History,gpt4o no humanity,20251004_144149,3,Trip Planning,True,False,True,0.9995701273904483,0.9995701273904486,5000.0,5957152.0,1,0,0.0,6360.0,6360.0,0,0,0.0,,,False,False,False,False,False,False,False,False,False
Agent,History,gpt4o no humanity,20250925_105538,3,Trip Planning,True,False,True,0.5754807894470968,0.9995701273904486,5000.0,5957152.0,26,26,1.0,349.0,2194.0,31,31,1.0,114995043.0,53158502.0,True,True,True,True,True,True,True,True,True
Agent,History,gpt4o no humanity,20250925_112604,3,Trip Planning,True,False,True,0.599420735462777,0.9995701273904486,5000.0,5957152.0,7,7,1.0,363.0,2233.0,7,7,1.0,55592203.0,47617642.0,True,True,True,True,True,True,True,True,True
Agent,History,gpt4o no humanity,20250925_113331,3,Trip Planning,True,False,True,0.8421258909119067,0.9995701273904486,5000.0,5957152.0,23,23,1.0,360.0,1100.0,24,24,1.0,111716967.0,56717098.0,True,True,True,True,True,True,True,True,True
Agent,History,gpt4o no humanity,20251004_123100,2,Video Streaming,True,False,True,0.7046119088417535,0.9995701273904486,5000.0,5927296.0,7,7,1.0,356.0,1467.0,7,7,1.0,66182420.0,50079861.0,True,True,True,True,True,True,True,True,True
Agent,History,gpt4o no humanity,20250924_141611,2,Video Streaming,True,False,True,0.9995701273904483,0.9995701273904486,5000.0,5927296.0,3,3,1.0,1627.0,3689.0,2,2,1.0,86837937.0,65433697.5,True,True,True,True,True,True,True,False,True
Agent,History,gpt4o no humanity,20250925_120121,2,Video Streaming,True,False,True,0.9995701273904483,0.9995701273904486,5000.0,5927296.0,1,1,1.0,721.0,721.0,0,0,0.0,,,True,False,True,False,False,False,False,False,False
Agent,History,gpt4o no humanity,20250925_120303,2,Video Streaming,True,False,True,0.9995701273904484,0.9995701273904486,5000.0,5927296.0,37,34,0.918918918918919,356.0,2313.0,36,36,1.0,85602407.0,45913773.5,True,True,True,True,True,True,True,True,True
Agent,History,gpt4o no humanity,20250924_142420,2,Video Streaming,True,False,True,0.9995701273904483,0.9995701273904486,5000.0,5927296.0,3,3,1.0,370.0,381.0,2,2,1.0,51611002.0,49490615.5,True,True,True,True,True,True,True,False,True
Agent,History,gpt4o no humanity,20250925_123357,2,Video Streaming,True,False,True,0.9995701273904484,0.9995701273904486,5000.0,5927296.0,6,6,1.0,344.0,959.5,5,5,1.0,66668644.0,53041944.0,True,True,True,True,True,True,True,True,True
Agent,History,gpt4o no humanity,20250925_124024,2,Video Streaming,True,False,True,0.9995701273904483,0.9995701273904486,5000.0,5927296.0,4,4,1.0,358.0,397.0,3,3,1.0,52799314.0,45673458.0,True,True,True,True,True,True,True,True,True
Agent,History,gpt4o no humanity,20250925_124533,2,Video Streaming,True,False,True,0.3917619785727686,0.9995701273904486,5000.0,5927296.0,7,7,1.0,342.0,2449.0,8,8,1.0,82936948.0,46172273.0,True,True,True,True,True,True,True,True,True
Agent,History,gpt4o no humanity,20250925_125415,2,Video Streaming,True,False,True,0.9995701273904483,0.9995701273904486,5000.0,5927296.0,1,1,1.0,432.0,432.0,0,0,0.0,,,True,False,True,False,False,False,False,False,False
Agent,History,gpt4o no humanity,20251208_143154,2,Video Streaming,True,False,True,0.9995701273904483,0.9995701273904486,5000.0,5927296.0,1,1,1.0,359.0,359.0,0,0,0.0,,,True,False,True,False,False,False,False,False,False
Agent,History,gpt4o no humanity,20251208_143740,2,Video Streaming,True,False,True,0.9995701273904483,0.9995701273904486,5000.0,5927296.0,8,7,0.875,731.0,1696.5,7,7,1.0,89148896.0,59790268.0,True,True,True,True,True,True,True,True,True
Agent,History,gpt4o no humanity,20251208_144801,2,Video Streaming,True,False,True,0.9995701273904483,0.9995701273904486,5000.0,5927296.0,3,3,1.0,1047.0,2794.0,2,2,1.0,67615391.0,66230880.0,True,True,True,True,True,True,True,False,True
Agent,History,gpt4o no humanity,20251208_145257,2,Video Streaming,True,False,True,0.26556422112674893,0.9995701273904486,5000.0,5927296.0,1,1,1.0,3165.0,3165.0,1,1,1.0,61357956.0,61357956.0,True,True,True,False,False,False,False,False,False
Agent,History,gpt4o no humanity,20251208_145702,2,Video Streaming,True,False,True,-0.11044820811568698,0.9995701273904486,5000.0,5927296.0,13,13,1.0,365.0,2436.0,20,20,1.0,109759289.0,91268853.5,True,True,True,True,True,True,True,True,True
Agent,History,gpt4o no humanity,20251208_152814,2,Video Streaming,True,False,True,0.9995701273904483,0.9995701273904486,5000.0,5927296.0,2,2,1.0,1686.0,1793.5,1,1,1.0,64961730.0,64961730.0,True,True,True,True,False,True,False,False,False
Agent,History,gpt4o no humanity,20251208_153209,2,Video Streaming,True,False,True,0.9995701273904483,0.9995701273904486,5000.0,5927296.0,2,2,1.0,2998.0,3244.0,1,1,1.0,56876024.0,56876024.0,True,True,True,True,False,True,False,False,False
Agent,History,gpt4o no humanity,20251208_153534,2,Video Streaming,True,False,True,0.9995701273904484,0.9995701273904486,5000.0,5927296.0,20,19,0.95,364.0,2243.5,19,19,1.0,151387081.0,75438623.0,True,True,True,True,True,True,True,True,True
Agent,History,gpt4o no humanity,20251208_160414,1,Shopping,True,False,True,0.9995701273904483,0.9995701273904486,5000.0,6008676.0,2,2,1.0,990.0,1478.5,1,1,1.0,68102222.0,68102222.0,True,True,True,True,False,True,False,False,False
Agent,History,gpt4o no humanity,20251208_160819,1,Shopping,True,False,True,0.9995701273904483,0.9995701273904486,5000.0,6008676.0,8,8,1.0,352.0,868.0,7,7,1.0,75970991.0,64954050.0,True,True,True,True,True,True,True,True,True
Agent,History,gpt4o no humanity,20251208_161816,1,Shopping,True,False,True,0.5078254690145768,0.9995701273904486,5000.0,6008676.0,9,7,0.7777777777777778,348.0,3693.0,11,11,1.0,349273596.0,97630809.0,True,True,True,True,True,True,True,True,True
Agent,History,gpt4o no humanity,20251208_164254,3,Trip Planning,True,False,True,0.9995701273904483,0.9995701273904486,5000.0,5957152.0,1,1,1.0,1146.0,1146.0,0,0,0.0,,,True,False,True,False,False,False,False,False,False
Agent,History,gpt4o no humanity,20251208_164615,3,Trip Planning,True,False,True,0.9995701273904484,0.9995701273904486,5000.0,5957152.0,5,5,1.0,362.0,1274.0,4,4,1.0,134816602.0,90239045.5,True,True,True,True,True,True,True,True,True
Agent,History,gpt4o no humanity,20251208_165651,3,Trip Planning,True,False,True,-0.6259362020539974,0.9995701273904486,5000.0,5957152.0,5,5,1.0,413.0,507.0,12,12,1.0,182897220.0,91104080.5,True,True,True,True,True,True,True,True,True
Agent,History,gpt4o no humanity,20251208_172025,3,Trip Planning,True,False,True,0.9995701273904483,0.9995701273904486,5000.0,5957152.0,1,1,1.0,3169.0,3169.0,0,0,0.0,,,True,False,True,False,False,False,False,False,False
Agent,History,gpt4o no humanity,20251208_172315,3,Trip Planning,True,False,True,0.9995701273904483,0.9995701273904486,5000.0,5957152.0,3,3,1.0,745.0,1226.0,2,2,1.0,100981364.0,98120577.5,True,True,True,True,True,True,True,False,True
Agent,History,gpt4o no humanity,20251208_173001,3,Trip Planning,True,False,True,0.9995701273904484,0.9995701273904486,5000.0,5957152.0,10,10,1.0,423.0,944.5,9,9,1.0,151147367.0,95602978.0,True,True,True,True,True,True,True,True,True
Agent,History,gpt4o no humanity,20251208_174929,3,Trip Planning,True,False,True,0.3498181404642792,0.9995701273904486,5000.0,5957152.0,2,2,1.0,375.0,757.5,2,2,1.0,102782125.0,97024370.5,True,True,True,True,True,True,False,False,False
Agent,History,gpt4o no humanity,20251208_175640,3,Trip Planning,True,False,True,-0.17735204078018546,0.9995701273904486,5000.0,5957152.0,7,7,1.0,1836.0,2802.0,15,15,1.0,187217397.0,113386977.0,True,True,True,True,True,True,True,True,True
Agent,History,gpt4o no humanity,20251208_182751,3,Trip Planning,True,False,True,-1.7282481038984507,0.9995701273904486,5000.0,5957152.0,1,1,1.0,964.0,964.0,19,19,1.0,122033248.0,83113448.0,True,True,True,False,True,True,False,True,True
Agent,History,gpt4o no humanity,20251208_190123,3,Trip Planning,True,False,True,0.9995701273904484,0.9995701273904486,5000.0,5957152.0,10,9,0.9,399.0,2304.0,9,9,1.0,86827305.0,76575594.0,True,True,True,True,True,True,True,True,True
Agent,History,gpt4o no humanity,20251208_191540,3,Trip Planning,True,False,True,0.9995701273904483,0.9995701273904486,5000.0,5957152.0,8,8,1.0,506.0,2252.0,7,7,1.0,73824310.0,66047866.0,True,True,True,True,True,True,True,True,True
Agent,History,gpt4o no humanity,20251208_192607,3,Trip Planning,True,False,True,0.7836541879289809,0.9995701273904486,5000.0,5957152.0,16,16,1.0,351.0,970.0,16,16,1.0,181999575.0,94312076.5,True,True,True,True,True,True,True,True,True
Agent,History,gpt4o no humanity,20251208_195421,3,Trip Planning,True,False,True,-0.2302580528743676,0.9995701273904486,5000.0,5957152.0,7,7,1.0,355.0,2037.0,10,10,1.0,125437460.0,83840585.5,True,True,True,True,True,True,True,True,True
Agent,History,gpt4o no humanity,20251208_201244,3,Trip Planning,True,False,True,0.9995701273904483,0.9995701273904486,5000.0,5957152.0,2,2,1.0,3552.0,3867.0,1,1,1.0,71846906.0,71846906.0,True,True,True,True,False,True,False,False,False
Agent,History,gpt4o no humanity,20251208_201655,4,Office & Learning,True,False,True,0.9995701273904483,0.9995701273904486,5000.0,5670071.0,3,3,1.0,439.0,1039.0,2,2,1.0,82870182.0,68055640.0,True,True,True,True,True,True,True,False,True
Agent,History,gpt4o no humanity,20251208_202155,4,Office & Learning,True,False,True,0.9995701273904484,0.9995701273904486,5000.0,5670071.0,5,5,1.0,541.0,1282.0,4,4,1.0,89394259.0,81377042.0,True,True,True,True,True,True,True,True,True
Agent,History,gpt4o no humanity,20251208_202941,4,Office & Learning,True,False,True,0.9995701273904483,0.9995701273904486,5000.0,5670071.0,17,17,1.0,383.0,1461.0,16,16,1.0,205548529.0,86449110.5,True,True,True,True,True,True,True,True,True
Agent,History,gpt4o no humanity,20251208_210053,4,Office & Learning,True,False,True,0.9995701273904483,0.9995701273904486,5000.0,5670071.0,3,3,1.0,467.0,1912.0,2,2,1.0,57338075.0,55279448.5,True,True,True,True,True,True,True,False,True
Agent,History,gpt4o no humanity,20251208_210518,4,Office & Learning,True,False,True,0.9995701273904484,0.9995701273904486,5000.0,5670071.0,6,6,1.0,355.0,1712.0,5,5,1.0,98881672.0,66697914.0,True,True,True,True,True,True,True,True,True
Agent,History,gpt4o no humanity,20251208_211414,4,Office & Learning,True,False,True,0.9995701273904483,0.9995701273904486,5000.0,5670071.0,9,9,1.0,356.0,2664.0,8,8,1.0,90566959.0,71770036.5,True,True,True,True,True,True,True,True,True
Agent,History,gpt4o no humanity,20251208_212700,1,Shopping,True,False,True,0.9995701273904483,0.9995701273904486,5000.0,6008676.0,9,8,0.8888888888888888,364.0,517.0,8,8,1.0,81927628.0,61858546.0,True,True,True,True,True,True,True,True,True
Agent,History,gpt4o no humanity,20251208_213831,1,Shopping,True,False,True,0.7569458571644192,0.9995701273904486,5000.0,6008676.0,19,17,0.8947368421052632,355.0,2732.0,20,20,1.0,119811821.0,82567713.5,True,True,True,True,True,True,True,True,True
Agent,History,gpt4o no humanity,20251208_220941,1,Shopping,True,False,True,0.8912153580353518,0.9995701273904486,5000.0,6008676.0,14,13,0.9285714285714286,345.0,3239.5,14,14,1.0,155352117.0,126631532.5,True,True,True,True,True,True,True,True,True
Agent,History,gpt4o no humanity,20251208_224051,1,Shopping,True,False,True,0.9995701273904484,0.9995701273904486,5000.0,6008676.0,10,10,1.0,363.0,1022.5,9,9,1.0,195067337.0,72507079.0,True,True,True,True,True,True,True,True,True
Agent,History,gpt4o no humanity,20251208_225957,1,Shopping,True,False,True,0.6255156602147367,0.9995701273904486,5000.0,6008676.0,15,15,1.0,449.0,2957.0,17,17,1.0,174066714.0,91678269.0,True,True,True,True,True,True,True,True,True
Agent,History,gpt4o no humanity,20251208_233107,1,Shopping,True,False,True,0.9995701273904483,0.9995701273904486,5000.0,6008676.0,3,2,0.6666666666666666,372.0,1095.0,2,2,1.0,81909170.0,78103534.5,True,True,True,True,True,True,False,False,False
Agent,History,gpt4o no humanity,20251208_233637,1,Shopping,True,False,True,0.9995701273904483,0.9995701273904486,5000.0,6008676.0,2,2,1.0,437.0,1120.0,1,1,1.0,53843768.0,53843768.0,True,True,True,True,False,True,False,False,False
Agent,History,gpt4o no humanity,20251208_234027,1,Shopping,True,False,True,-1.3436640289026023,0.9995701273904486,5000.0,6008676.0,3,3,1.0,1119.0,1800.0,19,19,1.0,127624187.0,95640474.0,True,True,True,True,True,True,True,True,True
Agent,History,gpt4o no humanity,20251209_001137,1,Shopping,True,False,True,-0.8266215403479776,0.9995701273904486,5000.0,6008676.0,5,5,1.0,369.0,1494.0,19,19,1.0,120900506.0,90459778.0,True,True,True,True,True,True,True,True,True
Agent,History,gpt4o no humanity,20251209_004248,3,Trip Planning,True,False,True,0.9995701273904483,0.9995701273904486,5000.0,5957152.0,1,1,1.0,436.0,436.0,0,0,0.0,,,True,False,True,False,False,False,False,False,False
Agent,History,gpt4o no humanity,20251209_004508,3,Trip Planning,True,False,True,0.9995701273904483,0.9995701273904486,5000.0,5957152.0,2,2,1.0,372.0,720.0,1,1,1.0,67367586.0,67367586.0,True,True,True,True,False,True,False,False,False
Agent,History,gpt4o no humanity,20251209_004913,3,Trip Planning,True,False,True,0.9995701273904485,0.9995701273904486,5000.0,5957152.0,7,7,1.0,374.0,513.0,6,6,1.0,74619921.0,62890658.0,True,True,True,True,True,True,True,True,True
Agent,History,gpt4o no humanity,20251209_005808,3,Trip Planning,True,False,True,0.9995701273904483,0.9995701273904486,5000.0,5957152.0,4,4,1.0,380.0,500.5,3,3,1.0,78173367.0,66623840.0,True,True,True,True,True,True,True,True,True
Agent,History,gpt4o no humanity,20251209_010429,3,Trip Planning,True,False,True,0.9995701273904483,0.9995701273904486,5000.0,5957152.0,1,1,1.0,4849.0,4849.0,0,0,0.0,,,True,False,True,False,False,False,False,False,False
Agent,History,gpt4o no humanity,20251209_010704,3,Trip Planning,True,False,True,0.9995701273904483,0.9995701273904486,5000.0,5957152.0,1,1,1.0,1296.0,1296.0,0,0,0.0,,,True,False,True,False,False,False,False,False,False
Agent,History,gpt4o no humanity,20251209_011139,1,Shopping,True,False,True,0.9995701273904483,0.9995701273904486,5000.0,6008676.0,1,1,1.0,2347.0,2347.0,0,0,0.0,,,True,False,True,False,False,False,False,False,False
Agent,History,gpt4o no humanity,20251209_011359,1,Shopping,True,False,True,0.46215968754765374,0.9995701273904486,5000.0,6008676.0,3,2,0.6666666666666666,737.0,1011.0,3,3,1.0,68602222.0,67162819.0,True,True,True,True,True,True,False,True,True
Agent,History,gpt4o no humanity,20251209_012014,1,Shopping,True,False,True,0.3675601771088137,0.9995701273904486,5000.0,6008676.0,5,4,0.8,361.0,2189.0,5,5,1.0,115457379.0,81559209.0,True,True,True,True,True,True,True,True,True
Agent,History,gpt4o no humanity,20251209_013200,1,Shopping,True,False,True,0.9995701273904483,0.9995701273904486,5000.0,6008676.0,1,1,1.0,385.0,385.0,0,0,0.0,,,True,False,True,False,False,False,False,False,False
Agent,History,gpt4o no humanity,20251209_013520,1,Shopping,True,False,True,0.9995701273904483,0.9995701273904486,5000.0,6008676.0,1,1,1.0,359.0,359.0,0,0,0.0,,,True,False,True,False,False,False,False,False,False
Agent,History,gpt4o no humanity,20251209_013815,1,Shopping,True,False,True,0.9995701273904484,0.9995701273904486,5000.0,6008676.0,6,6,1.0,359.0,447.5,5,5,1.0,96263881.0,79712637.0,True,True,True,True,True,True,True,True,True
Agent,History,gpt4o no humanity,20251209_014746,1,Shopping,True,False,True,0.9995701273904483,0.9995701273904486,5000.0,6008676.0,4,4,1.0,349.0,395.0,3,3,1.0,124034147.0,59531313.0,True,True,True,True,True,True,True,True,True
Agent,History,gpt4o no humanity,20251209_015426,1,Shopping,True,False,True,-0.24002235852393447,0.9995701273904486,5000.0,6008676.0,4,4,1.0,612.0,1840.5,6,6,1.0,96888836.0,70462131.5,True,True,True,True,True,True,True,True,True
Agent,History,gpt4o no humanity,20251209_020426,1,Shopping,True,False,True,0.9995701273904483,0.9995701273904486,5000.0,6008676.0,1,1,1.0,362.0,362.0,0,0,0.0,,,True,False,True,False,False,False,False,False,False
Agent,History,gpt4o no humanity,20251209_020745,4,Office & Learning,True,False,True,0.9995701273904483,0.9995701273904486,5000.0,5670071.0,2,2,1.0,1347.0,1511.5,1,1,1.0,64274935.0,64274935.0,True,True,True,True,False,True,False,False,False
Agent,History,gpt4o no humanity,20251209_021108,4,Office & Learning,True,False,True,0.9995701273904483,0.9995701273904486,5000.0,5670071.0,17,17,1.0,462.0,2115.0,16,16,1.0,289377478.0,68577613.5,True,True,True,True,True,True,True,True,True
Agent,History,gpt4o no humanity,20251209_024216,4,Office & Learning,True,False,True,0.7296521741977394,0.9995701273904486,5000.0,5670071.0,6,6,1.0,1188.0,2753.5,6,6,1.0,74829997.0,63251096.5,True,True,True,True,True,True,True,True,True
Agent,History,gpt4o no humanity,20251209_025057,4,Office & Learning,True,False,True,0.9995701273904484,0.9995701273904486,5000.0,5670071.0,5,5,1.0,1384.0,1999.0,4,4,1.0,83993171.0,67555588.5,True,True,True,True,True,True,True,True,True
Agent,History,gpt4o no humanity,20251209_025832,4,Office & Learning,True,False,True,0.632155470590626,0.9995701273904486,5000.0,5670071.0,18,17,0.9444444444444444,366.0,2581.5,19,19,1.0,202030789.0,85958901.0,True,True,True,True,True,True,True,True,True
Agent,History,gpt4o no humanity,20251209_032942,4,Office & Learning,True,False,True,0.5276929805355531,0.9995701273904486,5000.0,5670071.0,13,13,1.0,384.0,996.0,14,14,1.0,182300282.0,63572132.5,True,True,True,True,True,True,True,True,True
Agent,History,gpt4o no humanity,20251209_035014,0,Social Media,True,False,True,0.9995701273904483,0.9995701273904486,5000.0,6311961.0,2,2,1.0,1202.0,2034.0,1,1,1.0,52833901.0,52833901.0,True,True,True,True,False,True,False,False,False
Agent,History,gpt4o no humanity,20251209_035334,0,Social Media,True,False,True,0.9995701273904483,0.9995701273904486,5000.0,6311961.0,2,2,1.0,480.0,1076.5,1,1,1.0,62698083.0,62698083.0,True,True,True,True,False,True,False,False,False
Agent,History,gpt4o no humanity,20251209_035701,0,Social Media,True,False,True,0.9995701273904484,0.9995701273904486,5000.0,6311961.0,22,22,1.0,491.0,2509.0,21,21,1.0,211878770.0,73616530.0,True,True,True,True,True,True,True,True,True
Agent,History,gpt4o no humanity,20251209_042810,0,Social Media,True,False,True,-0.32921968411017316,0.9995701273904486,5000.0,6311961.0,5,3,0.6,1380.0,2368.0,8,8,1.0,97638019.0,70825410.5,True,True,True,True,True,True,True,True,True
Agent,History,gpt4o no humanity,20251209_044456,0,Social Media,True,False,True,0.6509937409590985,0.9995701273904486,5000.0,6311961.0,16,16,1.0,362.0,2378.0,17,17,1.0,169047887.0,74287598.0,True,True,True,True,True,True,True,True,True
Agent,History,gpt4o no humanity,20251209_051606,0,Social Media,True,False,True,0.06557644431138146,0.9995701273904486,5000.0,6311961.0,15,15,1.0,488.0,2565.0,23,23,1.0,120644328.0,62342913.0,True,True,True,True,True,True,True,True,True
Agent,History,gpt4o no humanity,20251209_054716,0,Social Media,True,False,True,0.9995701273904483,0.9995701273904486,5000.0,6311961.0,4,4,1.0,1230.0,1559.0,3,3,1.0,104241759.0,54074220.0,True,True,True,True,True,True,True,True,True
Agent,History,gpt4o no humanity,20251209_055311,0,Social Media,True,False,True,0.842117988028035,0.9995701273904486,5000.0,6311961.0,11,11,1.0,425.0,2642.0,11,11,1.0,67436613.0,56025357.0,True,True,True,True,True,True,True,True,True
Agent,History,gpt4o no humanity,20251209_060552,0,Social Media,True,False,True,0.7660263592594629,0.9995701273904486,5000.0,6311961.0,14,14,1.0,352.0,1091.0,14,14,1.0,102166958.0,62414865.0,True,True,True,True,True,True,True,True,True
Agent,History,gpt4o no humanity,20251209_062600,0,Social Media,True,False,True,0.9995701273904484,0.9995701273904486,5000.0,6311961.0,5,5,1.0,385.0,1235.0,4,4,1.0,58486035.0,56536515.0,True,True,True,True,True,True,True,True,True
Agent,History,gpt4o no humanity,20251209_063236,0,Social Media,True,False,True,0.9995701273904484,0.9995701273904486,5000.0,6311961.0,12,12,1.0,347.0,1351.5,11,11,1.0,97983337.0,55795749.0,True,True,True,True,True,True,True,True,True
Agent,History,gpt4o no humanity,20251209_064658,0,Social Media,True,False,True,0.9995701273904484,0.9995701273904486,5000.0,6311961.0,6,6,1.0,1183.0,2731.0,5,5,1.0,79629430.0,62048316.0,True,True,True,True,True,True,True,True,True
Agent,History,gpt4o no humanity,20251209_065444,0,Social Media,True,False,True,0.9995701273904483,0.9995701273904486,5000.0,6311961.0,3,3,1.0,2014.0,2074.0,2,2,1.0,55353598.0,52508925.5,True,True,True,True,True,True,True,False,True
Agent,History,gpt4o no humanity,20251209_065905,0,Social Media,True,False,True,0.9995701273904483,0.9995701273904486,5000.0,6311961.0,3,3,1.0,354.0,3582.0,2,2,1.0,118667251.0,89734701.0,True,True,True,True,True,True,True,False,True
Agent,History,gpt4o no humanity,20251209_070431,0,Social Media,True,False,True,0.9995701273904485,0.9995701273904486,5000.0,6311961.0,7,7,1.0,412.0,1987.0,6,6,1.0,383751053.0,63322927.0,True,True,True,True,True,True,True,True,True
Agent,History,gpt4o no humanity,20251209_072003,0,Social Media,True,False,True,0.9995701273904483,0.9995701273904486,5000.0,6311961.0,2,2,1.0,2031.0,2378.5,1,1,1.0,57098401.0,57098401.0,True,True,True,True,False,True,False,False,False
Agent,History,gpt4o no humanity,20251209_072318,0,Social Media,True,False,True,0.9995701273904484,0.9995701273904486,5000.0,6311961.0,6,5,0.8333333333333334,1085.0,2794.0,5,5,1.0,61841733.0,59908114.0,True,True,True,True,True,True,True,True,True
Agent,History,gpt4o no humanity,20251209_073119,0,Social Media,True,False,True,0.9050988437730002,0.9995701273904486,5000.0,6311961.0,19,19,1.0,356.0,1102.0,19,19,1.0,70366310.0,63930969.0,True,True,True,True,True,True,True,True,True
Agent,History,gpt4o no humanity,20251209_075353,4,Office & Learning,True,False,True,0.47438810190930475,0.9995701273904486,5000.0,5670071.0,5,5,1.0,1243.0,2882.0,5,5,1.0,52670984.0,51428899.0,True,True,True,True,True,True,True,True,True
Agent,History,gpt4o no humanity,20251209_080004,4,Office & Learning,True,False,True,0.9995701273904484,0.9995701273904486,5000.0,5670071.0,5,4,0.8,385.0,1836.0,4,4,1.0,86626890.0,63400104.0,True,True,True,True,True,True,True,True,True
Agent,History,gpt4o no humanity,20251209_080650,4,Office & Learning,True,False,True,0.4326598618517311,0.9995701273904486,5000.0,5670071.0,19,19,1.0,366.0,1006.0,25,25,1.0,157988834.0,59803913.0,True,True,True,True,True,True,True,True,True
Agent,History,gpt4o no humanity,20251209_083814,0,Social Media,True,False,True,0.2031556349175645,0.9995701273904486,5000.0,6311961.0,6,6,1.0,413.0,2031.5,7,7,1.0,106578047.0,55439437.0,True,True,True,True,True,True,True,True,True
Agent,History,gpt4o no humanity,20251209_084822,0,Social Media,True,False,True,0.9995701273904484,0.9995701273904486,5000.0,6311961.0,6,6,1.0,429.0,1199.5,5,5,1.0,148888612.0,78902805.0,True,True,True,True,True,True,True,True,True
Agent,History,gpt4o no humanity,20251209_085752,0,Social Media,True,False,True,0.9995701273904484,0.9995701273904486,5000.0,6311961.0,6,5,0.8333333333333334,386.0,1109.5,5,5,1.0,86179529.0,60643061.0,True,True,True,True,True,True,True,True,True
Agent,History,gpt4o no humanity,20251209_090550,0,Social Media,True,False,True,0.9995701273904484,0.9995701273904486,5000.0,6311961.0,11,10,0.9090909090909091,820.0,2206.0,10,10,1.0,181754683.0,93233954.5,True,True,True,True,True,True,True,True,True
Agent,History,gpt4o no humanity,20251209_092448,0,Social Media,True,False,True,0.9995701273904483,0.9995701273904486,5000.0,6311961.0,1,1,1.0,3529.0,3529.0,0,0,0.0,,,True,False,True,False,False,False,False,False,False
Agent,History,claude no humanity,20250925_132450,1,Shopping,True,False,True,0.9999360254630549,0.9999360254630554,5000.0,6008676.0,8,8,1.0,788.0,1727.5,7,7,1.0,129134630.0,72961318.0,True,True,True,True,True,True,True,True,True
Agent,History,claude no humanity,20250925_133715,1,Shopping,True,False,True,0.999936025463055,0.9999360254630554,5000.0,6008676.0,10,10,1.0,373.0,1216.5,9,9,1.0,100892276.0,76589875.0,True,True,True,True,True,True,True,True,True
Agent,History,claude no humanity,20250925_135111,1,Shopping,True,False,True,0.9999360254630549,0.9999360254630554,5000.0,6008676.0,2,2,1.0,577.0,2102.5,1,1,1.0,120619966.0,120619966.0,True,True,True,True,False,True,False,False,False
Agent,History,claude no humanity,20250925_135601,1,Shopping,True,False,True,0.9999360254630553,0.9999360254630554,5000.0,6008676.0,14,13,0.9285714285714286,361.0,1978.0,13,13,1.0,176592779.0,79460716.0,True,True,True,True,True,True,True,True,True
Agent,History,claude no humanity,20250924_145519,1,Shopping,True,False,True,0.9999360254630548,0.9999360254630554,5000.0,6008676.0,7,7,1.0,374.0,794.0,6,6,1.0,79754495.0,68119293.5,True,True,True,True,True,True,True,True,True
Agent,History,claude no humanity,20250925_141929,1,Shopping,True,False,True,0.999936025463055,0.9999360254630554,5000.0,6008676.0,3,3,1.0,363.0,1312.0,2,2,1.0,146164477.0,112782418.5,True,True,True,True,True,True,True,False,True
Agent,History,claude no humanity,20250925_142559,1,Shopping,True,False,True,0.9999360254630549,0.9999360254630554,5000.0,6008676.0,8,7,0.875,362.0,385.0,7,7,1.0,175733293.0,81605345.0,True,True,True,True,True,True,True,True,True
Agent,History,claude no humanity,20250925_143951,1,Shopping,True,False,True,0.999936025463055,0.9999360254630554,5000.0,6008676.0,10,9,0.9,353.0,570.0,9,9,1.0,229069320.0,68475392.0,True,True,True,True,True,True,True,True,True
Agent,History,claude no humanity,20250925_145539,1,Shopping,True,False,True,0.7913681283896908,0.9999360254630554,5000.0,6008676.0,8,8,1.0,380.0,865.5,8,8,1.0,132871662.0,80239099.0,True,True,True,True,True,True,True,True,True
Agent,History,claude no humanity,20251004_145241,3,Trip Planning,True,False,True,0.9999360254630549,0.9999360254630554,5000.0,5957152.0,8,8,1.0,359.0,1048.5,7,7,1.0,96916974.0,85942419.0,True,True,True,True,True,True,True,True,True
Agent,History,claude no humanity,20250925_151018,3,Trip Planning,True,False,True,0.9999360254630552,0.9999360254630554,5000.0,5957152.0,11,11,1.0,388.0,518.0,10,10,1.0,94327606.0,80047313.5,True,True,True,True,True,True,True,True,True
Agent,History,claude no humanity,20250925_152746,3,Trip Planning,True,False,True,0.9999360254630549,0.9999360254630554,5000.0,5957152.0,2,2,1.0,982.0,2584.0,1,1,1.0,76635309.0,76635309.0,True,True,True,True,False,True,False,False,False
Agent,History,claude no humanity,20251004_150939,3,Trip Planning,True,False,True,0.9999360254630548,0.9999360254630554,5000.0,5957152.0,6,6,1.0,366.0,1258.0,5,5,1.0,107391184.0,89597652.0,True,True,True,True,True,True,True,True,True
Agent,History,claude no humanity,20251004_115102,2,Video Streaming,True,False,True,0.9999360254630549,0.9999360254630554,5000.0,5927296.0,2,2,1.0,2099.0,2882.5,1,1,1.0,79006493.0,79006493.0,True,True,True,True,False,True,False,False,False
Agent,History,claude no humanity,20251004_120646,2,Video Streaming,True,False,True,0.999936025463055,0.9999360254630554,5000.0,5927296.0,3,3,1.0,1132.0,3361.0,2,2,1.0,114102105.0,101622093.5,True,True,True,True,True,True,True,False,True
Agent,History,claude no humanity,20250924_152359,2,Video Streaming,True,False,True,0.9999360254630549,0.9999360254630554,5000.0,5927296.0,1,1,1.0,2337.0,2337.0,0,0,0.0,,,True,False,True,False,False,False,False,False,False
Agent,History,claude no humanity,20250925_154002,2,Video Streaming,True,False,True,0.999936025463055,0.9999360254630554,5000.0,5927296.0,3,3,1.0,388.0,627.0,2,2,1.0,71188303.0,67747604.5,True,True,True,True,True,True,True,False,True
Agent,History,claude no humanity,20250925_154454,2,Video Streaming,True,False,True,0.999936025463055,0.9999360254630554,5000.0,5927296.0,3,3,1.0,358.0,375.0,2,2,1.0,73802043.0,73334345.5,True,True,True,True,True,True,True,False,True
Agent,History,claude no humanity,20251004_153137,2,Video Streaming,True,False,True,0.9999360254630552,0.9999360254630554,5000.0,5927296.0,11,9,0.8181818181818182,357.0,990.0,10,10,1.0,96129695.0,79649159.0,True,True,True,True,True,True,True,True,True
Agent,History,claude no humanity,20250925_155001,2,Video Streaming,True,False,True,0.5736881044403651,0.9999360254630554,5000.0,5927296.0,12,12,1.0,352.0,739.0,13,13,1.0,192845456.0,71106458.0,True,True,True,True,True,True,True,True,True
Agent,History,claude no humanity,20251004_154839,2,Video Streaming,True,False,True,0.9999360254630549,0.9999360254630554,5000.0,5927296.0,2,2,1.0,650.0,1120.0,1,1,1.0,85307018.0,85307018.0,True,True,True,True,False,True,False,False,False
Agent,History,claude no humanity,20250925_161350,2,Video Streaming,True,False,True,0.9999360254630549,0.9999360254630554,5000.0,5927296.0,2,2,1.0,568.0,2164.5,1,1,1.0,92213448.0,92213448.0,True,True,True,True,False,True,False,False,False
Agent,History,claude no humanity,20251004_155300,2,Video Streaming,True,False,True,0.999936025463055,0.9999360254630554,5000.0,5927296.0,3,3,1.0,474.0,1355.0,2,2,1.0,99088856.0,93323003.5,True,True,True,True,True,True,True,False,True
Agent,History,claude no humanity,20251216_133702,2,Video Streaming,True,False,True,0.9999360254630549,0.9999360254630554,5000.0,5927296.0,5,5,1.0,388.0,2591.0,4,4,1.0,116139187.0,54988509.0,True,True,True,True,True,True,True,True,True
Agent,History,claude no humanity,20251216_132219,2,Video Streaming,True,False,True,0.9999360254630552,0.9999360254630554,5000.0,5927296.0,13,13,1.0,1025.0,2663.0,12,12,1.0,75743781.0,59355285.0,True,True,True,True,True,True,True,True,True
Agent,History,claude no humanity,20251216_134423,2,Video Streaming,True,False,True,0.999936025463055,0.9999360254630554,5000.0,5927296.0,10,9,0.9,374.0,1310.0,9,9,1.0,126684776.0,68144106.0,True,True,True,True,True,True,True,True,True
Agent,History,claude no humanity,20251216_135855,2,Video Streaming,True,False,True,-0.6039538012236062,0.9999360254630554,5000.0,5927296.0,3,3,1.0,391.0,623.0,6,6,1.0,81751626.0,69526822.5,True,True,True,True,True,True,True,True,True
Agent,History,claude no humanity,20251216_140911,2,Video Streaming,True,False,True,0.9999360254630549,0.9999360254630554,5000.0,5927296.0,1,1,1.0,442.0,442.0,0,0,0.0,,,True,False,True,False,False,False,False,False,False
Agent,History,claude no humanity,20251216_141137,2,Video Streaming,True,False,True,-0.72345135805408,0.9999360254630554,5000.0,5927296.0,6,4,0.6666666666666666,376.0,2227.0,23,23,1.0,88142667.0,74736206.0,True,True,True,True,True,True,True,True,True
Agent,History,claude no humanity,20251216_144251,2,Video Streaming,True,False,True,0.9999360254630547,0.9999360254630554,5000.0,5927296.0,19,19,1.0,372.0,2138.0,18,18,1.0,81002227.0,57889890.5,True,True,True,True,True,True,True,True,True
Agent,History,claude no humanity,20251216_150412,2,Video Streaming,True,False,True,0.9999360254630549,0.9999360254630554,5000.0,5927296.0,5,4,0.8,1539.0,4569.0,4,4,1.0,80593776.0,68356486.0,True,True,True,True,True,True,True,True,True
Agent,History,claude no humanity,20251216_151243,2,Video Streaming,True,False,True,0.9999360254630552,0.9999360254630554,5000.0,5927296.0,11,11,1.0,354.0,582.0,10,10,1.0,150752170.0,85968952.0,True,True,True,True,True,True,True,True,True
Agent,History,claude no humanity,20251216_153252,1,Shopping,True,False,True,0.999936025463055,0.9999360254630554,5000.0,6008676.0,3,3,1.0,529.0,622.0,2,2,1.0,70539296.0,67374115.5,True,True,True,True,True,True,True,False,True
Agent,History,claude no humanity,20251216_153742,1,Shopping,True,False,True,0.9999360254630549,0.9999360254630554,5000.0,6008676.0,25,24,0.96,357.0,2162.0,24,24,1.0,149491169.0,59592019.5,True,True,True,True,True,True,True,True,True
Agent,History,claude no humanity,20251216_160854,1,Shopping,True,False,True,-0.2076650340597093,0.9999360254630554,5000.0,6008676.0,11,10,0.9090909090909091,353.0,2001.0,22,22,1.0,152271567.0,68314023.5,True,True,True,True,True,True,True,True,True
Agent,History,claude no humanity,20251216_164006,3,Trip Planning,True,False,True,0.9999360254630549,0.9999360254630554,5000.0,5957152.0,2,2,1.0,1274.0,1900.5,1,1,1.0,57335905.0,57335905.0,True,True,True,True,False,True,False,False,False
Agent,History,claude no humanity,20251216_164406,3,Trip Planning,True,False,True,0.9999360254630549,0.9999360254630554,5000.0,5957152.0,1,1,1.0,3517.0,3517.0,0,0,0.0,,,True,False,True,False,False,False,False,False,False
Agent,History,claude no humanity,20251216_164626,3,Trip Planning,True,False,True,0.9999360254630548,0.9999360254630554,5000.0,5957152.0,7,7,1.0,357.0,1341.0,6,6,1.0,72824018.0,64853121.5,True,True,True,True,True,True,True,True,True
Agent,History,claude no humanity,20251216_165543,3,Trip Planning,True,False,True,0.9999360254630549,0.9999360254630554,5000.0,5957152.0,1,1,1.0,1116.0,1116.0,0,0,0.0,,,True,False,True,False,False,False,False,False,False
Agent,History,claude no humanity,20251216_165823,3,Trip Planning,True,False,True,0.9999360254630549,0.9999360254630554,5000.0,5957152.0,1,1,1.0,1623.0,1623.0,0,0,0.0,,,True,False,True,False,False,False,False,False,False
Agent,History,claude no humanity,20251216_170148,3,Trip Planning,True,False,True,0.9417537467067432,0.9999360254630554,5000.0,5957152.0,19,19,1.0,416.0,1826.0,19,19,1.0,290513112.0,72020259.0,True,True,True,True,True,True,True,True,True
Agent,History,claude no humanity,20251216_173300,3,Trip Planning,True,False,True,-0.6797318496335785,0.9999360254630554,5000.0,5957152.0,4,4,1.0,442.0,2252.0,15,15,1.0,129714825.0,79468879.0,True,True,True,True,True,True,True,True,True
Agent,History,claude no humanity,20251216_175654,3,Trip Planning,True,False,True,0.8328427704718253,0.9999360254630554,5000.0,5957152.0,9,8,0.8888888888888888,387.0,2512.0,9,9,1.0,76984435.0,66957115.0,True,True,True,True,True,True,True,True,True
Agent,History,claude no humanity,20251216_180951,3,Trip Planning,True,False,True,-0.20125674107384386,0.9999360254630554,5000.0,5957152.0,11,10,0.9090909090909091,1326.0,2701.0,23,23,1.0,98928680.0,75200790.0,True,True,True,True,True,True,True,True,True
Agent,History,claude no humanity,20251216_184103,3,Trip Planning,True,False,True,0.9999360254630549,0.9999360254630554,5000.0,5957152.0,4,4,1.0,598.0,1911.0,3,3,1.0,73419178.0,69425460.0,True,True,True,True,True,True,True,True,True
Agent,History,claude no humanity,20251216_184733,3,Trip Planning,True,False,True,0.5411858434334719,0.9999360254630554,5000.0,5957152.0,20,19,0.95,381.0,2060.5,24,24,1.0,142846412.0,69278181.0,True,True,True,True,True,True,True,True,True
Agent,History,claude no humanity,20251216_191845,3,Trip Planning,True,False,True,0.9999360254630548,0.9999360254630554,5000.0,5957152.0,17,16,0.9411764705882353,629.0,2318.0,16,16,1.0,155851122.0,69187006.0,True,True,True,True,True,True,True,True,True
Agent,History,claude no humanity,20251216_194329,3,Trip Planning,True,False,True,0.7351029755653304,0.9999360254630554,5000.0,5957152.0,18,18,1.0,343.0,1722.0,19,19,1.0,181563062.0,77218244.0,True,True,True,True,True,True,True,True,True
Agent,History,claude no humanity,20251216_201443,3,Trip Planning,True,False,True,0.7563077634957663,0.9999360254630554,5000.0,5957152.0,12,12,1.0,358.0,2127.5,12,12,1.0,748342785.0,70993819.5,True,True,True,True,True,True,True,True,True
Agent,History,claude no humanity,20251216_204348,3,Trip Planning,True,False,True,0.9999360254630549,0.9999360254630554,5000.0,5957152.0,8,8,1.0,360.0,1037.5,7,7,1.0,148406241.0,83807614.0,True,True,True,True,True,True,True,True,True
Agent,History,claude no humanity,20251216_205730,4,Office & Learning,True,False,True,0.9999360254630549,0.9999360254630554,5000.0,5670071.0,5,5,1.0,638.0,1580.0,4,4,1.0,324440574.0,64948366.5,True,True,True,True,True,True,True,True,True
Agent,History,claude no humanity,20251216_210832,4,Office & Learning,True,False,True,0.8606797632943978,0.9999360254630554,5000.0,5670071.0,15,15,1.0,388.0,1097.0,15,15,1.0,97671636.0,72508129.0,True,True,True,True,True,True,True,True,True
Agent,History,claude no humanity,20251216_212915,4,Office & Learning,True,False,True,0.9999360254630547,0.9999360254630554,5000.0,5670071.0,21,20,0.9523809523809523,452.0,2550.0,20,20,1.0,230299717.0,72380572.5,True,True,True,True,True,True,True,True,True
Agent,History,claude no humanity,20251216_220027,4,Office & Learning,True,False,True,0.9999360254630549,0.9999360254630554,5000.0,5670071.0,1,1,1.0,343.0,343.0,0,0,0.0,,,True,False,True,False,False,False,False,False,False
Agent,History,claude no humanity,20251216_220302,4,Office & Learning,True,False,True,0.999936025463055,0.9999360254630554,5000.0,5670071.0,3,3,1.0,1215.0,1890.0,2,2,1.0,74338595.0,73591891.0,True,True,True,True,True,True,True,False,True
Agent,History,claude no humanity,20251216_220812,4,Office & Learning,True,False,True,0.9999360254630548,0.9999360254630554,5000.0,5670071.0,6,6,1.0,354.0,1251.0,5,5,1.0,103221325.0,73118122.0,True,True,True,True,True,True,True,True,True
Agent,History,claude no humanity,20251216_221728,1,Shopping,True,False,True,0.9999360254630549,0.9999360254630554,5000.0,6008676.0,1,1,1.0,3613.0,3613.0,0,0,0.0,,,True,False,True,False,False,False,False,False,False
Agent,History,claude no humanity,20251216_222013,1,Shopping,True,False,True,0.41112937881607553,0.9999360254630554,5000.0,6008676.0,11,11,1.0,353.0,409.0,13,13,1.0,145199260.0,75899812.0,True,True,True,True,True,True,True,True,True
Agent,History,claude no humanity,20251216_224122,1,Shopping,True,False,True,0.9999360254630549,0.9999360254630554,5000.0,6008676.0,1,1,1.0,742.0,742.0,0,0,0.0,,,True,False,True,False,False,False,False,False,False
Agent,History,claude no humanity,20251216_224402,1,Shopping,True,False,True,0.9999360254630549,0.9999360254630554,5000.0,6008676.0,1,0,0.0,17081.0,17081.0,0,0,0.0,,,False,False,False,False,False,False,False,False,False
Agent,History,claude no humanity,20251216_224642,1,Shopping,True,False,True,0.9999360254630549,0.9999360254630554,5000.0,6008676.0,1,1,1.0,441.0,441.0,0,0,0.0,,,True,False,True,False,False,False,False,False,False
Agent,History,claude no humanity,20251216_224917,1,Shopping,True,False,True,0.4021770506697179,0.9999360254630554,5000.0,6008676.0,13,13,1.0,346.0,993.0,16,16,1.0,141875811.0,66916558.5,True,True,True,True,True,True,True,True,True
Agent,History,claude no humanity,20251216_231256,1,Shopping,True,False,True,0.9999360254630549,0.9999360254630554,5000.0,6008676.0,2,2,1.0,557.0,1332.5,1,1,1.0,62199912.0,62199912.0,True,True,True,True,False,True,False,False,False
Agent,History,claude no humanity,20251216_231636,1,Shopping,True,False,True,0.5035304474751404,0.9999360254630554,5000.0,6008676.0,17,17,1.0,489.0,1219.0,20,20,1.0,126580770.0,64075031.0,True,True,True,True,True,True,True,True,True
Agent,History,claude no humanity,20251216_234430,1,Shopping,True,False,True,-0.005991398959104155,0.9999360254630554,5000.0,6008676.0,9,9,1.0,353.0,1039.0,18,18,1.0,171425146.0,80059558.0,True,True,True,True,True,True,True,True,True
Agent,History,claude no humanity,20251217_001542,3,Trip Planning,True,False,True,0.9999360254630549,0.9999360254630554,5000.0,5957152.0,2,2,1.0,913.0,1564.5,1,1,1.0,236406505.0,236406505.0,True,True,True,True,False,True,False,False,False
Agent,History,claude no humanity,20251217_002444,3,Trip Planning,True,False,True,0.6821021203253198,0.9999360254630554,5000.0,5957152.0,5,5,1.0,412.0,2191.0,5,5,1.0,171130937.0,76900582.0,True,True,True,True,True,True,True,True,True
Agent,History,claude no humanity,20251217_004126,3,Trip Planning,True,False,True,0.9999360254630549,0.9999360254630554,5000.0,5957152.0,2,2,1.0,376.0,634.0,1,1,1.0,68398231.0,68398231.0,True,True,True,True,False,True,False,False,False
Agent,History,claude no humanity,20251217_004511,3,Trip Planning,True,False,True,0.9999360254630549,0.9999360254630554,5000.0,5957152.0,1,1,1.0,1873.0,1873.0,0,0,0.0,,,True,False,True,False,False,False,False,False,False
Agent,History,claude no humanity,20251217_004746,3,Trip Planning,True,False,True,0.9999360254630549,0.9999360254630554,5000.0,5957152.0,1,1,1.0,365.0,365.0,0,0,0.0,,,True,False,True,False,False,False,False,False,False
Agent,History,claude no humanity,20251217_005016,3,Trip Planning,True,False,True,0.6936697441255097,0.9999360254630554,5000.0,5957152.0,7,7,1.0,368.0,1959.0,7,7,1.0,67961663.0,60943008.0,True,True,True,True,True,True,True,True,True
Agent,History,claude no humanity,20251217_010027,1,Shopping,True,False,True,0.9999360254630548,0.9999360254630554,5000.0,6008676.0,7,6,0.8571428571428571,351.0,1686.0,6,6,1.0,129336316.0,67683860.5,True,True,True,True,True,True,True,True,True
Agent,History,claude no humanity,20251217_011115,1,Shopping,True,False,True,0.9999360254630549,0.9999360254630554,5000.0,6008676.0,1,1,1.0,363.0,363.0,0,0,0.0,,,True,False,True,False,False,False,False,False,False
Agent,History,claude no humanity,20251217_011340,1,Shopping,True,False,True,0.6536082756793494,0.9999360254630554,5000.0,6008676.0,5,5,1.0,366.0,605.0,5,5,1.0,94937972.0,65937862.0,True,True,True,True,True,True,True,True,True
Agent,History,claude no humanity,20251217_012256,1,Shopping,True,False,True,0.9999360254630549,0.9999360254630554,5000.0,6008676.0,5,4,0.8,514.0,1831.0,4,4,1.0,65830750.0,60679647.0,True,True,True,True,True,True,True,True,True
Agent,History,claude no humanity,20251217_013032,1,Shopping,True,False,True,0.9999360254630549,0.9999360254630554,5000.0,6008676.0,1,1,1.0,714.0,714.0,0,0,0.0,,,True,False,True,False,False,False,False,False,False
Agent,History,claude no humanity,20251217_013307,1,Shopping,True,False,True,0.8825099761586432,0.9999360254630554,5000.0,6008676.0,25,25,1.0,342.0,1043.0,25,25,1.0,111831506.0,66374698.0,True,True,True,True,True,True,True,True,True
Agent,History,claude no humanity,20251217_020420,1,Shopping,True,False,True,0.9999360254630549,0.9999360254630554,5000.0,6008676.0,1,1,1.0,1583.0,1583.0,0,0,0.0,,,True,False,True,False,False,False,False,False,False
Agent,History,claude no humanity,20251217_020925,1,Shopping,True,False,True,0.9999360254630549,0.9999360254630554,5000.0,6008676.0,4,4,1.0,349.0,381.5,3,3,1.0,71888407.0,68638869.0,True,True,True,True,True,True,True,True,True
Agent,History,claude no humanity,20251217_021536,1,Shopping,True,False,True,0.9999360254630549,0.9999360254630554,5000.0,6008676.0,1,1,1.0,4210.0,4210.0,0,0,0.0,,,True,False,True,False,False,False,False,False,False
Agent,History,claude no humanity,20251217_021840,4,Office & Learning,True,False,True,0.9999360254630549,0.9999360254630554,5000.0,5670071.0,2,2,1.0,1025.0,1074.5,1,1,1.0,49767966.0,49767966.0,True,True,True,True,False,True,False,False,False
Agent,History,claude no humanity,20251217_022148,4,Office & Learning,True,False,True,0.9999360254630549,0.9999360254630554,5000.0,5670071.0,26,26,1.0,374.0,2273.5,25,25,1.0,136894347.0,60594527.0,True,True,True,True,True,True,True,True,True
Agent,History,claude no humanity,20251217_025259,4,Office & Learning,True,False,True,0.8050920049542288,0.9999360254630554,5000.0,5670071.0,23,21,0.9130434782608695,369.0,2176.0,24,24,1.0,121498505.0,58115660.0,True,True,True,True,True,True,True,True,True
Agent,History,claude no humanity,20251217_032410,4,Office & Learning,True,False,True,0.28216996447971765,0.9999360254630554,5000.0,5670071.0,4,4,1.0,1538.0,2572.0,4,4,1.0,93381196.0,61336147.5,True,True,True,True,True,True,True,True,True
Agent,History,claude no humanity,20251217_033106,4,Office & Learning,True,False,True,0.585447641861217,0.9999360254630554,5000.0,5670071.0,19,19,1.0,351.0,2398.0,23,23,1.0,121032144.0,60681230.0,True,True,True,True,True,True,True,True,True
Agent,History,claude no humanity,20251217_035845,4,Office & Learning,True,False,True,0.8412434179329249,0.9999360254630554,5000.0,5670071.0,9,9,1.0,359.0,1965.0,9,9,1.0,135379840.0,64720879.0,True,True,True,True,True,True,True,True,True
Agent,History,claude no humanity,20251217_041137,0,Social Media,True,False,True,0.9999360254630548,0.9999360254630554,5000.0,6311961.0,6,6,1.0,1221.0,2137.0,5,5,1.0,57948871.0,53558124.0,True,True,True,True,True,True,True,True,True
Agent,History,claude no humanity,20251217_041808,0,Social Media,True,False,True,0.7615605966097536,0.9999360254630554,5000.0,6311961.0,7,7,1.0,357.0,2624.0,7,7,1.0,121307513.0,61842132.0,True,True,True,True,True,True,True,True,True
Agent,History,claude no humanity,20251217_042915,0,Social Media,True,False,True,0.9156204831463615,0.9999360254630554,5000.0,6311961.0,21,21,1.0,352.0,1953.0,21,21,1.0,136926692.0,62550187.0,True,True,True,True,True,True,True,True,True
Agent,History,claude no humanity,20251217_050027,0,Social Media,True,False,True,-0.23776935472244942,0.9999360254630554,5000.0,6311961.0,2,2,1.0,2494.0,2755.0,3,3,1.0,70783427.0,63508013.0,True,True,True,True,True,True,False,True,True
Agent,History,claude no humanity,20251217_050723,0,Social Media,True,False,True,0.704628581420227,0.9999360254630554,5000.0,6311961.0,16,16,1.0,439.0,2483.0,17,17,1.0,317977155.0,67065206.0,True,True,True,True,True,True,True,True,True
Agent,History,claude no humanity,20251217_053836,0,Social Media,True,False,True,0.8331206322714018,0.9999360254630554,5000.0,6311961.0,20,20,1.0,355.0,2328.0,21,21,1.0,159539950.0,69423458.0,True,True,True,True,True,True,True,True,True
Agent,History,claude no humanity,20251217_060948,0,Social Media,True,False,True,0.9999360254630548,0.9999360254630554,5000.0,6311961.0,6,6,1.0,544.0,2410.5,5,5,1.0,120621557.0,58354996.0,True,True,True,True,True,True,True,True,True
Agent,History,claude no humanity,20251217_061854,0,Social Media,True,False,True,0.9288295109409829,0.9999360254630554,5000.0,6311961.0,24,23,0.9583333333333334,358.0,2370.0,24,24,1.0,140851394.0,63018419.5,True,True,True,True,True,True,True,True,True
Agent,History,claude no humanity,20251217_065005,0,Social Media,True,False,True,-0.7750644708678841,0.9999360254630554,5000.0,6311961.0,9,9,1.0,358.0,1172.0,26,26,1.0,107596009.0,65136002.0,True,True,True,True,True,True,True,True,True
Agent,History,claude no humanity,20251217_072117,0,Social Media,True,False,True,0.9999360254630549,0.9999360254630554,5000.0,6311961.0,4,4,1.0,368.0,1642.0,3,3,1.0,59690899.0,59198650.0,True,True,True,True,True,True,True,True,True
Agent,History,claude no humanity,20251217_072723,0,Social Media,True,False,True,0.999936025463055,0.9999360254630554,5000.0,6311961.0,10,10,1.0,357.0,2705.5,9,9,1.0,115600632.0,60107322.0,True,True,True,True,True,True,True,True,True
Agent,History,claude no humanity,20251217_074019,0,Social Media,True,False,True,0.8556700186174823,0.9999360254630554,5000.0,6311961.0,10,10,1.0,402.0,2220.5,10,10,1.0,91055028.0,61916630.5,True,True,True,True,True,True,True,True,True
Agent,History,claude no humanity,20251217_075326,0,Social Media,True,False,True,0.9999360254630549,0.9999360254630554,5000.0,6311961.0,2,2,1.0,2306.0,2892.5,1,1,1.0,62676554.0,62676554.0,True,True,True,True,False,True,False,False,False
Agent,History,claude no humanity,20251217_075721,0,Social Media,True,False,True,0.999936025463055,0.9999360254630554,5000.0,6311961.0,3,3,1.0,1702.0,2033.0,2,2,1.0,79338536.0,77555539.0,True,True,True,True,True,True,True,False,True
Agent,History,claude no humanity,20251217_080232,0,Social Media,True,False,True,0.9999360254630549,0.9999360254630554,5000.0,6311961.0,5,5,1.0,892.0,4224.0,4,4,1.0,107207286.0,72539345.0,True,True,True,True,True,True,True,True,True
Agent,History,claude no humanity,20251217_081103,0,Social Media,True,False,True,0.9999360254630549,0.9999360254630554,5000.0,6311961.0,1,1,1.0,796.0,796.0,0,0,0.0,,,True,False,True,False,False,False,False,False,False
Agent,History,claude no humanity,20251217_081323,0,Social Media,True,False,True,0.9999360254630549,0.9999360254630554,5000.0,6311961.0,1,1,1.0,4471.0,4471.0,0,0,0.0,,,True,False,True,False,False,False,False,False,False
Agent,History,claude no humanity,20251217_081548,0,Social Media,True,False,True,0.9999360254630549,0.9999360254630554,5000.0,6311961.0,8,7,0.875,355.0,2144.0,7,7,1.0,67338662.0,62861701.0,True,True,True,True,True,True,True,True,True
Agent,History,claude no humanity,20251217_082550,4,Office & Learning,True,False,True,0.9999360254630549,0.9999360254630554,5000.0,5670071.0,4,4,1.0,359.0,782.5,3,3,1.0,108434177.0,74452605.0,True,True,True,True,True,True,True,True,True
Agent,History,claude no humanity,20251217_083225,4,Office & Learning,True,False,True,0.46677859458856175,0.9999360254630554,5000.0,5670071.0,8,8,1.0,355.0,752.0,9,9,1.0,120561105.0,71928566.0,True,True,True,True,True,True,True,True,True
Agent,History,claude no humanity,20251217_084622,4,Office & Learning,True,False,True,0.6611178700303117,0.9999360254630554,5000.0,5670071.0,21,20,0.9523809523809523,393.0,2432.0,23,23,1.0,135224805.0,67385798.0,True,True,True,True,True,True,True,True,True
Agent,History,claude no humanity,20251217_091557,0,Social Media,True,False,True,0.9999360254630549,0.9999360254630554,5000.0,6311961.0,2,2,1.0,1128.0,2162.5,1,1,1.0,58162064.0,58162064.0,True,True,True,True,False,True,False,False,False
Agent,History,claude no humanity,20251217_091917,0,Social Media,True,False,True,0.8016715761101618,0.9999360254630554,5000.0,6311961.0,9,9,1.0,548.0,1508.0,9,9,1.0,121889495.0,62825622.0,True,True,True,True,True,True,True,True,True
Agent,History,claude no humanity,20251217_093321,0,Social Media,True,False,True,0.9999360254630549,0.9999360254630554,5000.0,6311961.0,1,1,1.0,3130.0,3130.0,0,0,0.0,,,True,False,True,False,False,False,False,False,False
Agent,History,claude no humanity,20251217_093606,0,Social Media,True,False,True,0.999936025463055,0.9999360254630554,5000.0,6311961.0,3,3,1.0,372.0,1110.0,2,2,1.0,120946836.0,93213607.5,True,True,True,True,True,True,True,False,True
Agent,History,cpm_gui_agent raw,20251214_160137,2,Video Streaming,True,False,True,1.0000506441079473,1.0000506441079475,5000.0,5927296.0,2,2,1.0,2424.0,2769.5,1,1,1.0,6509352.0,6509352.0,True,True,True,True,False,True,False,False,False
Agent,History,cpm_gui_agent raw,20251214_160317,2,Video Streaming,True,False,True,1.0000506441079473,1.0000506441079475,5000.0,5927296.0,7,7,1.0,361.0,534.0,6,4,0.6666666666666666,14782287.0,6551820.5,True,True,True,True,True,True,True,True,True
Agent,History,cpm_gui_agent raw,20251214_160512,2,Video Streaming,True,False,True,-0.3099067216514934,1.0000506441079475,5000.0,5927296.0,3,2,0.6666666666666666,1535.0,1908.0,6,4,0.6666666666666666,6653995.0,6053584.5,True,True,True,True,True,True,False,True,True
Agent,History,cpm_gui_agent raw,20251214_160652,2,Video Streaming,True,False,True,-0.0026930060796556874,1.0000506441079475,5000.0,5927296.0,3,3,1.0,2297.0,2308.0,5,5,1.0,14117405.0,6551468.0,True,True,True,True,True,True,True,True,True
Agent,History,cpm_gui_agent raw,20251214_160832,2,Video Streaming,True,False,True,1.0000506441079473,1.0000506441079475,5000.0,5927296.0,6,6,1.0,394.0,2018.0,5,5,1.0,17032306.0,7523939.0,True,True,True,True,True,True,True,True,True
Agent,History,cpm_gui_agent raw,20251214_161022,2,Video Streaming,True,False,True,0.8375373584798682,1.0000506441079475,5000.0,5927296.0,11,11,1.0,358.0,2385.0,11,7,0.6363636363636364,6209186.0,6086092.0,True,True,True,True,True,True,True,True,True
Agent,History,cpm_gui_agent raw,20251214_161232,2,Video Streaming,True,False,True,-0.2226911340960179,1.0000506441079475,5000.0,5927296.0,3,3,1.0,1228.0,2026.0,6,5,0.8333333333333334,6392627.0,6233383.0,True,True,True,True,True,True,True,True,True
Agent,History,cpm_gui_agent raw,20251214_161412,2,Video Streaming,True,False,True,-0.7796791446810757,1.0000506441079475,5000.0,5927296.0,2,2,1.0,1702.0,2511.0,10,6,0.6,6345457.0,5991011.5,True,True,True,True,True,True,False,True,True
Agent,History,cpm_gui_agent raw,20251214_161617,1,Shopping,True,False,True,1.0000506441079473,1.0000506441079475,5000.0,6008676.0,4,4,1.0,406.0,1288.5,3,2,0.6666666666666666,6448994.0,6132852.0,True,True,True,True,True,True,True,False,True
Agent,History,cpm_gui_agent raw,20251214_161737,1,Shopping,True,False,True,1.0000506441079473,1.0000506441079475,5000.0,6008676.0,8,8,1.0,353.0,1953.0,7,3,0.42857142857142855,17885049.0,5803854.0,True,True,True,True,True,True,True,True,True
Agent,History,cpm_gui_agent raw,20251214_162042,3,Trip Planning,True,False,True,1.0000506441079473,1.0000506441079475,5000.0,5957152.0,2,2,1.0,370.0,1441.0,1,1,1.0,12697699.0,12697699.0,True,True,True,True,False,True,False,False,False
Agent,History,cpm_gui_agent raw,20251214_162156,3,Trip Planning,True,False,True,1.0000506441079473,1.0000506441079475,5000.0,5957152.0,4,4,1.0,437.0,1540.0,3,2,0.6666666666666666,12593750.0,6657407.0,True,True,True,True,True,True,True,False,True
Agent,History,cpm_gui_agent raw,20251214_162321,3,Trip Planning,True,False,True,1.0000506441079473,1.0000506441079475,5000.0,5957152.0,9,9,1.0,359.0,1750.0,8,6,0.75,12940629.0,6075799.0,True,True,True,True,True,True,True,True,True
Agent,History,cpm_gui_agent raw,20251214_162516,3,Trip Planning,True,False,True,1.0000506441079473,1.0000506441079475,5000.0,5957152.0,2,2,1.0,371.0,1671.5,1,1,1.0,12759395.0,12759395.0,True,True,True,True,False,True,False,False,False
Agent,History,cpm_gui_agent raw,20251214_162631,3,Trip Planning,True,False,True,1.0000506441079473,1.0000506441079475,5000.0,5957152.0,5,5,1.0,746.0,2544.0,4,2,0.5,12714618.0,6310636.0,True,True,True,True,True,True,True,False,True
Agent,History,cpm_gui_agent raw,20251214_162801,3,Trip Planning,True,False,True,1.0000506441079473,1.0000506441079475,5000.0,5957152.0,10,9,0.9,379.0,1240.5,9,6,0.6666666666666666,12972162.0,6378195.0,True,True,True,True,True,True,True,True,True
Agent,History,cpm_gui_agent raw,20251214_163001,3,Trip Planning,True,False,True,0.6629828270884461,1.0000506441079475,5000.0,5957152.0,5,5,1.0,486.0,2445.0,5,5,1.0,13149566.0,6780066.0,True,True,True,True,True,True,True,True,True
Agent,History,cpm_gui_agent raw,20251214_163141,3,Trip Planning,True,False,True,1.0000506441079473,1.0000506441079475,5000.0,5957152.0,6,6,1.0,384.0,1120.0,5,4,0.8,13463880.0,6709972.0,True,True,True,True,True,True,True,True,True
Agent,History,cpm_gui_agent raw,20251214_163326,3,Trip Planning,True,False,True,0.6720881392872293,1.0000506441079475,5000.0,5957152.0,14,14,1.0,350.0,1121.5,15,14,0.9333333333333333,15067061.0,6938763.0,True,True,True,True,True,True,True,True,True
Agent,History,cpm_gui_agent raw,20251214_163622,3,Trip Planning,True,False,True,0.9926915519285626,1.0000506441079475,5000.0,5957152.0,264,264,1.0,341.0,1573.5,264,261,0.9886363636363636,11894377.0,6587856.5,True,True,True,True,True,True,True,True,True
Agent,History,cpm_gui_agent raw,20251214_170636,3,Trip Planning,True,False,True,0.9937832952613254,1.0000506441079475,5000.0,5957152.0,307,306,0.996742671009772,370.0,2013.0,307,88,0.28664495114006516,17765933.0,5816131.0,True,True,True,True,True,True,True,True,True
Agent,History,cpm_gui_agent raw,20251214_173748,3,Trip Planning,True,False,True,1.0000506441079473,1.0000506441079475,5000.0,5957152.0,218,215,0.9862385321100917,342.0,2232.0,217,60,0.2764976958525346,17801881.0,5897815.0,True,True,True,True,True,True,True,True,True
Agent,History,cpm_gui_agent raw,20251214_180022,3,Trip Planning,True,False,True,0.7903453993458605,1.0000506441079475,5000.0,5957152.0,17,16,0.9411764705882353,381.0,1305.0,18,17,0.9444444444444444,10538984.0,6354993.5,True,True,True,True,True,True,True,True,True
Agent,History,cpm_gui_agent raw,20251214_180435,3,Trip Planning,True,False,True,1.0000506441079473,1.0000506441079475,5000.0,5957152.0,13,12,0.9230769230769231,365.0,943.0,12,6,0.5,6673107.0,5963696.5,True,True,True,True,True,True,True,True,True
Agent,History,cpm_gui_agent raw,20251214_180650,4,Office & Learning,True,False,True,1.0000506441079473,1.0000506441079475,5000.0,5670071.0,4,4,1.0,496.0,1263.0,3,3,1.0,6369036.0,6150035.0,True,True,True,True,True,True,True,True,True
Agent,History,cpm_gui_agent raw,20251214_180810,4,Office & Learning,True,False,True,1.0000506441079473,1.0000506441079475,5000.0,5670071.0,3,3,1.0,836.0,3624.0,2,2,1.0,6327241.0,6139714.0,True,True,True,True,True,True,True,False,True
Agent,History,cpm_gui_agent raw,20251214_180925,4,Office & Learning,True,False,True,1.0000506441079473,1.0000506441079475,5000.0,5670071.0,19,19,1.0,373.0,1741.0,18,15,0.8333333333333334,6967807.0,5984206.0,True,True,True,True,True,True,True,True,True
Agent,History,cpm_gui_agent raw,20251214_181215,4,Office & Learning,True,False,True,1.0000506441079473,1.0000506441079475,5000.0,5670071.0,3,3,1.0,403.0,738.0,2,2,1.0,6462823.0,6193521.5,True,True,True,True,True,True,True,False,True
Agent,History,cpm_gui_agent raw,20251214_181330,4,Office & Learning,True,False,True,1.0000506441079473,1.0000506441079475,5000.0,5670071.0,8,7,0.875,423.0,2453.5,7,2,0.2857142857142857,13362600.0,5515231.0,True,True,True,True,True,True,True,False,True
Agent,History,cpm_gui_agent raw,20251214_181625,1,Shopping,True,False,True,1.0000506441079473,1.0000506441079475,5000.0,6008676.0,5,4,0.8,714.0,3600.0,4,4,1.0,15942865.0,6945310.5,True,True,True,True,True,True,True,True,True
Agent,History,cpm_gui_agent raw,20251214_181806,1,Shopping,True,False,True,0.6750240728517891,1.0000506441079475,5000.0,6008676.0,5,2,0.4,377.0,5676.0,5,5,1.0,14862735.0,7337530.0,True,True,True,True,True,True,False,True,True
Agent,History,cpm_gui_agent raw,20251214_181951,1,Shopping,True,False,True,0.8836131739433922,1.0000506441079475,5000.0,6008676.0,36,36,1.0,345.0,500.5,37,35,0.9459459459459459,15111493.0,8019049.0,True,True,True,True,True,True,True,True,True
Agent,History,cpm_gui_agent raw,20251214_182557,1,Shopping,True,False,True,1.0000506441079473,1.0000506441079475,5000.0,6008676.0,1,0,0.0,8622.0,8622.0,0,0,0.0,,,False,False,False,False,False,False,False,False,False
Agent,History,cpm_gui_agent raw,20251214_182707,1,Shopping,True,False,True,1.0000506441079473,1.0000506441079475,5000.0,6008676.0,2,1,0.5,4063.0,6968.5,1,1,1.0,6768872.0,6768872.0,True,True,True,False,False,False,False,False,False
Agent,History,cpm_gui_agent raw,20251214_182931,1,Shopping,True,False,True,1.0000506441079473,1.0000506441079475,5000.0,6008676.0,2,2,1.0,363.0,489.0,1,0,0.0,5722238.0,5722238.0,True,False,True,True,False,True,False,False,False
Agent,History,cpm_gui_agent raw,20251214_183041,1,Shopping,True,False,True,0.752227029504146,1.0000506441079475,5000.0,6008676.0,7,7,1.0,358.0,1830.0,7,7,1.0,8097513.0,7010054.0,True,True,True,True,True,True,True,True,True
Agent,History,cpm_gui_agent raw,20251214_183233,1,Shopping,True,False,True,1.0000506441079473,1.0000506441079475,5000.0,6008676.0,1,1,1.0,969.0,969.0,0,0,0.0,,,True,False,True,False,False,False,False,False,False
Agent,History,cpm_gui_agent raw,20251214_183343,3,Trip Planning,True,False,True,1.0000506441079473,1.0000506441079475,5000.0,5957152.0,11,11,1.0,384.0,1048.0,10,7,0.7,15778509.0,6799418.5,True,True,True,True,True,True,True,True,True
Agent,History,cpm_gui_agent raw,20251214_183608,3,Trip Planning,True,False,True,1.0000506441079473,1.0000506441079475,5000.0,5957152.0,10,10,1.0,388.0,1542.0,9,5,0.5555555555555556,6801794.0,6296060.0,True,True,True,True,True,True,True,True,True
Agent,History,cpm_gui_agent raw,20251214_183808,3,Trip Planning,True,False,True,0.9873225694509233,1.0000506441079475,5000.0,5957152.0,160,152,0.95,365.0,2352.0,160,142,0.8875,7204530.0,6380585.0,True,True,True,True,True,True,True,True,True
Agent,History,cpm_gui_agent raw,20251214_185715,3,Trip Planning,True,False,True,1.0000506441079473,1.0000506441079475,5000.0,5957152.0,10,9,0.9,368.0,1864.5,9,7,0.7777777777777778,6798805.0,6084153.0,True,True,True,True,True,True,True,True,True
Agent,History,cpm_gui_agent raw,20251214_185915,3,Trip Planning,True,False,True,0.9797239447267752,1.0000506441079475,5000.0,5957152.0,97,96,0.9896907216494846,344.0,1014.0,97,41,0.422680412371134,7129746.0,5893599.0,True,True,True,True,True,True,True,True,True
Agent,History,cpm_gui_agent raw,20251214_190957,1,Shopping,True,False,True,1.0000506441079473,1.0000506441079475,5000.0,6008676.0,3,3,1.0,2415.0,3036.0,2,2,1.0,19250984.0,13134601.5,True,True,True,True,True,True,True,False,True
Agent,History,cpm_gui_agent raw,20251214_191126,1,Shopping,True,False,True,0.2625500506554787,1.0000506441079475,5000.0,6008676.0,4,2,0.5,395.0,5201.5,5,5,1.0,17526464.0,7352919.0,True,True,True,True,True,True,False,True,True
Agent,History,cpm_gui_agent raw,20251214_191317,1,Shopping,True,False,True,0.3536166265476486,1.0000506441079475,5000.0,6008676.0,17,15,0.8823529411764706,362.0,1756.0,24,23,0.9583333333333334,16923664.0,7101784.5,True,True,True,True,True,True,True,True,True
Agent,History,cpm_gui_agent raw,20251214_191717,1,Shopping,True,False,True,1.0000506441079473,1.0000506441079475,5000.0,6008676.0,2,2,1.0,2326.0,2641.5,1,1,1.0,15666549.0,15666549.0,True,True,True,True,False,True,False,False,False
Agent,History,cpm_gui_agent raw,20251214_191837,1,Shopping,True,False,True,1.0000506441079473,1.0000506441079475,5000.0,6008676.0,172,170,0.9883720930232558,348.0,554.0,171,171,1.0,17680992.0,6759089.0,True,True,True,True,True,True,True,True,True
Agent,History,cpm_gui_agent raw,20251214_193910,1,Shopping,True,False,True,1.0000506441079473,1.0000506441079475,5000.0,6008676.0,137,112,0.8175182481751825,354.0,622.0,136,125,0.9191176470588235,18208168.0,6497538.0,True,True,True,True,True,True,True,True,True
Agent,History,cpm_gui_agent raw,20251214_195507,1,Shopping,True,False,True,1.0000506441079473,1.0000506441079475,5000.0,6008676.0,2,2,1.0,394.0,1103.0,1,1,1.0,16696938.0,16696938.0,True,True,True,True,False,True,False,False,False
Agent,History,cpm_gui_agent raw,20251214_195627,1,Shopping,True,False,True,1.0000506441079473,1.0000506441079475,5000.0,6008676.0,9,7,0.7777777777777778,522.0,2641.0,8,6,0.75,16678479.0,6610337.5,True,True,True,True,True,True,True,True,True
Agent,History,cpm_gui_agent raw,20251214_195832,1,Shopping,True,False,True,1.0000506441079473,1.0000506441079475,5000.0,6008676.0,232,201,0.8663793103448276,356.0,631.5,231,229,0.9913419913419913,16243771.0,6469914.0,True,True,True,True,True,True,True,True,True
Agent,History,cpm_gui_agent raw,20251214_202449,4,Office & Learning,True,False,True,1.0000506441079473,1.0000506441079475,5000.0,5670071.0,2,2,1.0,370.0,1055.0,1,1,1.0,5727643.0,5727643.0,True,True,True,True,False,True,False,False,False
Agent,History,cpm_gui_agent raw,20251214_202549,4,Office & Learning,True,False,True,1.0000506441079473,1.0000506441079475,5000.0,5670071.0,4,4,1.0,382.0,959.0,3,1,0.3333333333333333,6060626.0,5588238.0,True,True,True,True,False,True,True,False,True
Agent,History,cpm_gui_agent raw,20251214_202714,4,Office & Learning,True,False,True,1.0000506441079473,1.0000506441079475,5000.0,5670071.0,321,313,0.9750778816199377,353.0,2050.0,320,146,0.45625,6803485.0,5634406.0,True,True,True,True,True,True,True,True,True
Agent,History,cpm_gui_agent raw,20251214_205825,4,Office & Learning,True,False,True,0.5399593034895392,1.0000506441079475,5000.0,5670071.0,8,8,1.0,355.0,2290.0,9,7,0.7777777777777778,6239071.0,5798220.0,True,True,True,True,True,True,True,True,True
Agent,History,cpm_gui_agent raw,20251214_210020,4,Office & Learning,True,False,True,-0.7807930343045631,1.0000506441079475,5000.0,5670071.0,22,22,1.0,428.0,2020.5,128,123,0.9609375,6615758.0,5959656.5,True,True,True,True,True,True,True,True,True
Agent,History,cpm_gui_agent raw,20251214_211432,4,Office & Learning,True,False,True,0.1927540483121223,1.0000506441079475,5000.0,5670071.0,11,11,1.0,1136.0,2412.0,17,15,0.8823529411764706,6451887.0,6141310.0,True,True,True,True,True,True,True,True,True
Agent,History,cpm_gui_agent raw,20251214_211827,0,Social Media,True,False,True,1.0000506441079473,1.0000506441079475,5000.0,6311961.0,3,3,1.0,757.0,2517.0,2,1,0.5,14508631.0,10167179.5,True,True,True,True,False,True,True,False,True
Agent,History,cpm_gui_agent raw,20251214_212427,0,Social Media,True,False,True,1.0000506441079473,1.0000506441079475,5000.0,6311961.0,5,4,0.8,574.0,2207.0,4,3,0.75,16145611.0,6512106.5,True,True,True,True,True,True,True,True,True
Agent,History,cpm_gui_agent raw,20251214_212602,0,Social Media,True,False,True,1.0000506441079473,1.0000506441079475,5000.0,6311961.0,5,5,1.0,1264.0,2416.0,4,2,0.5,14815394.0,6206621.5,True,True,True,True,True,True,True,False,True
Agent,History,cpm_gui_agent raw,20251214_212737,0,Social Media,True,False,True,0.878165679886888,1.0000506441079475,5000.0,6311961.0,15,15,1.0,352.0,2391.0,15,5,0.3333333333333333,18214497.0,6028720.0,True,True,True,True,True,True,True,True,True
Agent,History,cpm_gui_agent raw,20251214_213033,0,Social Media,True,False,True,1.0000506441079473,1.0000506441079475,5000.0,6311961.0,3,3,1.0,376.0,409.0,2,1,0.5,14689062.0,10410753.5,True,True,True,True,False,True,True,False,True
Agent,History,cpm_gui_agent raw,20251214_213152,0,Social Media,True,False,True,1.0000506441079473,1.0000506441079475,5000.0,6311961.0,2,2,1.0,1326.0,1441.5,1,1,1.0,6477033.0,6477033.0,True,True,True,True,False,True,False,False,False
Agent,History,cpm_gui_agent raw,20251214_213307,0,Social Media,True,False,True,0.7718221768057105,1.0000506441079475,5000.0,6311961.0,8,8,1.0,361.0,2643.5,8,5,0.625,20762515.0,6558201.0,True,True,True,True,True,True,True,True,True
Agent,History,cpm_gui_agent raw,20251214_213522,0,Social Media,True,False,True,1.0000506441079473,1.0000506441079475,5000.0,6311961.0,2,2,1.0,1936.0,2292.0,1,1,1.0,15143137.0,15143137.0,True,True,True,True,False,True,False,False,False
Agent,History,cpm_gui_agent raw,20251214_213642,0,Social Media,True,False,True,1.0000506441079473,1.0000506441079475,5000.0,6311961.0,3,3,1.0,376.0,3511.0,2,2,1.0,14393954.0,10614587.0,True,True,True,True,True,True,True,False,True
Agent,History,cpm_gui_agent raw,20251214_213807,0,Social Media,True,False,True,1.000050644107947,1.0000506441079475,5000.0,6311961.0,43,42,0.9767441860465116,415.0,2029.0,42,40,0.9523809523809523,18875694.0,6755372.5,True,True,True,True,True,True,True,True,True
Agent,History,cpm_gui_agent raw,20251214_214413,0,Social Media,True,False,True,0.3152107861468893,1.0000506441079475,5000.0,6311961.0,2,2,1.0,2103.0,2863.0,2,2,1.0,7225159.0,7216247.0,True,True,True,True,True,True,False,False,False
Agent,History,cpm_gui_agent raw,20251214_214528,0,Social Media,True,False,True,0.6649020784129879,1.0000506441079475,5000.0,6311961.0,10,9,0.9,547.0,2608.5,11,10,0.9090909090909091,8256795.0,7582757.0,True,True,True,True,True,True,True,True,True
Agent,History,cpm_gui_agent raw,20251214_214753,0,Social Media,True,False,True,1.0000506441079473,1.0000506441079475,5000.0,6311961.0,3,3,1.0,428.0,448.0,2,2,1.0,7918468.0,7740628.0,True,True,True,True,True,True,True,False,True
Agent,History,cpm_gui_agent raw,20251214_214913,4,Office & Learning,True,False,True,1.0000506441079473,1.0000506441079475,5000.0,5670071.0,1,1,1.0,455.0,455.0,0,0,0.0,,,True,False,True,False,False,False,False,False,False
Agent,History,cpm_gui_agent raw,20251214_215023,4,Office & Learning,True,False,True,1.0000506441079473,1.0000506441079475,5000.0,5670071.0,8,8,1.0,364.0,1863.5,7,7,1.0,13007348.0,6753996.0,True,True,True,True,True,True,True,True,True
Agent,History,cpm_gui_agent raw,20251214_215218,4,Office & Learning,True,False,True,1.0000506441079473,1.0000506441079475,5000.0,5670071.0,6,6,1.0,440.0,1905.5,5,4,0.8,12588666.0,6561236.0,True,True,True,True,True,True,True,True,True
Agent,History,cpm_gui_agent raw,20251214_215358,0,Social Media,True,False,True,0.8515626868187536,1.0000506441079475,5000.0,6311961.0,12,11,0.9166666666666666,365.0,684.0,12,4,0.3333333333333333,114916674.0,5858859.0,True,True,True,True,True,True,True,True,True
Agent,History,cpm_gui_agent raw,20251214_215807,0,Social Media,True,False,True,1.0000506441079473,1.0000506441079475,5000.0,6311961.0,10,10,1.0,357.0,622.5,9,4,0.4444444444444444,6686688.0,6090131.0,True,True,True,True,True,True,True,True,True
Agent,History,cpm_gui_agent raw,20251214_220005,0,Social Media,True,False,True,1.0000506441079473,1.0000506441079475,5000.0,6311961.0,1,1,1.0,2115.0,2115.0,0,0,0.0,,,True,False,True,False,False,False,False,False,False
Agent,History,open_autoglm_agent_raw,20260204_135751,1,Shopping,True,False,True,0.9995329004256659,0.9995329004256664,5000.0,6008676.0,16,16,1.0,370.0,1618.0,15,15,1.0,42520125.0,15863181.0,True,True,True,True,True,True,True,True,True
Agent,History,open_autoglm_agent_raw,20260204_141548,1,Shopping,True,False,True,0.6719892014528203,0.9995329004256664,5000.0,6008676.0,25,24,0.96,388.0,2769.0,27,27,1.0,39044452.0,14802580.0,True,True,True,True,True,True,True,True,True
Agent,History,open_autoglm_agent_raw,20260204_153227,1,Shopping,True,False,True,0.5934492118647224,0.9995329004256664,5000.0,6008676.0,8,8,1.0,366.0,886.5,8,8,1.0,29797314.0,20734979.0,True,True,True,True,True,True,True,True,True
Agent,History,open_autoglm_agent_raw,20260204_151537,1,Shopping,True,False,True,0.9995329004256661,0.9995329004256664,5000.0,6008676.0,11,10,0.9090909090909091,357.0,1736.0,10,10,1.0,42014502.0,15761105.5,True,True,True,True,True,True,True,True,True
Agent,History,open_autoglm_agent_raw,20260204_152026,1,Shopping,True,False,True,0.9995329004256661,0.9995329004256664,5000.0,6008676.0,11,10,0.9090909090909091,348.0,2158.0,10,10,1.0,48653987.0,14758857.5,True,True,True,True,True,True,True,True,True
Agent,History,open_autoglm_agent_raw,20260204_153703,1,Shopping,True,False,True,0.9995329004256659,0.9995329004256664,5000.0,6008676.0,8,8,1.0,359.0,1406.5,7,7,1.0,31183912.0,15626168.0,True,True,True,True,True,True,True,True,True
Agent,History,open_autoglm_agent_raw,20260204_154027,1,Shopping,True,False,True,-0.11671343084455595,0.9995329004256664,5000.0,6008676.0,11,8,0.7272727272727273,352.0,818.0,17,17,1.0,51303563.0,13937251.0,True,True,True,True,True,True,True,True,True
Agent,History,open_autoglm_agent_raw,20260204_154707,1,Shopping,True,False,True,0.9995329004256661,0.9995329004256664,5000.0,6008676.0,11,10,0.9090909090909091,438.0,1363.0,10,10,1.0,39033864.0,15706368.0,True,True,True,True,True,True,True,True,True
Agent,History,open_autoglm_agent_raw,20260204_155154,3,Trip Planning,True,False,True,-0.23333802001334417,0.9995329004256664,5000.0,5957152.0,7,5,0.7142857142857143,1128.0,3064.0,12,12,1.0,38654644.0,23345289.5,True,True,True,True,True,True,True,True,True
Agent,History,open_autoglm_agent_raw,20260204_155957,3,Trip Planning,True,False,True,0.9995329004256661,0.9995329004256664,5000.0,5957152.0,20,17,0.85,362.0,1836.5,19,19,1.0,152179215.0,17236041.0,True,True,True,True,True,True,True,True,True
Agent,History,open_autoglm_agent_raw,20260204_162915,3,Trip Planning,True,False,True,0.6053585050778104,0.9995329004256664,5000.0,5957152.0,18,17,0.9444444444444444,373.0,2008.0,21,21,1.0,41205537.0,15842938.0,True,True,True,True,True,True,True,True,True
Agent,History,open_autoglm_agent_raw,20260204_163830,3,Trip Planning,True,False,True,0.9267131003249842,0.9995329004256664,5000.0,5957152.0,23,21,0.9130434782608695,354.0,1436.0,23,23,1.0,55432212.0,15923618.0,True,True,True,True,True,True,True,True,True
Agent,History,open_autoglm_agent_raw,20260204_164737,3,Trip Planning,True,False,True,-1.0821388661807636,0.9995329004256664,5000.0,5957152.0,11,10,0.9090909090909091,347.0,2213.0,78,78,1.0,71249313.0,13132724.0,True,True,True,True,True,True,True,True,True
Agent,History,open_autoglm_agent_raw,20260204_171427,2,Video Streaming,True,False,True,0.9995329004256659,0.9995329004256664,5000.0,5927296.0,4,3,0.75,385.0,483.0,3,3,1.0,39094847.0,17003661.0,True,True,True,True,True,True,True,True,True
Agent,History,open_autoglm_agent_raw,20260204_171737,2,Video Streaming,True,False,True,0.9995329004256659,0.9995329004256664,5000.0,5927296.0,4,4,1.0,359.0,380.0,3,3,1.0,39115769.0,16018034.0,True,True,True,True,True,True,True,True,True
Agent,History,open_autoglm_agent_raw,20260204_172028,2,Video Streaming,True,False,True,0.9995329004256659,0.9995329004256664,5000.0,5927296.0,5,5,1.0,379.0,1278.0,4,4,1.0,29468453.0,15561681.0,True,True,True,True,True,True,True,True,True
Agent,History,open_autoglm_agent_raw,20260204_172418,2,Video Streaming,True,False,True,-0.36005808399294437,0.9995329004256664,5000.0,5927296.0,11,11,1.0,507.0,1856.0,22,22,1.0,16090746.0,13584938.0,True,True,True,True,True,True,True,True,True
Agent,History,open_autoglm_agent_raw,20260204_173136,2,Video Streaming,True,False,True,0.9995329004256659,0.9995329004256664,5000.0,5927296.0,4,4,1.0,465.0,940.5,3,3,1.0,61173459.0,37593315.0,True,True,True,True,True,True,True,True,True
Agent,History,open_autoglm_agent_raw,20260204_173452,2,Video Streaming,True,False,True,-0.2559263742376088,0.9995329004256664,5000.0,5927296.0,10,10,1.0,334.0,2280.0,22,22,1.0,41950433.0,16262886.5,True,True,True,True,True,True,True,True,True
Agent,History,open_autoglm_agent_raw,20260204_174341,2,Video Streaming,True,False,True,0.7873371956337278,0.9995329004256664,5000.0,5927296.0,22,21,0.9545454545454546,350.0,430.0,23,23,1.0,99650218.0,25337264.0,True,True,True,True,True,True,True,True,True
Agent,History,open_autoglm_agent_raw,20260204_181741,2,Video Streaming,True,False,True,0.14065780041602244,0.9995329004256664,5000.0,5927296.0,18,18,1.0,404.0,1762.5,26,26,1.0,25453279.0,14858630.0,True,True,True,True,True,True,True,True,True
Agent,History,open_autoglm_agent_raw,20260204_182609,2,Video Streaming,True,False,True,0.6651779679474151,0.9995329004256664,5000.0,5927296.0,86,84,0.9767441860465116,341.0,459.5,97,97,1.0,21801473.0,17016783.0,True,True,True,True,True,True,True,True,True
Agent,History,open_autoglm_agent_raw,20260204_185608,2,Video Streaming,True,False,True,0.004047524436269815,0.9995329004256664,5000.0,5927296.0,9,9,1.0,373.0,2189.0,13,13,1.0,46899706.0,16329474.0,True,True,True,True,True,True,True,True,True
Agent,History,open_autoglm_agent_raw,20260204_190158,2,Video Streaming,True,False,True,0.9995329004256659,0.9995329004256664,5000.0,5927296.0,2,1,0.5,725.0,6275.5,1,1,1.0,39603561.0,39603561.0,True,True,True,False,False,False,False,False,False
Agent,History,open_autoglm_agent_raw,20260204_190415,2,Video Streaming,True,False,True,0.9995329004256659,0.9995329004256664,5000.0,5927296.0,6,6,1.0,458.0,1749.0,5,5,1.0,37958929.0,14076530.0,True,True,True,True,True,True,True,True,True
Agent,History,open_autoglm_agent_raw,20260204_190724,2,Video Streaming,True,False,True,0.9995329004256661,0.9995329004256664,5000.0,5927296.0,11,11,1.0,367.0,447.0,10,10,1.0,38905293.0,14397686.5,True,True,True,True,True,True,True,True,True
Agent,History,open_autoglm_agent_raw,20260204_191218,2,Video Streaming,True,False,True,-0.3432511805865725,0.9995329004256664,5000.0,5927296.0,4,4,1.0,1039.0,1457.5,9,9,1.0,27428371.0,14771950.0,True,True,True,True,True,True,True,True,True
Agent,History,open_autoglm_agent_raw,20260204_191632,2,Video Streaming,True,False,True,0.8971294706312866,0.9995329004256664,5000.0,5927296.0,95,94,0.9894736842105263,375.0,2258.0,99,99,1.0,16454223.0,14083911.0,True,True,True,True,True,True,True,True,True
Agent,History,open_autoglm_agent_raw,20260204_194134,2,Video Streaming,True,False,True,0.7879341308387817,0.9995329004256664,5000.0,5927296.0,86,86,1.0,363.0,2309.5,93,93,1.0,41562112.0,13978078.0,True,True,True,True,True,True,True,True,True
Agent,History,open_autoglm_agent_raw,20260204_200635,2,Video Streaming,True,False,True,0.9995329004256659,0.9995329004256664,5000.0,5927296.0,1,1,1.0,2201.0,2201.0,0,0,0.0,,,True,False,True,False,False,False,False,False,False
Agent,History,open_autoglm_agent_raw,20260204_200814,2,Video Streaming,True,False,True,0.9995329004256659,0.9995329004256664,5000.0,5927296.0,4,4,1.0,388.0,625.5,3,3,1.0,15373117.0,14072288.0,True,True,True,True,True,True,True,True,True
Agent,History,open_autoglm_agent_raw,20260204_201050,2,Video Streaming,True,False,True,0.6601692252840624,0.9995329004256664,5000.0,5927296.0,14,13,0.9285714285714286,353.0,719.0,16,16,1.0,41987190.0,14547616.0,True,True,True,True,True,True,True,True,True
Agent,History,open_autoglm_agent_raw,20260204_201717,1,Shopping,True,False,True,0.9995329004256659,0.9995329004256664,5000.0,6008676.0,1,0,0.0,10045.0,10045.0,0,0,0.0,,,False,False,False,False,False,False,False,False,False
Agent,History,open_autoglm_agent_raw,20260204_201908,1,Shopping,True,False,True,0.9995329004256661,0.9995329004256664,5000.0,6008676.0,30,29,0.9666666666666667,367.0,1839.5,29,29,1.0,37888376.0,13440316.0,True,True,True,True,True,True,True,True,True
Agent,History,open_autoglm_agent_raw,20260204_202902,1,Shopping,True,False,True,0.9122753834957524,0.9995329004256664,5000.0,6008676.0,86,82,0.9534883720930233,352.0,2049.0,89,89,1.0,51733803.0,12810953.0,True,True,True,True,True,True,True,True,True
Agent,History,open_autoglm_agent_raw,20260204_205325,3,Trip Planning,True,False,True,0.9995329004256659,0.9995329004256664,5000.0,5957152.0,2,2,1.0,373.0,1539.5,1,1,1.0,12958552.0,12958552.0,True,True,True,True,False,True,False,False,False
Agent,History,open_autoglm_agent_raw,20260204_205535,3,Trip Planning,True,False,True,0.9995329004256659,0.9995329004256664,5000.0,5957152.0,5,5,1.0,384.0,487.0,4,4,1.0,38806255.0,21769759.5,True,True,True,True,True,True,True,True,True
Agent,History,open_autoglm_agent_raw,20260204_205852,3,Trip Planning,True,False,True,0.9995329004256659,0.9995329004256664,5000.0,5957152.0,4,4,1.0,1646.0,2234.5,3,3,1.0,15342189.0,14939301.0,True,True,True,True,True,True,True,True,True
Agent,History,open_autoglm_agent_raw,20260204_210220,3,Trip Planning,True,False,True,0.9995329004256659,0.9995329004256664,5000.0,5957152.0,2,2,1.0,375.0,1257.5,1,1,1.0,39928615.0,39928615.0,True,True,True,True,False,True,False,False,False
Agent,History,open_autoglm_agent_raw,20260204_210437,3,Trip Planning,True,False,True,0.9995329004256659,0.9995329004256664,5000.0,5957152.0,4,4,1.0,407.0,2617.0,3,3,1.0,39315878.0,14736716.0,True,True,True,True,True,True,True,True,True
Agent,History,open_autoglm_agent_raw,20260204_210721,3,Trip Planning,True,False,True,0.9782861219118563,0.9995329004256664,5000.0,5957152.0,97,96,0.9896907216494846,351.0,993.0,97,97,1.0,39968552.0,13553286.0,True,True,True,True,True,True,True,True,True
Agent,History,open_autoglm_agent_raw,20260204_213130,3,Trip Planning,True,False,True,0.9995329004256659,0.9995329004256664,5000.0,5957152.0,5,5,1.0,1197.0,1953.0,4,4,1.0,27502885.0,14399987.5,True,True,True,True,True,True,True,True,True
Agent,History,open_autoglm_agent_raw,20260204_213426,3,Trip Planning,True,False,True,0.9995329004256659,0.9995329004256664,5000.0,5957152.0,6,5,0.8333333333333334,399.0,2078.5,5,5,1.0,38134381.0,13184552.0,True,True,True,True,True,True,True,True,True
Agent,History,open_autoglm_agent_raw,20260204_213710,3,Trip Planning,True,False,True,-0.6098179968083906,0.9995329004256664,5000.0,5957152.0,29,28,0.9655172413793104,386.0,2240.0,86,86,1.0,40168373.0,14302039.0,True,True,True,True,True,True,True,True,True
Agent,History,open_autoglm_agent_raw,20260204_220331,3,Trip Planning,True,False,True,0.9995329004256659,0.9995329004256664,5000.0,5957152.0,2,2,1.0,445.0,603.0,1,1,1.0,26654522.0,26654522.0,True,True,True,True,False,True,False,False,False
Agent,History,open_autoglm_agent_raw,20260204_220601,3,Trip Planning,True,False,True,0.6906232487443275,0.9995329004256664,5000.0,5957152.0,10,10,1.0,353.0,953.0,10,10,1.0,26757774.0,12935688.0,True,True,True,True,True,True,True,True,True
Agent,History,open_autoglm_agent_raw,20260204_221009,3,Trip Planning,True,False,True,0.7884666952475495,0.9995329004256664,5000.0,5957152.0,16,16,1.0,368.0,1727.5,16,16,1.0,30494694.0,13797245.5,True,True,True,True,True,True,True,True,True
Agent,History,open_autoglm_agent_raw,20260204_221654,3,Trip Planning,True,False,True,0.9995329004256659,0.9995329004256664,5000.0,5957152.0,2,2,1.0,1386.0,1907.5,1,1,1.0,27750344.0,27750344.0,True,True,True,True,False,True,False,False,False
Agent,History,open_autoglm_agent_raw,20260204_221917,3,Trip Planning,True,False,True,0.9995329004256659,0.9995329004256664,5000.0,5957152.0,8,8,1.0,344.0,1420.0,7,7,1.0,28867812.0,13816385.0,True,True,True,True,True,True,True,True,True
Agent,History,open_autoglm_agent_raw,20260204_222246,3,Trip Planning,True,False,True,0.7729991558593513,0.9995329004256664,5000.0,5957152.0,14,14,1.0,368.0,1050.5,14,14,1.0,35288116.0,14540065.5,True,True,True,True,True,True,True,True,True
Agent,History,open_autoglm_agent_raw,20260204_222824,4,Office & Learning,True,False,True,0.9995329004256659,0.9995329004256664,5000.0,5670071.0,5,5,1.0,465.0,547.0,4,4,1.0,15411531.0,13311783.5,True,True,True,True,True,True,True,True,True
Agent,History,open_autoglm_agent_raw,20260204_223054,4,Office & Learning,True,False,True,-0.419035499374688,0.9995329004256664,5000.0,5670071.0,19,19,1.0,769.0,2346.0,60,60,1.0,24917919.0,13740365.0,True,True,True,True,True,True,True,True,True
Agent,History,open_autoglm_agent_raw,20260204_224720,4,Office & Learning,True,False,True,-0.6686696320880368,0.9995329004256664,5000.0,5670071.0,11,11,1.0,355.0,2578.0,33,33,1.0,15465110.0,13612800.0,True,True,True,True,True,True,True,True,True
Agent,History,open_autoglm_agent_raw,20260204_225654,4,Office & Learning,True,False,True,0.9995329004256659,0.9995329004256664,5000.0,5670071.0,4,3,0.75,1192.0,3103.5,3,3,1.0,14304643.0,13948242.0,True,True,True,True,True,True,True,True,True
Agent,History,open_autoglm_agent_raw,20260204_225911,4,Office & Learning,True,False,True,0.9995329004256659,0.9995329004256664,5000.0,5670071.0,7,7,1.0,539.0,2455.0,6,6,1.0,13259928.0,13172754.5,True,True,True,True,True,True,True,True,True
Agent,History,open_autoglm_agent_raw,20260204_230200,4,Office & Learning,True,False,True,0.9995329004256662,0.9995329004256664,5000.0,5670071.0,12,10,0.8333333333333334,799.0,2333.5,11,11,1.0,17307989.0,13808271.0,True,True,True,True,True,True,True,True,True
Agent,History,open_autoglm_agent_raw,20260204_230615,1,Shopping,True,False,True,0.9995329004256659,0.9995329004256664,5000.0,6008676.0,4,3,0.75,394.0,2463.5,3,3,1.0,40759592.0,17152180.0,True,True,True,True,True,True,True,True,True
Agent,History,open_autoglm_agent_raw,20260204_230919,1,Shopping,True,False,True,0.34429361279738935,0.9995329004256664,5000.0,6008676.0,4,4,1.0,360.0,371.0,4,4,1.0,27608797.0,15369962.5,True,True,True,True,True,True,True,True,True
Agent,History,open_autoglm_agent_raw,20260204_235240,1,Shopping,True,False,True,0.9995329004256659,0.9995329004256664,5000.0,6008676.0,2,1,0.5,3021.0,6893.0,1,1,1.0,28252495.0,28252495.0,True,True,True,False,False,False,False,False,False
Agent,History,open_autoglm_agent_raw,20260204_235451,1,Shopping,True,False,True,0.1017326975289439,0.9995329004256664,5000.0,6008676.0,6,5,0.8333333333333334,402.0,749.0,8,8,1.0,40871370.0,21812456.0,True,True,True,True,True,True,True,True,True
Agent,History,open_autoglm_agent_raw,20260204_235945,1,Shopping,True,False,True,0.15177823511143027,0.9995329004256664,5000.0,6008676.0,10,9,0.9,355.0,1458.5,13,13,1.0,44712280.0,14587647.0,True,True,True,True,True,True,True,True,True
Agent,History,open_autoglm_agent_raw,20260205_000558,1,Shopping,True,False,True,0.9995329004256659,0.9995329004256664,5000.0,6008676.0,2,2,1.0,1352.0,2436.0,1,1,1.0,13516884.0,13516884.0,True,True,True,True,False,True,False,False,False
Agent,History,open_autoglm_agent_raw,20260205_001328,3,Trip Planning,True,False,True,0.9995329004256659,0.9995329004256664,5000.0,5957152.0,2,1,0.5,344.0,4439.0,1,1,1.0,14455828.0,14455828.0,True,True,True,False,False,False,False,False,False
Agent,History,open_autoglm_agent_raw,20260205_001525,3,Trip Planning,True,False,True,0.9995329004256659,0.9995329004256664,5000.0,5957152.0,6,6,1.0,364.0,890.0,5,5,1.0,14635598.0,14319496.0,True,True,True,True,True,True,True,True,True
Agent,History,open_autoglm_agent_raw,20260205_001814,3,Trip Planning,True,False,True,0.97135770488817,0.9995329004256664,5000.0,5957152.0,97,96,0.9896907216494846,352.0,592.0,97,97,1.0,41007962.0,13598234.0,True,True,True,True,True,True,True,True,True
Agent,History,open_autoglm_agent_raw,20260205_004244,1,Shopping,True,False,True,0.9995329004256659,0.9995329004256664,5000.0,6008676.0,2,2,1.0,416.0,1198.0,1,1,1.0,39997907.0,39997907.0,True,True,True,True,False,True,False,False,False
Agent,History,open_autoglm_agent_raw,20260205_004508,1,Shopping,True,False,True,0.46680426982593803,0.9995329004256664,5000.0,6008676.0,5,4,0.8,373.0,2070.0,5,5,1.0,15045105.0,14268066.0,True,True,True,True,True,True,True,True,True
Agent,History,open_autoglm_agent_raw,20260205_004758,1,Shopping,True,False,True,0.7087725285873561,0.9995329004256664,5000.0,6008676.0,9,8,0.8888888888888888,359.0,639.0,9,9,1.0,39806944.0,15324767.0,True,True,True,True,True,True,True,True,True
Agent,History,open_autoglm_agent_raw,20260205_005225,1,Shopping,True,False,True,0.9995329004256659,0.9995329004256664,5000.0,6008676.0,2,2,1.0,568.0,1384.0,1,1,1.0,38869406.0,38869406.0,True,True,True,True,False,True,False,False,False
Agent,History,open_autoglm_agent_raw,20260205_005442,1,Shopping,True,False,True,0.9995329004256659,0.9995329004256664,5000.0,6008676.0,5,4,0.8,360.0,771.0,4,4,1.0,38880263.0,17091217.5,True,True,True,True,True,True,True,True,True
Agent,History,open_autoglm_agent_raw,20260205_005752,1,Shopping,True,False,True,0.9995329004256659,0.9995329004256664,5000.0,6008676.0,8,7,0.875,347.0,398.0,7,7,1.0,38395514.0,15469315.0,True,True,True,True,True,True,True,True,True
Agent,History,open_autoglm_agent_raw,20260205_010154,1,Shopping,True,False,True,0.9995329004256659,0.9995329004256664,5000.0,6008676.0,3,3,1.0,813.0,4088.0,2,2,1.0,39079358.0,26947263.0,True,True,True,True,True,True,True,False,True
Agent,History,open_autoglm_agent_raw,20260205_010424,1,Shopping,True,False,True,0.9995329004256659,0.9995329004256664,5000.0,6008676.0,5,5,1.0,413.0,539.0,4,4,1.0,40921236.0,17060080.5,True,True,True,True,True,True,True,True,True
Agent,History,open_autoglm_agent_raw,20260205_010734,1,Shopping,True,False,True,0.9995329004256659,0.9995329004256664,5000.0,6008676.0,7,6,0.8571428571428571,362.0,1329.0,6,6,1.0,38630302.0,14760333.0,True,True,True,True,True,True,True,True,True
Agent,History,open_autoglm_agent_raw,20260205_011102,4,Office & Learning,True,False,True,0.9995329004256659,0.9995329004256664,5000.0,5670071.0,2,2,1.0,2028.0,2851.0,1,1,1.0,12593139.0,12593139.0,True,True,True,True,False,True,False,False,False
Agent,History,open_autoglm_agent_raw,20260205_011251,4,Office & Learning,True,False,True,0.9995329004256656,0.9995329004256664,5000.0,5670071.0,46,45,0.9782608695652174,348.0,1965.5,45,45,1.0,49547658.0,12814488.0,True,True,True,True,True,True,True,True,True
Agent,History,open_autoglm_agent_raw,20260205_012632,4,Office & Learning,True,False,True,0.9995329004256654,0.9995329004256664,5000.0,5670071.0,47,47,1.0,414.0,2195.0,46,46,1.0,13821810.0,12423840.5,True,True,True,True,True,True,True,True,True
Agent,History,open_autoglm_agent_raw,20260205_014758,0,Social Media,True,False,True,0.9995329004256661,0.9995329004256664,5000.0,6311961.0,89,88,0.9887640449438202,343.0,1142.0,88,88,1.0,27374471.0,13140451.0,True,True,True,True,True,True,True,True,True
Agent,History,open_autoglm_agent_raw,20260205_021102,0,Social Media,True,False,True,0.5856893932415482,0.9995329004256664,5000.0,6311961.0,82,79,0.9634146341463414,345.0,977.0,96,96,1.0,39144701.0,13388072.0,True,True,True,True,True,True,True,True,True
Agent,History,open_autoglm_agent_raw,20260205_023459,0,Social Media,True,False,True,0.9632836679390825,0.9995329004256664,5000.0,6311961.0,81,78,0.9629629629629629,352.0,874.0,81,81,1.0,41553691.0,13345217.0,True,True,True,True,True,True,True,True,True
Agent,History,open_autoglm_agent_raw,20260205_025843,0,Social Media,True,False,True,0.9995329004256659,0.9995329004256664,5000.0,6311961.0,5,5,1.0,361.0,2138.0,4,4,1.0,37812370.0,13282529.0,True,True,True,True,True,True,True,True,True
Agent,History,open_autoglm_agent_raw,20260205_030134,0,Social Media,True,False,True,0.9995329004256659,0.9995329004256664,5000.0,6311961.0,6,6,1.0,532.0,1319.0,5,5,1.0,37464295.0,14812720.0,True,True,True,True,True,True,True,True,True
Agent,History,open_autoglm_agent_raw,20260205_030456,0,Social Media,True,False,True,0.42862163324252534,0.9995329004256664,5000.0,6311961.0,12,12,1.0,382.0,1289.0,14,14,1.0,37916485.0,13521206.0,True,True,True,True,True,True,True,True,True
Agent,History,open_autoglm_agent_raw,20260205_031048,0,Social Media,True,False,True,0.9995329004256659,0.9995329004256664,5000.0,6311961.0,3,3,1.0,2157.0,2399.0,2,2,1.0,36941912.0,25202407.0,True,True,True,True,True,True,True,False,True
Agent,History,open_autoglm_agent_raw,20260205_031311,0,Social Media,True,False,True,0.9995329004256659,0.9995329004256664,5000.0,6311961.0,2,2,1.0,378.0,1532.0,1,1,1.0,13505812.0,13505812.0,True,True,True,True,False,True,False,False,False
Agent,History,open_autoglm_agent_raw,20260205_031713,0,Social Media,True,False,True,0.9995329004256659,0.9995329004256664,5000.0,6311961.0,5,5,1.0,872.0,1649.0,4,4,1.0,37168622.0,14659467.5,True,True,True,True,True,True,True,True,True
Agent,History,open_autoglm_agent_raw,20260205_032016,0,Social Media,True,False,True,-0.40127704721723456,0.9995329004256664,5000.0,6311961.0,6,6,1.0,2058.0,2925.5,12,12,1.0,28128111.0,15218271.0,True,True,True,True,True,True,True,True,True
Agent,History,open_autoglm_agent_raw,20260205_032608,0,Social Media,True,False,True,0.9995329004256662,0.9995329004256664,5000.0,6311961.0,12,12,1.0,1027.0,1664.0,11,11,1.0,37553169.0,13934710.0,True,True,True,True,True,True,True,True,True
Agent,History,open_autoglm_agent_raw,20260205_033102,0,Social Media,True,False,True,0.5522691723156763,0.9995329004256664,5000.0,6311961.0,17,17,1.0,358.0,1795.0,20,20,1.0,52707099.0,16349926.5,True,True,True,True,True,True,True,True,True
Agent,History,open_autoglm_agent_raw,20260205_034023,0,Social Media,True,False,True,0.4622630600058771,0.9995329004256664,5000.0,6311961.0,5,5,1.0,630.0,946.0,5,5,1.0,29549927.0,18559139.0,True,True,True,True,True,True,True,True,True
Agent,History,open_autoglm_agent_raw,20260205_034346,0,Social Media,True,False,True,0.9995329004256661,0.9995329004256664,5000.0,6311961.0,11,11,1.0,352.0,390.0,10,10,1.0,18401434.0,16418775.0,True,True,True,True,True,True,True,True,True
Agent,History,open_autoglm_agent_raw,20260205_034813,4,Office & Learning,True,False,True,0.9995329004256659,0.9995329004256664,5000.0,5670071.0,4,4,1.0,350.0,2122.0,3,3,1.0,36950689.0,13631488.0,True,True,True,True,True,True,True,True,True
Agent,History,open_autoglm_agent_raw,20260205_035050,4,Office & Learning,True,False,True,0.9995329004256659,0.9995329004256664,5000.0,5670071.0,6,6,1.0,1198.0,1698.5,5,5,1.0,38299499.0,14394715.0,True,True,True,True,True,True,True,True,True
Agent,History,open_autoglm_agent_raw,20260205_035504,0,Social Media,True,False,True,0.9995329004256659,0.9995329004256664,5000.0,6311961.0,1,1,1.0,1227.0,1227.0,0,0,0.0,,,True,False,True,False,False,False,False,False,False
Agent,History,open_autoglm_agent_raw,20260205_035943,0,Social Media,True,False,True,0.3096770427901445,0.9995329004256664,5000.0,6311961.0,2,2,1.0,485.0,726.5,2,2,1.0,80791606.0,55344653.5,True,True,True,True,True,True,False,False,False
Agent,Long Tap,ui-tars no humanity,20250923_145342,1,Shopping,True,True,True,1.4173734190941052,0.9998944296157402,5000.0,6008676.0,6,0,0.0,70241.0,80536.0,20,10,0.5,14965272.0,5944629.0,False,True,True,False,True,True,False,True,True
Agent,Long Tap,ui-tars no humanity,20250924_202009,1,Shopping,False,False,False,0.9998944296157398,0.9998944296157402,5000.0,6008676.0,22,0,0.0,59172.0,83380.5,21,21,1.0,28982262.0,10069869.0,False,True,True,False,True,True,False,True,True
Agent,Long Tap,ui-tars no humanity,20250924_202636,1,Shopping,False,False,False,0.9998944296157398,0.9998944296157402,5000.0,6008676.0,13,0,0.0,62025.0,77789.0,12,12,1.0,17720903.0,10438111.0,False,True,True,False,True,True,False,True,True
Agent,Long Tap,ui-tars no humanity,20250923_150928,1,Shopping,True,False,True,0.9998944296157398,0.9998944296157402,5000.0,6008676.0,11,0,0.0,66171.0,80012.0,10,10,1.0,19976318.0,10255467.0,False,True,True,False,True,True,False,True,True
Agent,Long Tap,ui-tars no humanity,20250924_202945,1,Shopping,False,True,True,1.08600984620481,0.9998944296157402,5000.0,6008676.0,8,0,0.0,60049.0,72901.5,9,9,1.0,22919377.0,15451513.0,False,True,True,False,True,True,False,True,True
Agent,Long Tap,ui-tars no humanity,20250924_203229,1,Shopping,True,False,True,0.9998944296157399,0.9998944296157402,5000.0,6008676.0,4,0,0.0,74350.0,82169.0,3,3,1.0,8166787.0,7950465.0,False,True,True,False,True,True,False,True,True
Agent,Long Tap,ui-tars no humanity,20250924_203327,1,Shopping,True,False,True,0.9998944296157399,0.9998944296157402,5000.0,6008676.0,9,0,0.0,67846.0,77540.0,8,8,1.0,8707195.0,7610806.5,False,True,True,False,True,True,False,True,True
Agent,Long Tap,ui-tars no humanity,20250924_203506,1,Shopping,False,False,False,0.9998944296157399,0.9998944296157402,5000.0,6008676.0,9,0,0.0,61345.0,78662.0,8,8,1.0,18078904.0,12191750.0,False,True,True,False,True,True,False,True,True
Agent,Long Tap,ui-tars no humanity,20251004_131252,3,Trip Planning,True,True,True,1.2614536898461142,0.9998944296157402,5000.0,5957152.0,13,0,0.0,62123.0,76671.0,24,14,0.5833333333333334,22897058.0,7011891.0,False,True,True,False,True,True,False,True,True
Agent,Long Tap,ui-tars no humanity,20250921_193913,3,Trip Planning,True,False,True,0.8957523627742113,0.9998944296157402,5000.0,5957152.0,10,0,0.0,64911.0,78054.0,12,10,0.8333333333333334,16357493.0,14075810.5,False,True,True,False,True,True,False,True,True
Agent,Long Tap,ui-tars no humanity,20250924_204450,3,Trip Planning,False,True,True,1.1691493185941326,0.9998944296157402,5000.0,5957152.0,5,0,0.0,78747.0,89230.0,6,6,1.0,31055791.0,9916384.5,False,True,True,False,True,True,False,True,True
Agent,Long Tap,ui-tars no humanity,20250924_204726,3,Trip Planning,True,True,True,1.1097297741911676,0.9998944296157402,5000.0,5957152.0,8,0,0.0,54038.0,77392.0,12,12,1.0,58219254.0,8750015.5,False,True,True,False,True,True,False,True,True
Agent,Long Tap,ui-tars no humanity,20250924_205228,3,Trip Planning,False,True,True,1.115535853278014,0.9998944296157402,5000.0,5957152.0,7,0,0.0,58280.0,85712.0,9,9,1.0,30133822.0,8814507.0,False,True,True,False,True,True,False,True,True
Agent,Long Tap,ui-tars no humanity,20251004_100544,2,Video Streaming,True,False,True,0.9998944296157399,0.9998944296157402,5000.0,5927296.0,2,0,0.0,75348.0,79538.5,1,1,1.0,27617348.0,27617348.0,False,True,True,False,False,False,False,False,False
Agent,Long Tap,ui-tars no humanity,20251004_122354,2,Video Streaming,False,False,False,0.99989442961574,0.9998944296157402,5000.0,5927296.0,3,0,0.0,65550.0,82351.0,2,2,1.0,22433481.0,17905657.5,False,True,True,False,True,True,False,False,False
Agent,Long Tap,ui-tars no humanity,20250923_151632,2,Video Streaming,False,False,False,0.9998944296157399,0.9998944296157402,5000.0,5927296.0,5,0,0.0,58995.0,77495.0,4,4,1.0,24935621.0,11704947.0,False,True,True,False,True,True,False,True,True
Agent,Long Tap,ui-tars no humanity,20250924_205530,2,Video Streaming,True,True,True,1.0503262130712767,0.9998944296157402,5000.0,5927296.0,9,0,0.0,68967.0,77622.0,9,9,1.0,16482432.0,13556745.0,False,True,True,False,True,True,False,True,True
Agent,Long Tap,ui-tars no humanity,20250924_205811,2,Video Streaming,False,False,False,0.9998944296157399,0.9998944296157402,5000.0,5927296.0,5,0,0.0,65299.0,83430.0,4,4,1.0,34198111.0,7736206.5,False,True,True,False,True,True,False,True,True
Agent,Long Tap,ui-tars no humanity,20250923_151943,2,Video Streaming,False,False,False,0.9998944296157399,0.9998944296157402,5000.0,5927296.0,5,0,0.0,62736.0,76035.0,4,3,0.75,18862944.0,14394861.5,False,True,True,False,True,True,False,True,True
Agent,Long Tap,ui-tars no humanity,20250924_210008,2,Video Streaming,True,True,True,1.3668401672208932,0.9998944296157402,5000.0,5927296.0,21,0,0.0,64936.0,79413.0,51,50,0.9803921568627451,21084720.0,8382965.0,False,True,True,False,True,True,False,True,True
Agent,Long Tap,ui-tars no humanity,20250924_210901,2,Video Streaming,True,False,True,0.9998944296157398,0.9998944296157402,5000.0,5927296.0,14,0,0.0,67574.0,76930.0,13,13,1.0,17039338.0,9679877.0,False,True,True,False,True,True,False,True,True
Agent,Long Tap,ui-tars no humanity,20250924_211217,2,Video Streaming,False,True,True,1.1667059527099117,0.9998944296157402,5000.0,5927296.0,7,0,0.0,60600.0,84803.0,8,8,1.0,16795937.0,8569240.5,False,True,True,False,True,True,False,True,True
Agent,Long Tap,ui-tars no humanity,20250924_211434,2,Video Streaming,True,True,True,1.1625514576623723,0.9998944296157402,5000.0,5927296.0,29,0,0.0,53205.0,81267.0,40,39,0.975,19967236.0,9038542.5,False,True,True,False,True,True,False,True,True
Agent,Long Tap,ui-tars no humanity,20250924_212156,2,Video Streaming,False,False,False,0.99989442961574,0.9998944296157402,5000.0,5927296.0,3,0,0.0,74010.0,75150.0,2,2,1.0,12985143.0,10796787.0,False,True,True,False,True,True,False,False,False
Agent,Long Tap,ui-tars no humanity,20251202_133819,2,Video Streaming,True,False,True,0.9998944296157399,0.9998944296157402,5000.0,5927296.0,2,0,0.0,73107.0,77847.0,1,1,1.0,18105805.0,18105805.0,False,True,True,False,False,False,False,False,False
Agent,Long Tap,ui-tars no humanity,20251202_133944,2,Video Streaming,False,False,False,0.9998944296157399,0.9998944296157402,5000.0,5927296.0,5,0,0.0,73207.0,79015.0,4,4,1.0,33699545.0,10697208.0,False,True,True,False,True,True,False,True,True
Agent,Long Tap,ui-tars no humanity,20251202_134205,2,Video Streaming,False,False,False,0.9998944296157398,0.9998944296157402,5000.0,5927296.0,12,0,0.0,60281.0,85158.5,11,11,1.0,17412216.0,9294758.0,False,True,True,False,True,True,False,True,True
Agent,Long Tap,ui-tars no humanity,20251202_134516,2,Video Streaming,True,True,True,1.3402232091797779,0.9998944296157402,5000.0,5927296.0,2,0,0.0,73646.0,79482.0,6,6,1.0,10242566.0,7951745.5,False,True,True,False,True,True,False,True,True
Agent,Long Tap,ui-tars no humanity,20251202_134706,2,Video Streaming,True,True,True,1.119736907539823,0.9998944296157402,5000.0,5927296.0,1,0,0.0,83264.0,83264.0,4,4,1.0,13834330.0,7963289.0,False,True,True,False,True,True,False,True,True
Agent,Long Tap,ui-tars no humanity,20251202_134841,2,Video Streaming,True,True,True,1.1847718513659165,0.9998944296157402,5000.0,5927296.0,1,0,0.0,82270.0,82270.0,4,3,0.75,8907793.0,6542844.0,False,True,True,False,True,True,False,True,True
Agent,Long Tap,ui-tars no humanity,20251202_135007,2,Video Streaming,True,False,True,0.9998944296157398,0.9998944296157402,5000.0,5927296.0,11,0,0.0,64280.0,86378.0,10,10,1.0,15455407.0,8407161.5,False,True,True,False,True,True,False,True,True
Agent,Long Tap,ui-tars no humanity,20251202_135242,2,Video Streaming,False,False,False,0.9998944296157399,0.9998944296157402,5000.0,5927296.0,4,0,0.0,66101.0,79989.0,3,3,1.0,22108469.0,20968565.0,False,True,True,False,True,True,False,True,True
Agent,Long Tap,ui-tars no humanity,20251202_135453,2,Video Streaming,False,False,False,0.9998944296157399,0.9998944296157402,5000.0,5927296.0,10,0,0.0,70468.0,79356.0,9,9,1.0,28602332.0,8243903.0,False,True,True,False,True,True,False,True,True
Agent,Long Tap,ui-tars no humanity,20251202_135743,1,Shopping,True,False,True,0.9998944296157399,0.9998944296157402,5000.0,6008676.0,2,0,0.0,71602.0,76423.5,1,1,1.0,14482737.0,14482737.0,False,True,True,False,False,False,False,False,False
Agent,Long Tap,ui-tars no humanity,20251202_135904,1,Shopping,False,False,False,0.9998944296157398,0.9998944296157402,5000.0,6008676.0,6,0,0.0,66952.0,84027.5,5,5,1.0,16441529.0,14399098.0,False,True,True,False,True,True,False,True,True
Agent,Long Tap,ui-tars no humanity,20251202_140124,1,Shopping,False,False,False,0.9998944296157399,0.9998944296157402,5000.0,6008676.0,10,0,0.0,56482.0,80863.5,9,9,1.0,20963227.0,13514130.0,False,True,True,False,True,True,False,True,True
Agent,Long Tap,ui-tars no humanity,20251202_140420,3,Trip Planning,True,False,True,0.9998944296157399,0.9998944296157402,5000.0,5957152.0,2,0,0.0,74688.0,77239.5,1,1,1.0,23694204.0,23694204.0,False,True,True,False,False,False,False,False,False
Agent,Long Tap,ui-tars no humanity,20251202_140550,3,Trip Planning,False,True,True,1.178051165320329,0.9998944296157402,5000.0,5957152.0,3,0,0.0,78870.0,81010.0,4,4,1.0,31553176.0,15690503.0,False,True,True,False,True,True,False,True,True
Agent,Long Tap,ui-tars no humanity,20251202_140811,3,Trip Planning,False,False,False,0.8832947838351257,0.9998944296157402,5000.0,5957152.0,4,0,0.0,62343.0,85154.0,4,4,1.0,17351204.0,12983681.5,False,True,True,False,True,True,False,True,True
Agent,Long Tap,ui-tars no humanity,20251202_141012,3,Trip Planning,False,False,False,0.9998944296157398,0.9998944296157402,5000.0,5957152.0,6,0,0.0,64041.0,91671.0,5,5,1.0,64894350.0,17313863.0,False,True,True,False,True,True,False,True,True
Agent,Long Tap,ui-tars no humanity,20251202_141334,3,Trip Planning,False,False,False,0.9998944296157399,0.9998944296157402,5000.0,5957152.0,10,0,0.0,61191.0,84803.5,9,9,1.0,16476434.0,13349092.0,False,True,True,False,True,True,False,True,True
Agent,Long Tap,ui-tars no humanity,20251202_141630,3,Trip Planning,False,True,True,1.0183518264429976,0.9998944296157402,5000.0,5957152.0,5,0,0.0,67030.0,74329.0,5,5,1.0,18109216.0,9240276.0,False,True,True,False,True,True,False,True,True
Agent,Long Tap,ui-tars no humanity,20251202_141825,3,Trip Planning,True,True,True,1.3448240006124836,0.9998944296157402,5000.0,5957152.0,8,0,0.0,69489.0,73954.0,67,67,1.0,18773968.0,7988467.0,False,True,True,False,True,True,False,True,True
Agent,Long Tap,ui-tars no humanity,20251202_143002,3,Trip Planning,True,True,True,1.4104224438516,0.9998944296157402,5000.0,5957152.0,1,0,0.0,92483.0,92483.0,7,7,1.0,16595412.0,7894947.0,False,True,True,False,True,True,False,True,True
Agent,Long Tap,ui-tars no humanity,20251202_143208,3,Trip Planning,True,False,True,0.9998944296157398,0.9998944296157402,5000.0,5957152.0,7,0,0.0,61764.0,86182.0,6,6,1.0,16806853.0,9102737.5,False,True,True,False,True,True,False,True,True
Agent,Long Tap,ui-tars no humanity,20251202_143423,3,Trip Planning,False,True,True,1.064564190641484,0.9998944296157402,5000.0,5957152.0,11,0,0.0,66080.0,84381.0,11,11,1.0,16978656.0,9108845.0,False,True,True,False,True,True,False,True,True
Agent,Long Tap,ui-tars no humanity,20251202_143719,3,Trip Planning,False,False,False,0.99989442961574,0.9998944296157402,5000.0,5957152.0,3,0,0.0,68999.0,77629.0,2,2,1.0,14436498.0,10706834.0,False,True,True,False,True,True,False,False,False
Agent,Long Tap,ui-tars no humanity,20251202_143909,3,Trip Planning,True,True,True,1.4240719321479303,0.9998944296157402,5000.0,5957152.0,5,0,0.0,71230.0,74264.0,11,11,1.0,17363917.0,8438960.0,False,True,True,False,True,True,False,True,True
Agent,Long Tap,ui-tars no humanity,20251202_144222,3,Trip Planning,False,True,True,1.0107846151809807,0.9998944296157402,5000.0,5957152.0,28,0,0.0,65261.0,81190.5,28,28,1.0,78423909.0,8886640.5,False,True,True,False,True,True,False,True,True
Agent,Long Tap,ui-tars no humanity,20251202_144958,4,Office & Learning,True,True,True,1.2879472236327738,0.9998944296157402,5000.0,5670071.0,8,0,0.0,61640.0,83416.5,16,16,1.0,26217563.0,12696052.0,False,True,True,False,True,True,False,True,True
Agent,Long Tap,ui-tars no humanity,20251202_145429,4,Office & Learning,False,False,False,0.9998944296157398,0.9998944296157402,5000.0,5670071.0,7,0,0.0,74943.0,78407.0,6,6,1.0,16355211.0,7993935.0,False,True,True,False,True,True,False,True,True
Agent,Long Tap,ui-tars no humanity,20251202_145624,4,Office & Learning,True,False,True,0.9998944296157399,0.9998944296157402,5000.0,5670071.0,2,0,0.0,72495.0,74582.5,1,1,1.0,6172284.0,6172284.0,False,True,True,False,False,False,False,False,False
Agent,Long Tap,ui-tars no humanity,20251202_145729,4,Office & Learning,True,False,True,0.99989442961574,0.9998944296157402,5000.0,5670071.0,3,0,0.0,81697.0,82656.0,2,2,1.0,7590916.0,7311774.0,False,True,True,False,True,True,False,False,False
Agent,Long Tap,ui-tars no humanity,20251202_145840,4,Office & Learning,False,False,False,0.9998944296157398,0.9998944296157402,5000.0,5670071.0,6,0,0.0,70429.0,83773.0,5,5,1.0,14330686.0,7556143.0,False,True,True,False,True,True,False,True,True
Agent,Long Tap,ui-tars no humanity,20251202_150020,4,Office & Learning,False,False,False,0.9998944296157399,0.9998944296157402,5000.0,5670071.0,8,0,0.0,64621.0,80186.0,7,7,1.0,14638063.0,7951993.0,False,True,True,False,True,True,False,True,True
Agent,Long Tap,ui-tars no humanity,20251202_150431,1,Shopping,False,True,True,1.1913650698898604,0.9998944296157402,5000.0,6008676.0,10,0,0.0,73757.0,80817.5,13,12,0.9230769230769231,23260679.0,8287089.0,False,True,True,False,True,True,False,True,True
Agent,Long Tap,ui-tars no humanity,20251202_150752,1,Shopping,True,True,True,1.0917753008079403,0.9998944296157402,5000.0,6008676.0,6,0,0.0,64869.0,84609.0,9,9,1.0,27145614.0,9461356.0,False,True,True,False,True,True,False,True,True
Agent,Long Tap,ui-tars no humanity,20251202_151058,1,Shopping,True,True,True,1.198361439286257,0.9998944296157402,5000.0,6008676.0,10,0,0.0,66488.0,80304.5,14,14,1.0,19571013.0,9378290.5,False,True,True,False,True,True,False,True,True
Agent,Long Tap,ui-tars no humanity,20251202_151428,1,Shopping,True,False,True,0.9998944296157399,0.9998944296157402,5000.0,6008676.0,5,0,0.0,68443.0,87326.0,4,4,1.0,8181523.0,6935952.0,False,True,True,False,True,True,False,True,True
Agent,Long Tap,ui-tars no humanity,20251202_151609,1,Shopping,False,False,False,0.9998944296157399,0.9998944296157402,5000.0,6008676.0,4,0,0.0,66722.0,82801.5,3,3,1.0,21274354.0,16987048.0,False,True,True,False,True,True,False,True,True
Agent,Long Tap,ui-tars no humanity,20251202_151839,1,Shopping,True,False,True,0.9998944296157399,0.9998944296157402,5000.0,6008676.0,18,0,0.0,64545.0,76579.0,17,17,1.0,17986731.0,14913326.0,False,True,True,False,True,True,False,True,True
Agent,Long Tap,ui-tars no humanity,20251202_152335,1,Shopping,True,False,True,0.9998944296157399,0.9998944296157402,5000.0,6008676.0,2,0,0.0,73148.0,82161.5,1,1,1.0,12703772.0,12703772.0,False,True,True,False,False,False,False,False,False
Agent,Long Tap,ui-tars no humanity,20251202_152452,1,Shopping,True,True,True,1.1420163085991584,0.9998944296157402,5000.0,6008676.0,20,0,0.0,68043.0,81314.5,27,22,0.8148148148148148,24077250.0,7468643.0,False,True,True,False,True,True,False,True,True
Agent,Long Tap,ui-tars no humanity,20251202_153003,1,Shopping,False,True,True,1.0452201913538,0.9998944296157402,5000.0,6008676.0,13,0,0.0,59982.0,80844.0,13,13,1.0,24030720.0,15025123.0,False,True,True,False,True,True,False,True,True
Agent,Long Tap,ui-tars no humanity,20251202_153404,3,Trip Planning,True,False,True,0.9998944296157399,0.9998944296157402,5000.0,5957152.0,2,0,0.0,64610.0,71200.5,1,1,1.0,16014243.0,16014243.0,False,True,True,False,False,False,False,False,False
Agent,Long Tap,ui-tars no humanity,20251202_153519,3,Trip Planning,True,False,True,0.99989442961574,0.9998944296157402,5000.0,5957152.0,3,0,0.0,71281.0,92331.0,2,2,1.0,59095190.0,37533220.0,False,True,True,False,True,True,False,False,False
Agent,Long Tap,ui-tars no humanity,20251202_153745,3,Trip Planning,True,False,True,0.9998944296157399,0.9998944296157402,5000.0,5957152.0,2,0,0.0,58956.0,69034.5,1,1,1.0,18693300.0,18693300.0,False,True,True,False,False,False,False,False,False
Agent,Long Tap,ui-tars no humanity,20251202_153906,3,Trip Planning,True,False,True,0.9998944296157399,0.9998944296157402,5000.0,5957152.0,2,0,0.0,70298.0,81516.5,1,1,1.0,9199745.0,9199745.0,False,True,True,False,False,False,False,False,False
Agent,Long Tap,ui-tars no humanity,20251202_154016,3,Trip Planning,True,True,True,0.9998944296157405,0.9998944296157402,5000.0,5957152.0,38,0,0.0,59888.0,80947.5,37,37,1.0,15615322.0,8309971.0,False,True,True,False,True,True,False,True,True
Agent,Long Tap,ui-tars no humanity,20251202_154638,1,Shopping,True,True,True,1.4812218774601644,0.9998944296157402,5000.0,6008676.0,6,0,0.0,64383.0,73508.0,25,25,1.0,65194180.0,7124496.0,False,True,True,False,True,True,False,True,True
Agent,Long Tap,ui-tars no humanity,20251202_155210,1,Shopping,False,True,True,1.2370544403359212,0.9998944296157402,5000.0,6008676.0,5,0,0.0,74475.0,75154.0,6,6,1.0,40261491.0,17811819.0,False,True,True,False,True,True,False,True,True
Agent,Long Tap,ui-tars no humanity,20251202_155520,1,Shopping,True,False,True,0.9998944296157399,0.9998944296157402,5000.0,6008676.0,2,0,0.0,79827.0,85436.5,1,1,1.0,20165821.0,20165821.0,False,True,True,False,False,False,False,False,False
Agent,Long Tap,ui-tars no humanity,20251202_155856,1,Shopping,False,False,False,0.9998944296157399,0.9998944296157402,5000.0,6008676.0,8,0,0.0,68545.0,87684.0,7,7,1.0,21963977.0,17513819.0,False,True,True,False,True,True,False,True,True
Agent,Long Tap,ui-tars no humanity,20251202_160142,1,Shopping,True,False,True,0.9998944296157399,0.9998944296157402,5000.0,6008676.0,2,0,0.0,69722.0,76002.5,1,1,1.0,18496829.0,18496829.0,False,True,True,False,False,False,False,False,False
Agent,Long Tap,ui-tars no humanity,20251202_160307,1,Shopping,False,False,False,0.9998944296157399,0.9998944296157402,5000.0,6008676.0,8,0,0.0,58143.0,71203.5,7,7,1.0,19738572.0,16681298.0,False,True,True,False,True,True,False,True,True
Agent,Long Tap,ui-tars no humanity,20251202_160543,1,Shopping,False,False,False,0.9998944296157398,0.9998944296157402,5000.0,6008676.0,6,0,0.0,72749.0,83620.0,5,5,1.0,22790934.0,18972199.0,False,True,True,False,True,True,False,True,True
Agent,Long Tap,ui-tars no humanity,20251202_160938,4,Office & Learning,True,False,True,0.9998944296157399,0.9998944296157402,5000.0,5670071.0,2,0,0.0,85733.0,88429.0,1,1,1.0,7044308.0,7044308.0,False,True,True,False,False,False,False,False,False
Agent,Long Tap,ui-tars no humanity,20251202_161044,4,Office & Learning,True,False,True,0.9998944296157399,0.9998944296157402,5000.0,5670071.0,2,0,0.0,76036.0,77972.5,1,1,1.0,7619159.0,7619159.0,False,True,True,False,False,False,False,False,False
Agent,Long Tap,ui-tars no humanity,20251202_161430,4,Office & Learning,True,True,True,1.299038310610087,0.9998944296157402,5000.0,5670071.0,18,0,0.0,67091.0,77666.5,33,33,1.0,20577460.0,9599996.0,False,True,True,False,True,True,False,True,True
Agent,Long Tap,ui-tars no humanity,20251202_162101,4,Office & Learning,True,True,True,1.4034809952077185,0.9998944296157402,5000.0,5670071.0,10,0,0.0,69919.0,82504.5,22,22,1.0,21039063.0,11829953.5,False,True,True,False,True,True,False,True,True
Agent,Long Tap,ui-tars no humanity,20251202_162643,0,Social Media,True,False,True,0.9998944296157399,0.9998944296157402,5000.0,6311961.0,2,0,0.0,69482.0,74741.5,1,1,1.0,17647402.0,17647402.0,False,True,True,False,False,False,False,False,False
Agent,Long Tap,ui-tars no humanity,20251202_162803,0,Social Media,True,True,True,1.4835443040574616,0.9998944296157402,5000.0,6311961.0,4,0,0.0,70663.0,75771.0,38,15,0.39473684210526316,17177891.0,6214129.5,False,True,True,False,True,True,False,True,True
Agent,Long Tap,ui-tars no humanity,20251202_163344,0,Social Media,False,False,False,0.9998944296157398,0.9998944296157402,5000.0,6311961.0,7,0,0.0,61358.0,73076.0,6,4,0.6666666666666666,23766750.0,11923323.5,False,True,True,False,True,True,False,True,True
Agent,Long Tap,ui-tars no humanity,20251202_163554,0,Social Media,False,True,True,1.1749301653292665,0.9998944296157402,5000.0,6311961.0,3,0,0.0,81727.0,84780.0,3,3,1.0,25715252.0,12154353.0,False,True,True,False,True,True,False,True,True
Agent,Long Tap,ui-tars no humanity,20251202_163750,0,Social Media,True,True,True,1.543604548959026,0.9998944296157402,5000.0,6311961.0,3,0,0.0,83201.0,85820.0,18,17,0.9444444444444444,33970310.0,8949683.0,False,True,True,False,True,True,False,True,True
Agent,Long Tap,ui-tars no humanity,20251202_164225,0,Social Media,True,True,True,1.1581355222049698,0.9998944296157402,5000.0,6311961.0,17,0,0.0,60679.0,75180.0,22,22,1.0,42773453.0,8531466.5,False,True,True,False,True,True,False,True,True
Agent,Long Tap,ui-tars no humanity,20251202_164736,0,Social Media,False,False,False,0.99989442961574,0.9998944296157402,5000.0,6311961.0,3,0,0.0,74953.0,78670.0,2,2,1.0,20898903.0,18329886.5,False,True,True,False,True,True,False,False,False
Agent,Long Tap,ui-tars no humanity,20251202_164916,0,Social Media,False,True,True,1.0473427943830877,0.9998944296157402,5000.0,6311961.0,7,0,0.0,66618.0,81470.0,7,7,1.0,18611935.0,15329073.0,False,True,True,False,True,True,False,True,True
Agent,Long Tap,ui-tars no humanity,20251202_165147,0,Social Media,True,True,True,1.4018608445993976,0.9998944296157402,5000.0,6311961.0,9,0,0.0,55418.0,84145.0,27,26,0.9629629629629629,23922512.0,8417229.0,False,True,True,False,True,True,False,True,True
Agent,Long Tap,ui-tars no humanity,20251202_165839,0,Social Media,False,False,False,0.9998944296157399,0.9998944296157402,5000.0,6311961.0,4,0,0.0,72065.0,79185.5,3,2,0.6666666666666666,16287505.0,14983814.0,False,True,True,False,True,True,False,False,False
Agent,Long Tap,ui-tars no humanity,20251202_170020,0,Social Media,False,True,True,1.182133968329205,0.9998944296157402,5000.0,6311961.0,6,0,0.0,59560.0,80664.0,9,7,0.7777777777777778,16626869.0,15025514.0,False,True,True,False,True,True,False,True,True
Agent,Long Tap,ui-tars no humanity,20251202_170300,0,Social Media,False,True,True,1.2090127919399993,0.9998944296157402,5000.0,6311961.0,8,0,0.0,67739.0,76531.5,11,11,1.0,31230668.0,7863025.0,False,True,True,False,True,True,False,True,True
Agent,Long Tap,ui-tars no humanity,20251202_170616,0,Social Media,False,True,True,1.274199992252839,0.9998944296157402,5000.0,6311961.0,7,0,0.0,62335.0,76916.0,12,12,1.0,40345566.0,11735437.0,False,True,True,False,True,True,False,True,True
Agent,Long Tap,ui-tars no humanity,20251202_171052,0,Social Media,False,False,False,0.9998944296157399,0.9998944296157402,5000.0,6311961.0,5,0,0.0,63379.0,71059.0,4,4,1.0,18530385.0,16796701.0,False,True,True,False,True,True,False,True,True
Agent,Long Tap,ui-tars no humanity,20251202_171252,0,Social Media,False,False,False,0.9998944296157399,0.9998944296157402,5000.0,6311961.0,9,0,0.0,65667.0,70274.0,8,8,1.0,21599710.0,12127508.5,False,True,True,False,True,True,False,True,True
Agent,Long Tap,ui-tars no humanity,20251202_171558,0,Social Media,True,False,True,0.9998944296157399,0.9998944296157402,5000.0,6311961.0,2,0,0.0,73232.0,78774.5,1,1,1.0,17416651.0,17416651.0,False,True,True,False,False,False,False,False,False
Agent,Long Tap,ui-tars no humanity,20251202_171718,0,Social Media,False,False,False,0.9998944296157399,0.9998944296157402,5000.0,6311961.0,5,0,0.0,68080.0,84038.0,4,4,1.0,20897967.0,14039178.0,False,True,True,False,True,True,False,True,True
Agent,Long Tap,ui-tars no humanity,20251202_171929,0,Social Media,False,True,True,1.0166719212134157,0.9998944296157402,5000.0,6311961.0,11,0,0.0,60374.0,81818.0,12,12,1.0,26311283.0,12967041.0,False,True,True,False,True,True,False,True,True
Agent,Long Tap,ui-tars no humanity,20251202_172356,4,Office & Learning,False,True,True,1.0685240126350204,0.9998944296157402,5000.0,5670071.0,3,0,0.0,75593.0,85129.0,3,2,0.6666666666666666,15840305.0,7888819.0,False,True,True,False,True,True,False,False,False
Agent,Long Tap,ui-tars no humanity,20251202_172526,4,Office & Learning,False,True,True,1.0677549201399918,0.9998944296157402,5000.0,5670071.0,6,0,0.0,61988.0,77800.0,6,6,1.0,16387188.0,7969324.5,False,True,True,False,True,True,False,True,True
Agent,Long Tap,ui-tars no humanity,20251202_172732,4,Office & Learning,False,True,True,1.0969831835814274,0.9998944296157402,5000.0,5670071.0,8,0,0.0,67827.0,75723.0,8,8,1.0,21601879.0,8001027.5,False,True,True,False,True,True,False,True,True
Agent,Long Tap,ui-tars no humanity,20251202_172957,0,Social Media,False,False,False,0.99989442961574,0.9998944296157402,5000.0,6311961.0,3,0,0.0,57551.0,88722.0,2,1,0.5,58138687.0,31976366.5,False,True,True,False,False,False,False,False,False
Agent,Long Tap,ui-tars no humanity,20251202_173217,0,Social Media,True,True,True,1.4372973637672917,0.9998944296157402,5000.0,6311961.0,3,0,0.0,68837.0,77291.0,7,3,0.42857142857142855,28161581.0,5674564.0,False,True,True,False,True,True,False,True,True
Agent,Long Tap,ui-tars no humanity,20251202_173448,0,Social Media,True,False,True,0.9998944296157399,0.9998944296157402,5000.0,6311961.0,2,0,0.0,75609.0,76169.5,1,1,1.0,51729961.0,51729961.0,False,True,True,False,False,False,False,False,False
Agent,Long Tap,ui-tars no humanity,20251202_173711,0,Social Media,True,True,True,1.293733135270294,0.9998944296157402,5000.0,6311961.0,3,0,0.0,76734.0,80437.0,8,5,0.625,30260216.0,6813931.5,False,True,True,False,True,True,False,True,True
Agent,Long Tap,ui-tars no humanity,20251202_173952,0,Social Media,True,False,True,0.9998944296157399,0.9998944296157402,5000.0,6311961.0,2,0,0.0,74401.0,75512.5,1,1,1.0,13450379.0,13450379.0,False,True,True,False,False,False,False,False,False
Agent,Long Tap,ui-tars no humanity,20251202_174143,0,Social Media,True,True,True,1.440244964234912,0.9998944296157402,5000.0,6311961.0,5,0,0.0,67629.0,79965.0,13,7,0.5384615384615384,18099587.0,9633426.0,False,True,True,False,True,True,False,True,True
Agent,Long Tap,gpt4o no humanity,20250925_085544,1,Shopping,True,False,True,0.9995701273904484,0.9995701273904486,5000.0,6008676.0,21,0,0.0,59713.0,77588.0,20,20,1.0,128791618.0,59232226.5,False,True,True,False,True,True,False,True,True
Agent,Long Tap,gpt4o no humanity,20250925_092951,1,Shopping,True,False,True,0.9995701273904484,0.9995701273904486,5000.0,6008676.0,5,0,0.0,65288.0,86026.0,4,4,1.0,78037228.0,58034693.0,False,True,True,False,True,True,False,True,True
Agent,Long Tap,gpt4o no humanity,20250925_093831,1,Shopping,True,False,True,0.9995701273904483,0.9995701273904486,5000.0,6008676.0,2,0,0.0,61622.0,73843.0,1,1,1.0,79108837.0,79108837.0,False,True,True,False,False,False,False,False,False
Agent,Long Tap,gpt4o no humanity,20250925_094246,1,Shopping,True,True,True,1.0766624473477469,0.9995701273904486,5000.0,6008676.0,27,0,0.0,61363.0,75100.0,29,29,1.0,171114114.0,54678349.0,False,True,True,False,True,True,False,True,True
Agent,Long Tap,gpt4o no humanity,20250924_090037,1,Shopping,True,False,True,0.9995701273904485,0.9995701273904486,5000.0,6008676.0,13,0,0.0,64812.0,79636.0,12,12,1.0,76582140.0,56031904.5,False,True,True,False,True,True,False,True,True
Agent,Long Tap,gpt4o no humanity,20250925_101347,1,Shopping,True,False,True,0.9995701273904483,0.9995701273904486,5000.0,6008676.0,1,0,0.0,94434.0,94434.0,0,0,0.0,,,False,False,False,False,False,False,False,False,False
Agent,Long Tap,gpt4o no humanity,20250925_101607,1,Shopping,True,False,True,0.9995701273904483,0.9995701273904486,5000.0,6008676.0,4,0,0.0,68345.0,79951.5,3,3,1.0,59860515.0,58476295.0,False,True,True,False,True,True,False,True,True
Agent,Long Tap,gpt4o no humanity,20250925_102121,1,Shopping,True,False,True,0.9995701273904483,0.9995701273904486,5000.0,6008676.0,2,0,0.0,85355.0,87456.5,1,1,1.0,51311817.0,51311817.0,False,True,True,False,False,False,False,False,False
Agent,Long Tap,gpt4o no humanity,20250925_102416,1,Shopping,True,False,True,0.9774930338137687,0.9995701273904486,5000.0,6008676.0,24,0,0.0,56939.0,80196.0,24,24,1.0,84078155.0,66984228.5,False,True,True,False,True,True,False,True,True
Agent,Long Tap,gpt4o no humanity,20251004_141622,3,Trip Planning,True,False,True,0.9067196634110601,0.9995701273904486,5000.0,5957152.0,16,0,0.0,62263.0,82363.0,17,17,1.0,118991358.0,51483952.0,False,True,True,False,True,True,False,True,True
Agent,Long Tap,gpt4o no humanity,20251004_144149,3,Trip Planning,True,False,True,0.9995701273904483,0.9995701273904486,5000.0,5957152.0,1,0,0.0,80319.0,80319.0,0,0,0.0,,,False,False,False,False,False,False,False,False,False
Agent,Long Tap,gpt4o no humanity,20250925_105538,3,Trip Planning,True,False,True,0.9927368874611336,0.9995701273904486,5000.0,5957152.0,26,0,0.0,56160.0,79988.5,31,31,1.0,114995043.0,53158502.0,False,True,True,False,True,True,False,True,True
Agent,Long Tap,gpt4o no humanity,20250925_112604,3,Trip Planning,True,False,True,0.894915549884615,0.9995701273904486,5000.0,5957152.0,7,0,0.0,69777.0,87211.0,7,7,1.0,55592203.0,47617642.0,False,True,True,False,True,True,False,True,True
Agent,Long Tap,gpt4o no humanity,20250925_113331,3,Trip Planning,True,True,True,1.0550924759967533,0.9995701273904486,5000.0,5957152.0,23,0,0.0,56867.0,79572.0,24,24,1.0,111716967.0,56717098.0,False,True,True,False,True,True,False,True,True
Agent,Long Tap,gpt4o no humanity,20251004_123100,2,Video Streaming,True,True,True,1.119753374603863,0.9995701273904486,5000.0,5927296.0,7,0,0.0,53094.0,68065.0,7,7,1.0,66182420.0,50079861.0,False,True,True,False,True,True,False,True,True
Agent,Long Tap,gpt4o no humanity,20250924_141611,2,Video Streaming,True,False,True,0.9995701273904483,0.9995701273904486,5000.0,5927296.0,3,0,0.0,80527.0,84596.0,2,2,1.0,86837937.0,65433697.5,False,True,True,False,True,True,False,False,False
Agent,Long Tap,gpt4o no humanity,20250925_120121,2,Video Streaming,True,False,True,0.9995701273904483,0.9995701273904486,5000.0,5927296.0,1,0,0.0,90259.0,90259.0,0,0,0.0,,,False,False,False,False,False,False,False,False,False
Agent,Long Tap,gpt4o no humanity,20250925_120303,2,Video Streaming,True,False,True,0.9995701273904484,0.9995701273904486,5000.0,5927296.0,37,0,0.0,64542.0,82755.0,36,36,1.0,85602407.0,45913773.5,False,True,True,False,True,True,False,True,True
Agent,Long Tap,gpt4o no humanity,20250924_142420,2,Video Streaming,True,False,True,0.9995701273904483,0.9995701273904486,5000.0,5927296.0,3,0,0.0,64012.0,76952.0,2,2,1.0,51611002.0,49490615.5,False,True,True,False,True,True,False,False,False
Agent,Long Tap,gpt4o no humanity,20250925_123357,2,Video Streaming,True,False,True,0.9995701273904484,0.9995701273904486,5000.0,5927296.0,6,0,0.0,77960.0,82555.5,5,5,1.0,66668644.0,53041944.0,False,True,True,False,True,True,False,True,True
Agent,Long Tap,gpt4o no humanity,20250925_124024,2,Video Streaming,True,False,True,0.9995701273904483,0.9995701273904486,5000.0,5927296.0,4,0,0.0,74863.0,75681.0,3,3,1.0,52799314.0,45673458.0,False,True,True,False,True,True,False,True,True
Agent,Long Tap,gpt4o no humanity,20250925_124533,2,Video Streaming,True,True,True,1.1847043528843553,0.9995701273904486,5000.0,5927296.0,7,0,0.0,68227.0,79165.0,8,8,1.0,82936948.0,46172273.0,False,True,True,False,True,True,False,True,True
Agent,Long Tap,gpt4o no humanity,20250925_125415,2,Video Streaming,True,False,True,0.9995701273904483,0.9995701273904486,5000.0,5927296.0,1,0,0.0,85919.0,85919.0,0,0,0.0,,,False,False,False,False,False,False,False,False,False
Agent,Long Tap,gpt4o no humanity,20251208_143154,2,Video Streaming,True,False,True,0.9995701273904483,0.9995701273904486,5000.0,5927296.0,1,0,0.0,65646.0,65646.0,0,0,0.0,,,False,False,False,False,False,False,False,False,False
Agent,Long Tap,gpt4o no humanity,20251208_143740,2,Video Streaming,True,False,True,0.9995701273904483,0.9995701273904486,5000.0,5927296.0,8,0,0.0,72991.0,83204.5,7,7,1.0,89148896.0,59790268.0,False,True,True,False,True,True,False,True,True
Agent,Long Tap,gpt4o no humanity,20251208_144801,2,Video Streaming,True,False,True,0.9995701273904483,0.9995701273904486,5000.0,5927296.0,3,0,0.0,74014.0,85920.0,2,2,1.0,67615391.0,66230880.0,False,True,True,False,True,True,False,False,False
Agent,Long Tap,gpt4o no humanity,20251208_145257,2,Video Streaming,True,True,True,1.3422935080879523,0.9995701273904486,5000.0,5927296.0,1,0,0.0,75772.0,75772.0,1,1,1.0,61357956.0,61357956.0,False,True,True,False,False,False,False,False,False
Agent,Long Tap,gpt4o no humanity,20251208_145702,2,Video Streaming,True,True,True,1.239890625630803,0.9995701273904486,5000.0,5927296.0,13,0,0.0,56824.0,76544.0,20,20,1.0,109759289.0,91268853.5,False,True,True,False,True,True,False,True,True
Agent,Long Tap,gpt4o no humanity,20251208_152814,2,Video Streaming,True,False,True,0.9995701273904483,0.9995701273904486,5000.0,5927296.0,2,0,0.0,76679.0,81176.0,1,1,1.0,64961730.0,64961730.0,False,True,True,False,False,False,False,False,False
Agent,Long Tap,gpt4o no humanity,20251208_153209,2,Video Streaming,True,False,True,0.9995701273904483,0.9995701273904486,5000.0,5927296.0,2,0,0.0,74071.0,80006.5,1,1,1.0,56876024.0,56876024.0,False,True,True,False,False,False,False,False,False
Agent,Long Tap,gpt4o no humanity,20251208_153534,2,Video Streaming,True,False,True,0.9995701273904484,0.9995701273904486,5000.0,5927296.0,20,0,0.0,57904.0,76305.5,19,19,1.0,151387081.0,75438623.0,False,True,True,False,True,True,False,True,True
Agent,Long Tap,gpt4o no humanity,20251208_160414,1,Shopping,True,False,True,0.9995701273904483,0.9995701273904486,5000.0,6008676.0,2,0,0.0,82497.0,89934.5,1,1,1.0,68102222.0,68102222.0,False,True,True,False,False,False,False,False,False
Agent,Long Tap,gpt4o no humanity,20251208_160819,1,Shopping,True,False,True,0.9995701273904483,0.9995701273904486,5000.0,6008676.0,8,0,0.0,69813.0,81420.0,7,7,1.0,75970991.0,64954050.0,False,True,True,False,True,True,False,True,True
Agent,Long Tap,gpt4o no humanity,20251208_161816,1,Shopping,True,True,True,1.1680953843783832,0.9995701273904486,5000.0,6008676.0,9,0,0.0,69361.0,81850.0,11,11,1.0,349273596.0,97630809.0,False,True,True,False,True,True,False,True,True
Agent,Long Tap,gpt4o no humanity,20251208_164254,3,Trip Planning,True,False,True,0.9995701273904483,0.9995701273904486,5000.0,5957152.0,1,0,0.0,75390.0,75390.0,0,0,0.0,,,False,False,False,False,False,False,False,False,False
Agent,Long Tap,gpt4o no humanity,20251208_164615,3,Trip Planning,True,False,True,0.9995701273904484,0.9995701273904486,5000.0,5957152.0,5,0,0.0,66067.0,75319.0,4,4,1.0,134816602.0,90239045.5,False,True,True,False,True,True,False,True,True
Agent,Long Tap,gpt4o no humanity,20251208_165651,3,Trip Planning,True,True,True,1.4057514810232439,0.9995701273904486,5000.0,5957152.0,5,0,0.0,70938.0,83834.0,12,12,1.0,182897220.0,91104080.5,False,True,True,False,True,True,False,True,True
Agent,Long Tap,gpt4o no humanity,20251208_172025,3,Trip Planning,True,False,True,0.9995701273904483,0.9995701273904486,5000.0,5957152.0,1,0,0.0,84175.0,84175.0,0,0,0.0,,,False,False,False,False,False,False,False,False,False
Agent,Long Tap,gpt4o no humanity,20251208_172315,3,Trip Planning,True,False,True,0.9995701273904483,0.9995701273904486,5000.0,5957152.0,3,0,0.0,71389.0,79694.0,2,2,1.0,100981364.0,98120577.5,False,True,True,False,True,True,False,False,False
Agent,Long Tap,gpt4o no humanity,20251208_173001,3,Trip Planning,True,False,True,0.9995701273904484,0.9995701273904486,5000.0,5957152.0,10,0,0.0,62436.0,76391.0,9,9,1.0,151147367.0,95602978.0,False,True,True,False,True,True,False,True,True
Agent,Long Tap,gpt4o no humanity,20251208_174929,3,Trip Planning,True,True,True,1.1759709997694467,0.9995701273904486,5000.0,5957152.0,2,0,0.0,64613.0,70285.0,2,2,1.0,102782125.0,97024370.5,False,True,True,False,True,True,False,False,False
Agent,Long Tap,gpt4o no humanity,20251208_175640,3,Trip Planning,True,True,True,1.2968405686405107,0.9995701273904486,5000.0,5957152.0,7,0,0.0,72409.0,83142.0,15,15,1.0,187217397.0,113386977.0,False,True,True,False,True,True,False,True,True
Agent,Long Tap,gpt4o no humanity,20251208_182751,3,Trip Planning,True,True,True,1.5872787686015573,0.9995701273904486,5000.0,5957152.0,1,0,0.0,76350.0,76350.0,19,19,1.0,122033248.0,83113448.0,False,True,True,False,True,True,False,True,True
Agent,Long Tap,gpt4o no humanity,20251208_190123,3,Trip Planning,True,False,True,0.9995701273904484,0.9995701273904486,5000.0,5957152.0,10,0,0.0,74327.0,81353.5,9,9,1.0,86827305.0,76575594.0,False,True,True,False,True,True,False,True,True
Agent,Long Tap,gpt4o no humanity,20251208_191540,3,Trip Planning,True,False,True,0.9995701273904483,0.9995701273904486,5000.0,5957152.0,8,0,0.0,72097.0,79471.0,7,7,1.0,73824310.0,66047866.0,False,True,True,False,True,True,False,True,True
Agent,Long Tap,gpt4o no humanity,20251208_192607,3,Trip Planning,True,True,True,1.0486344528139988,0.9995701273904486,5000.0,5957152.0,16,0,0.0,71507.0,82837.0,16,16,1.0,181999575.0,94312076.5,False,True,True,False,True,True,False,True,True
Agent,Long Tap,gpt4o no humanity,20251208_195421,3,Trip Planning,True,True,True,1.3159230564880413,0.9995701273904486,5000.0,5957152.0,7,0,0.0,58030.0,74610.0,10,10,1.0,125437460.0,83840585.5,False,True,True,False,True,True,False,True,True
Agent,Long Tap,gpt4o no humanity,20251208_201244,3,Trip Planning,True,False,True,0.9995701273904483,0.9995701273904486,5000.0,5957152.0,2,0,0.0,66480.0,77162.0,1,1,1.0,71846906.0,71846906.0,False,True,True,False,False,False,False,False,False
Agent,Long Tap,gpt4o no humanity,20251208_201655,4,Office & Learning,True,False,True,0.9995701273904483,0.9995701273904486,5000.0,5670071.0,3,0,0.0,73291.0,81749.0,2,2,1.0,82870182.0,68055640.0,False,True,True,False,True,True,False,False,False
Agent,Long Tap,gpt4o no humanity,20251208_202155,4,Office & Learning,True,False,True,0.9995701273904484,0.9995701273904486,5000.0,5670071.0,5,0,0.0,58206.0,76746.0,4,4,1.0,89394259.0,81377042.0,False,True,True,False,True,True,False,True,True
Agent,Long Tap,gpt4o no humanity,20251208_202941,4,Office & Learning,True,False,True,0.9995701273904483,0.9995701273904486,5000.0,5670071.0,17,0,0.0,65816.0,82762.0,16,16,1.0,205548529.0,86449110.5,False,True,True,False,True,True,False,True,True
Agent,Long Tap,gpt4o no humanity,20251208_210053,4,Office & Learning,True,False,True,0.9995701273904483,0.9995701273904486,5000.0,5670071.0,3,0,0.0,63024.0,71390.0,2,2,1.0,57338075.0,55279448.5,False,True,True,False,True,True,False,False,False
Agent,Long Tap,gpt4o no humanity,20251208_210518,4,Office & Learning,True,False,True,0.9995701273904484,0.9995701273904486,5000.0,5670071.0,6,0,0.0,56253.0,73190.0,5,5,1.0,98881672.0,66697914.0,False,True,True,False,True,True,False,True,True
Agent,Long Tap,gpt4o no humanity,20251208_211414,4,Office & Learning,True,False,True,0.9995701273904483,0.9995701273904486,5000.0,5670071.0,9,0,0.0,68921.0,80061.0,8,8,1.0,90566959.0,71770036.5,False,True,True,False,True,True,False,True,True
Agent,Long Tap,gpt4o no humanity,20251208_212700,1,Shopping,True,False,True,0.9995701273904483,0.9995701273904486,5000.0,6008676.0,9,0,0.0,61668.0,77791.0,8,8,1.0,81927628.0,61858546.0,False,True,True,False,True,True,False,True,True
Agent,Long Tap,gpt4o no humanity,20251208_213831,1,Shopping,True,True,True,1.0638285228824025,0.9995701273904486,5000.0,6008676.0,19,0,0.0,52641.0,81826.0,20,20,1.0,119811821.0,82567713.5,False,True,True,False,True,True,False,True,True
Agent,Long Tap,gpt4o no humanity,20251208_220941,1,Shopping,True,True,True,1.048982988641499,0.9995701273904486,5000.0,6008676.0,14,0,0.0,62742.0,81010.5,14,14,1.0,155352117.0,126631532.5,False,True,True,False,True,True,False,True,True
Agent,Long Tap,gpt4o no humanity,20251208_224051,1,Shopping,True,False,True,0.9995701273904484,0.9995701273904486,5000.0,6008676.0,10,0,0.0,61891.0,77486.0,9,9,1.0,195067337.0,72507079.0,False,True,True,False,True,True,False,True,True
Agent,Long Tap,gpt4o no humanity,20251208_225957,1,Shopping,True,True,True,1.1329187912266658,0.9995701273904486,5000.0,6008676.0,15,0,0.0,66870.0,83575.0,17,17,1.0,174066714.0,91678269.0,False,True,True,False,True,True,False,True,True
Agent,Long Tap,gpt4o no humanity,20251208_233107,1,Shopping,True,False,True,0.9995701273904483,0.9995701273904486,5000.0,6008676.0,3,0,0.0,59473.0,73407.0,2,2,1.0,81909170.0,78103534.5,False,True,True,False,True,True,False,False,False
Agent,Long Tap,gpt4o no humanity,20251208_233637,1,Shopping,True,False,True,0.9995701273904483,0.9995701273904486,5000.0,6008676.0,2,0,0.0,82917.0,88043.0,1,1,1.0,53843768.0,53843768.0,False,True,True,False,False,False,False,False,False
Agent,Long Tap,gpt4o no humanity,20251208_234027,1,Shopping,True,True,True,1.558756391850268,0.9995701273904486,5000.0,6008676.0,3,0,0.0,66663.0,77830.0,19,19,1.0,127624187.0,95640474.0,False,True,True,False,True,True,False,True,True
Agent,Long Tap,gpt4o no humanity,20251209_001137,1,Shopping,True,True,True,1.5692134357050327,0.9995701273904486,5000.0,6008676.0,5,0,0.0,68400.0,76469.0,19,19,1.0,120900506.0,90459778.0,False,True,True,False,True,True,False,True,True
Agent,Long Tap,gpt4o no humanity,20251209_004248,3,Trip Planning,True,False,True,0.9995701273904483,0.9995701273904486,5000.0,5957152.0,1,0,0.0,62267.0,62267.0,0,0,0.0,,,False,False,False,False,False,False,False,False,False
Agent,Long Tap,gpt4o no humanity,20251209_004508,3,Trip Planning,True,False,True,0.9995701273904483,0.9995701273904486,5000.0,5957152.0,2,0,0.0,80180.0,81558.5,1,1,1.0,67367586.0,67367586.0,False,True,True,False,False,False,False,False,False
Agent,Long Tap,gpt4o no humanity,20251209_004913,3,Trip Planning,True,False,True,0.9995701273904485,0.9995701273904486,5000.0,5957152.0,7,0,0.0,64001.0,78655.0,6,6,1.0,74619921.0,62890658.0,False,True,True,False,True,True,False,True,True
Agent,Long Tap,gpt4o no humanity,20251209_005808,3,Trip Planning,True,False,True,0.9995701273904483,0.9995701273904486,5000.0,5957152.0,4,0,0.0,58215.0,82761.0,3,3,1.0,78173367.0,66623840.0,False,True,True,False,True,True,False,True,True
Agent,Long Tap,gpt4o no humanity,20251209_010429,3,Trip Planning,True,False,True,0.9995701273904483,0.9995701273904486,5000.0,5957152.0,1,0,0.0,82340.0,82340.0,0,0,0.0,,,False,False,False,False,False,False,False,False,False
Agent,Long Tap,gpt4o no humanity,20251209_010704,3,Trip Planning,True,False,True,0.9995701273904483,0.9995701273904486,5000.0,5957152.0,1,0,0.0,92156.0,92156.0,0,0,0.0,,,False,False,False,False,False,False,False,False,False
Agent,Long Tap,gpt4o no humanity,20251209_011139,1,Shopping,True,False,True,0.9995701273904483,0.9995701273904486,5000.0,6008676.0,1,0,0.0,76628.0,76628.0,0,0,0.0,,,False,False,False,False,False,False,False,False,False
Agent,Long Tap,gpt4o no humanity,20251209_011359,1,Shopping,True,True,True,1.1052922582164417,0.9995701273904486,5000.0,6008676.0,3,0,0.0,60002.0,84168.0,3,3,1.0,68602222.0,67162819.0,False,True,True,False,True,True,False,True,True
Agent,Long Tap,gpt4o no humanity,20251209_012014,1,Shopping,True,True,True,1.1562823222875425,0.9995701273904486,5000.0,6008676.0,5,0,0.0,67493.0,80547.0,5,5,1.0,115457379.0,81559209.0,False,True,True,False,True,True,False,True,True
Agent,Long Tap,gpt4o no humanity,20251209_013200,1,Shopping,True,False,True,0.9995701273904483,0.9995701273904486,5000.0,6008676.0,1,0,0.0,85000.0,85000.0,0,0,0.0,,,False,False,False,False,False,False,False,False,False
Agent,Long Tap,gpt4o no humanity,20251209_013520,1,Shopping,True,False,True,0.9995701273904483,0.9995701273904486,5000.0,6008676.0,1,0,0.0,69593.0,69593.0,0,0,0.0,,,False,False,False,False,False,False,False,False,False
Agent,Long Tap,gpt4o no humanity,20251209_013815,1,Shopping,True,False,True,0.9995701273904484,0.9995701273904486,5000.0,6008676.0,6,0,0.0,75010.0,83096.0,5,5,1.0,96263881.0,79712637.0,False,True,True,False,True,True,False,True,True
Agent,Long Tap,gpt4o no humanity,20251209_014746,1,Shopping,True,False,True,0.9995701273904483,0.9995701273904486,5000.0,6008676.0,4,0,0.0,71899.0,82924.0,3,3,1.0,124034147.0,59531313.0,False,True,True,False,True,True,False,True,True
Agent,Long Tap,gpt4o no humanity,20251209_015426,1,Shopping,True,True,True,1.1122234884858548,0.9995701273904486,5000.0,6008676.0,4,0,0.0,69814.0,82067.0,6,6,1.0,96888836.0,70462131.5,False,True,True,False,True,True,False,True,True
Agent,Long Tap,gpt4o no humanity,20251209_020426,1,Shopping,True,False,True,0.9995701273904483,0.9995701273904486,5000.0,6008676.0,1,0,0.0,84922.0,84922.0,0,0,0.0,,,False,False,False,False,False,False,False,False,False
Agent,Long Tap,gpt4o no humanity,20251209_020745,4,Office & Learning,True,False,True,0.9995701273904483,0.9995701273904486,5000.0,5670071.0,2,0,0.0,55949.0,81379.0,1,1,1.0,64274935.0,64274935.0,False,True,True,False,False,False,False,False,False
Agent,Long Tap,gpt4o no humanity,20251209_021108,4,Office & Learning,True,False,True,0.9995701273904483,0.9995701273904486,5000.0,5670071.0,17,0,0.0,59129.0,87196.0,16,16,1.0,289377478.0,68577613.5,False,True,True,False,True,True,False,True,True
Agent,Long Tap,gpt4o no humanity,20251209_024216,4,Office & Learning,True,True,True,1.1074080907585306,0.9995701273904486,5000.0,5670071.0,6,0,0.0,64744.0,75477.0,6,6,1.0,74829997.0,63251096.5,False,True,True,False,True,True,False,True,True
Agent,Long Tap,gpt4o no humanity,20251209_025057,4,Office & Learning,True,False,True,0.9995701273904484,0.9995701273904486,5000.0,5670071.0,5,0,0.0,68727.0,75994.0,4,4,1.0,83993171.0,67555588.5,False,True,True,False,True,True,False,True,True
Agent,Long Tap,gpt4o no humanity,20251209_025832,4,Office & Learning,True,True,True,1.0503617369881668,0.9995701273904486,5000.0,5670071.0,18,0,0.0,60471.0,80403.0,19,19,1.0,202030789.0,85958901.0,False,True,True,False,True,True,False,True,True
Agent,Long Tap,gpt4o no humanity,20251209_032942,4,Office & Learning,True,True,True,1.1244877054489915,0.9995701273904486,5000.0,5670071.0,13,0,0.0,69757.0,81666.0,14,14,1.0,182300282.0,63572132.5,False,True,True,False,True,True,False,True,True
Agent,Long Tap,gpt4o no humanity,20251209_035014,0,Social Media,True,False,True,0.9995701273904483,0.9995701273904486,5000.0,6311961.0,2,0,0.0,82063.0,90380.5,1,1,1.0,52833901.0,52833901.0,False,True,True,False,False,False,False,False,False
Agent,Long Tap,gpt4o no humanity,20251209_035334,0,Social Media,True,False,True,0.9995701273904483,0.9995701273904486,5000.0,6311961.0,2,0,0.0,83582.0,87305.0,1,1,1.0,62698083.0,62698083.0,False,True,True,False,False,False,False,False,False
Agent,Long Tap,gpt4o no humanity,20251209_035701,0,Social Media,True,False,True,0.9995701273904484,0.9995701273904486,5000.0,6311961.0,22,0,0.0,61487.0,78158.5,21,21,1.0,211878770.0,73616530.0,False,True,True,False,True,True,False,True,True
Agent,Long Tap,gpt4o no humanity,20251209_042810,0,Social Media,True,True,True,1.3681772874521843,0.9995701273904486,5000.0,6311961.0,5,0,0.0,80127.0,82361.0,8,8,1.0,97638019.0,70825410.5,False,True,True,False,True,True,False,True,True
Agent,Long Tap,gpt4o no humanity,20251209_044456,0,Social Media,True,True,True,1.0981858698604454,0.9995701273904486,5000.0,6311961.0,16,0,0.0,59167.0,78961.0,17,17,1.0,169047887.0,74287598.0,False,True,True,False,True,True,False,True,True
Agent,Long Tap,gpt4o no humanity,20251209_051606,0,Social Media,True,True,True,1.2628867538334352,0.9995701273904486,5000.0,6311961.0,15,0,0.0,60922.0,79564.0,23,23,1.0,120644328.0,62342913.0,False,True,True,False,True,True,False,True,True
Agent,Long Tap,gpt4o no humanity,20251209_054716,0,Social Media,True,False,True,0.9995701273904483,0.9995701273904486,5000.0,6311961.0,4,0,0.0,61624.0,67017.5,3,3,1.0,104241759.0,54074220.0,False,True,True,False,True,True,False,True,True
Agent,Long Tap,gpt4o no humanity,20251209_055311,0,Social Media,True,True,True,1.0307796945216305,0.9995701273904486,5000.0,6311961.0,11,0,0.0,67097.0,83723.0,11,11,1.0,67436613.0,56025357.0,False,True,True,False,True,True,False,True,True
Agent,Long Tap,gpt4o no humanity,20251209_060552,0,Social Media,True,True,True,1.062082251251052,0.9995701273904486,5000.0,6311961.0,14,0,0.0,56526.0,81324.0,14,14,1.0,102166958.0,62414865.0,False,True,True,False,True,True,False,True,True
Agent,Long Tap,gpt4o no humanity,20251209_062600,0,Social Media,True,False,True,0.9995701273904484,0.9995701273904486,5000.0,6311961.0,5,0,0.0,61657.0,88491.0,4,4,1.0,58486035.0,56536515.0,False,True,True,False,True,True,False,True,True
Agent,Long Tap,gpt4o no humanity,20251209_063236,0,Social Media,True,False,True,0.9995701273904484,0.9995701273904486,5000.0,6311961.0,12,0,0.0,63002.0,75975.0,11,11,1.0,97983337.0,55795749.0,False,True,True,False,True,True,False,True,True
Agent,Long Tap,gpt4o no humanity,20251209_064658,0,Social Media,True,False,True,0.9995701273904484,0.9995701273904486,5000.0,6311961.0,6,0,0.0,70390.0,84153.5,5,5,1.0,79629430.0,62048316.0,False,True,True,False,True,True,False,True,True
Agent,Long Tap,gpt4o no humanity,20251209_065444,0,Social Media,True,False,True,0.9995701273904483,0.9995701273904486,5000.0,6311961.0,3,0,0.0,65085.0,84289.0,2,2,1.0,55353598.0,52508925.5,False,True,True,False,True,True,False,False,False
Agent,Long Tap,gpt4o no humanity,20251209_065905,0,Social Media,True,False,True,0.9995701273904483,0.9995701273904486,5000.0,6311961.0,3,0,0.0,75654.0,80353.0,2,2,1.0,118667251.0,89734701.0,False,True,True,False,True,True,False,False,False
Agent,Long Tap,gpt4o no humanity,20251209_070431,0,Social Media,True,False,True,0.9995701273904485,0.9995701273904486,5000.0,6311961.0,7,0,0.0,58282.0,82265.0,6,6,1.0,383751053.0,63322927.0,False,True,True,False,True,True,False,True,True
Agent,Long Tap,gpt4o no humanity,20251209_072003,0,Social Media,True,False,True,0.9995701273904483,0.9995701273904486,5000.0,6311961.0,2,0,0.0,84201.0,91648.5,1,1,1.0,57098401.0,57098401.0,False,True,True,False,False,False,False,False,False
Agent,Long Tap,gpt4o no humanity,20251209_072318,0,Social Media,True,False,True,0.9995701273904484,0.9995701273904486,5000.0,6311961.0,6,0,0.0,73229.0,86495.0,5,5,1.0,61841733.0,59908114.0,False,True,True,False,True,True,False,True,True
Agent,Long Tap,gpt4o no humanity,20251209_073119,0,Social Media,True,True,True,1.048493594608494,0.9995701273904486,5000.0,6311961.0,19,0,0.0,60525.0,80070.0,19,19,1.0,70366310.0,63930969.0,False,True,True,False,True,True,False,True,True
Agent,Long Tap,gpt4o no humanity,20251209_075353,4,Office & Learning,True,True,True,1.1200747143902248,0.9995701273904486,5000.0,5670071.0,5,0,0.0,75411.0,81092.0,5,5,1.0,52670984.0,51428899.0,False,True,True,False,True,True,False,True,True
Agent,Long Tap,gpt4o no humanity,20251209_080004,4,Office & Learning,True,False,True,0.9995701273904484,0.9995701273904486,5000.0,5670071.0,5,0,0.0,63407.0,65079.0,4,4,1.0,86626890.0,63400104.0,False,True,True,False,True,True,False,True,True
Agent,Long Tap,gpt4o no humanity,20251209_080650,4,Office & Learning,True,True,True,1.1561968192037986,0.9995701273904486,5000.0,5670071.0,19,0,0.0,67822.0,78912.0,25,25,1.0,157988834.0,59803913.0,False,True,True,False,True,True,False,True,True
Agent,Long Tap,gpt4o no humanity,20251209_083814,0,Social Media,True,True,True,1.2331119745747108,0.9995701273904486,5000.0,6311961.0,6,0,0.0,73109.0,74715.0,7,7,1.0,106578047.0,55439437.0,False,True,True,False,True,True,False,True,True
Agent,Long Tap,gpt4o no humanity,20251209_084822,0,Social Media,True,False,True,0.9995701273904484,0.9995701273904486,5000.0,6311961.0,6,0,0.0,66524.0,88259.5,5,5,1.0,148888612.0,78902805.0,False,True,True,False,True,True,False,True,True
Agent,Long Tap,gpt4o no humanity,20251209_085752,0,Social Media,True,False,True,0.9995701273904484,0.9995701273904486,5000.0,6311961.0,6,0,0.0,48933.0,72870.5,5,5,1.0,86179529.0,60643061.0,False,True,True,False,True,True,False,True,True
Agent,Long Tap,gpt4o no humanity,20251209_090550,0,Social Media,True,False,True,0.9995701273904484,0.9995701273904486,5000.0,6311961.0,11,0,0.0,74083.0,81116.0,10,10,1.0,181754683.0,93233954.5,False,True,True,False,True,True,False,True,True
Agent,Long Tap,gpt4o no humanity,20251209_092448,0,Social Media,True,False,True,0.9995701273904483,0.9995701273904486,5000.0,6311961.0,1,0,0.0,78312.0,78312.0,0,0,0.0,,,False,False,False,False,False,False,False,False,False
Agent,Long Tap,claude no humanity,20250925_132450,1,Shopping,True,False,True,0.9999360254630549,0.9999360254630554,5000.0,6008676.0,8,0,0.0,58025.0,76635.5,7,7,1.0,129134630.0,72961318.0,False,True,True,False,True,True,False,True,True
Agent,Long Tap,claude no humanity,20250925_133715,1,Shopping,True,False,True,0.999936025463055,0.9999360254630554,5000.0,6008676.0,10,0,0.0,63385.0,71066.0,9,9,1.0,100892276.0,76589875.0,False,True,True,False,True,True,False,True,True
Agent,Long Tap,claude no humanity,20250925_135111,1,Shopping,True,False,True,0.9999360254630549,0.9999360254630554,5000.0,6008676.0,2,0,0.0,61386.0,69199.5,1,1,1.0,120619966.0,120619966.0,False,True,True,False,False,False,False,False,False
Agent,Long Tap,claude no humanity,20250925_135601,1,Shopping,True,False,True,0.9999360254630553,0.9999360254630554,5000.0,6008676.0,14,0,0.0,61910.0,83702.5,13,13,1.0,176592779.0,79460716.0,False,True,True,False,True,True,False,True,True
Agent,Long Tap,claude no humanity,20250924_145519,1,Shopping,True,False,True,0.9999360254630548,0.9999360254630554,5000.0,6008676.0,7,0,0.0,71634.0,77576.0,6,6,1.0,79754495.0,68119293.5,False,True,True,False,True,True,False,True,True
Agent,Long Tap,claude no humanity,20250925_141929,1,Shopping,True,False,True,0.999936025463055,0.9999360254630554,5000.0,6008676.0,3,0,0.0,78697.0,85058.0,2,2,1.0,146164477.0,112782418.5,False,True,True,False,True,True,False,False,False
Agent,Long Tap,claude no humanity,20250925_142559,1,Shopping,True,False,True,0.9999360254630549,0.9999360254630554,5000.0,6008676.0,8,0,0.0,57145.0,74348.5,7,7,1.0,175733293.0,81605345.0,False,True,True,False,True,True,False,True,True
Agent,Long Tap,claude no humanity,20250925_143951,1,Shopping,True,False,True,0.999936025463055,0.9999360254630554,5000.0,6008676.0,10,0,0.0,63938.0,81571.5,9,9,1.0,229069320.0,68475392.0,False,True,True,False,True,True,False,True,True
Agent,Long Tap,claude no humanity,20250925_145539,1,Shopping,True,True,True,1.084623549698435,0.9999360254630554,5000.0,6008676.0,8,0,0.0,70175.0,85177.0,8,8,1.0,132871662.0,80239099.0,False,True,True,False,True,True,False,True,True
Agent,Long Tap,claude no humanity,20251004_145241,3,Trip Planning,True,False,True,0.9999360254630549,0.9999360254630554,5000.0,5957152.0,8,0,0.0,61272.0,80634.0,7,7,1.0,96916974.0,85942419.0,False,True,True,False,True,True,False,True,True
Agent,Long Tap,claude no humanity,20250925_151018,3,Trip Planning,True,False,True,0.9999360254630552,0.9999360254630554,5000.0,5957152.0,11,0,0.0,73025.0,78506.0,10,10,1.0,94327606.0,80047313.5,False,True,True,False,True,True,False,True,True
Agent,Long Tap,claude no humanity,20250925_152746,3,Trip Planning,True,False,True,0.9999360254630549,0.9999360254630554,5000.0,5957152.0,2,0,0.0,71388.0,82215.5,1,1,1.0,76635309.0,76635309.0,False,True,True,False,False,False,False,False,False
Agent,Long Tap,claude no humanity,20251004_150939,3,Trip Planning,True,False,True,0.9999360254630548,0.9999360254630554,5000.0,5957152.0,6,0,0.0,55754.0,75833.5,5,5,1.0,107391184.0,89597652.0,False,True,True,False,True,True,False,True,True
Agent,Long Tap,claude no humanity,20251004_115102,2,Video Streaming,True,False,True,0.9999360254630549,0.9999360254630554,5000.0,5927296.0,2,0,0.0,67280.0,82278.5,1,1,1.0,79006493.0,79006493.0,False,True,True,False,False,False,False,False,False
Agent,Long Tap,claude no humanity,20251004_120646,2,Video Streaming,True,False,True,0.999936025463055,0.9999360254630554,5000.0,5927296.0,3,0,0.0,65733.0,69164.0,2,2,1.0,114102105.0,101622093.5,False,True,True,False,True,True,False,False,False
Agent,Long Tap,claude no humanity,20250924_152359,2,Video Streaming,True,False,True,0.9999360254630549,0.9999360254630554,5000.0,5927296.0,1,0,0.0,88203.0,88203.0,0,0,0.0,,,False,False,False,False,False,False,False,False,False
Agent,Long Tap,claude no humanity,20250925_154002,2,Video Streaming,True,False,True,0.999936025463055,0.9999360254630554,5000.0,5927296.0,3,0,0.0,62891.0,77100.0,2,2,1.0,71188303.0,67747604.5,False,True,True,False,True,True,False,False,False
Agent,Long Tap,claude no humanity,20250925_154454,2,Video Streaming,True,False,True,0.999936025463055,0.9999360254630554,5000.0,5927296.0,3,0,0.0,67918.0,77695.0,2,2,1.0,73802043.0,73334345.5,False,True,True,False,True,True,False,False,False
Agent,Long Tap,claude no humanity,20251004_153137,2,Video Streaming,True,False,True,0.9999360254630552,0.9999360254630554,5000.0,5927296.0,11,0,0.0,72670.0,80138.0,10,10,1.0,96129695.0,79649159.0,False,True,True,False,True,True,False,True,True
Agent,Long Tap,claude no humanity,20250925_155001,2,Video Streaming,True,False,True,0.9865228798985252,0.9999360254630554,5000.0,5927296.0,12,0,0.0,59575.0,78880.0,13,13,1.0,192845456.0,71106458.0,False,True,True,False,True,True,False,True,True
Agent,Long Tap,claude no humanity,20251004_154839,2,Video Streaming,True,False,True,0.9999360254630549,0.9999360254630554,5000.0,5927296.0,2,0,0.0,66203.0,79594.0,1,1,1.0,85307018.0,85307018.0,False,True,True,False,False,False,False,False,False
Agent,Long Tap,claude no humanity,20250925_161350,2,Video Streaming,True,False,True,0.9999360254630549,0.9999360254630554,5000.0,5927296.0,2,0,0.0,53476.0,76856.5,1,1,1.0,92213448.0,92213448.0,False,True,True,False,False,False,False,False,False
Agent,Long Tap,claude no humanity,20251004_155300,2,Video Streaming,True,False,True,0.999936025463055,0.9999360254630554,5000.0,5927296.0,3,0,0.0,69965.0,83333.0,2,2,1.0,99088856.0,93323003.5,False,True,True,False,True,True,False,False,False
Agent,Long Tap,claude no humanity,20251216_133702,2,Video Streaming,True,False,True,0.9999360254630549,0.9999360254630554,5000.0,5927296.0,5,0,0.0,69226.0,75944.0,4,4,1.0,116139187.0,54988509.0,False,True,True,False,True,True,False,True,True
Agent,Long Tap,claude no humanity,20251216_132219,2,Video Streaming,True,False,True,0.9999360254630552,0.9999360254630554,5000.0,5927296.0,13,0,0.0,66481.0,82812.0,12,12,1.0,75743781.0,59355285.0,False,True,True,False,True,True,False,True,True
Agent,Long Tap,claude no humanity,20251216_134423,2,Video Streaming,True,False,True,0.999936025463055,0.9999360254630554,5000.0,5927296.0,10,0,0.0,62432.0,72856.0,9,9,1.0,126684776.0,68144106.0,False,True,True,False,True,True,False,True,True
Agent,Long Tap,claude no humanity,20251216_135855,2,Video Streaming,True,True,True,1.259105237383666,0.9999360254630554,5000.0,5927296.0,3,0,0.0,80100.0,85809.0,6,6,1.0,81751626.0,69526822.5,False,True,True,False,True,True,False,True,True
Agent,Long Tap,claude no humanity,20251216_140911,2,Video Streaming,True,False,True,0.9999360254630549,0.9999360254630554,5000.0,5927296.0,1,0,0.0,91878.0,91878.0,0,0,0.0,,,False,False,False,False,False,False,False,False,False
Agent,Long Tap,claude no humanity,20251216_141137,2,Video Streaming,True,True,True,1.4791159130592282,0.9999360254630554,5000.0,5927296.0,6,0,0.0,72291.0,78664.5,23,23,1.0,88142667.0,74736206.0,False,True,True,False,True,True,False,True,True
Agent,Long Tap,claude no humanity,20251216_144251,2,Video Streaming,True,False,True,0.9999360254630547,0.9999360254630554,5000.0,5927296.0,19,0,0.0,64179.0,77484.0,18,18,1.0,81002227.0,57889890.5,False,True,True,False,True,True,False,True,True
Agent,Long Tap,claude no humanity,20251216_150412,2,Video Streaming,True,False,True,0.9999360254630549,0.9999360254630554,5000.0,5927296.0,5,0,0.0,67978.0,75062.0,4,4,1.0,80593776.0,68356486.0,False,True,True,False,True,True,False,True,True
Agent,Long Tap,claude no humanity,20251216_151243,2,Video Streaming,True,False,True,0.9999360254630552,0.9999360254630554,5000.0,5927296.0,11,0,0.0,60867.0,80750.0,10,10,1.0,150752170.0,85968952.0,False,True,True,False,True,True,False,True,True
Agent,Long Tap,claude no humanity,20251216_153252,1,Shopping,True,False,True,0.999936025463055,0.9999360254630554,5000.0,6008676.0,3,0,0.0,78325.0,82273.0,2,2,1.0,70539296.0,67374115.5,False,True,True,False,True,True,False,False,False
Agent,Long Tap,claude no humanity,20251216_153742,1,Shopping,True,False,True,0.9999360254630549,0.9999360254630554,5000.0,6008676.0,25,0,0.0,65475.0,80976.0,24,24,1.0,149491169.0,59592019.5,False,True,True,False,True,True,False,True,True
Agent,Long Tap,claude no humanity,20251216_160854,1,Shopping,True,True,True,1.208433352106684,0.9999360254630554,5000.0,6008676.0,11,0,0.0,62144.0,79148.0,22,22,1.0,152271567.0,68314023.5,False,True,True,False,True,True,False,True,True
Agent,Long Tap,claude no humanity,20251216_164006,3,Trip Planning,True,False,True,0.9999360254630549,0.9999360254630554,5000.0,5957152.0,2,0,0.0,74265.0,81234.5,1,1,1.0,57335905.0,57335905.0,False,True,True,False,False,False,False,False,False
Agent,Long Tap,claude no humanity,20251216_164406,3,Trip Planning,True,False,True,0.9999360254630549,0.9999360254630554,5000.0,5957152.0,1,0,0.0,85638.0,85638.0,0,0,0.0,,,False,False,False,False,False,False,False,False,False
Agent,Long Tap,claude no humanity,20251216_164626,3,Trip Planning,True,False,True,0.9999360254630548,0.9999360254630554,5000.0,5957152.0,7,0,0.0,80777.0,91196.0,6,6,1.0,72824018.0,64853121.5,False,True,True,False,True,True,False,True,True
Agent,Long Tap,claude no humanity,20251216_165543,3,Trip Planning,True,False,True,0.9999360254630549,0.9999360254630554,5000.0,5957152.0,1,0,0.0,94641.0,94641.0,0,0,0.0,,,False,False,False,False,False,False,False,False,False
Agent,Long Tap,claude no humanity,20251216_165823,3,Trip Planning,True,False,True,0.9999360254630549,0.9999360254630554,5000.0,5957152.0,1,0,0.0,76713.0,76713.0,0,0,0.0,,,False,False,False,False,False,False,False,False,False
Agent,Long Tap,claude no humanity,20251216_170148,3,Trip Planning,True,True,True,1.0182270344208988,0.9999360254630554,5000.0,5957152.0,19,0,0.0,63759.0,81934.0,19,19,1.0,290513112.0,72020259.0,False,True,True,False,True,True,False,True,True
Agent,Long Tap,claude no humanity,20251216_173300,3,Trip Planning,True,True,True,1.0363333669282313,0.9999360254630554,5000.0,5957152.0,4,0,0.0,72251.0,73368.5,15,15,1.0,129714825.0,79468879.0,False,True,True,False,True,True,False,True,True
Agent,Long Tap,claude no humanity,20251216_175654,3,Trip Planning,True,True,True,1.0633290296954399,0.9999360254630554,5000.0,5957152.0,9,0,0.0,75286.0,78888.0,9,9,1.0,76984435.0,66957115.0,False,True,True,False,True,True,False,True,True
Agent,Long Tap,claude no humanity,20251216_180951,3,Trip Planning,True,True,True,1.0098440285971482,0.9999360254630554,5000.0,5957152.0,11,0,0.0,73836.0,86283.0,23,23,1.0,98928680.0,75200790.0,False,True,True,False,True,True,False,True,True
Agent,Long Tap,claude no humanity,20251216_184103,3,Trip Planning,True,False,True,0.9999360254630549,0.9999360254630554,5000.0,5957152.0,4,0,0.0,64640.0,78661.0,3,3,1.0,73419178.0,69425460.0,False,True,True,False,True,True,False,True,True
Agent,Long Tap,claude no humanity,20251216_184733,3,Trip Planning,True,True,True,1.0888512744997791,0.9999360254630554,5000.0,5957152.0,20,0,0.0,63606.0,82711.0,24,24,1.0,142846412.0,69278181.0,False,True,True,False,True,True,False,True,True
Agent,Long Tap,claude no humanity,20251216_191845,3,Trip Planning,True,False,True,0.9999360254630548,0.9999360254630554,5000.0,5957152.0,17,0,0.0,53783.0,79594.0,16,16,1.0,155851122.0,69187006.0,False,True,True,False,True,True,False,True,True
Agent,Long Tap,claude no humanity,20251216_194329,3,Trip Planning,True,True,True,1.053988163886021,0.9999360254630554,5000.0,5957152.0,18,0,0.0,57149.0,80830.0,19,19,1.0,181563062.0,77218244.0,False,True,True,False,True,True,False,True,True
Agent,Long Tap,claude no humanity,20251216_201443,3,Trip Planning,True,True,True,1.0438178070482595,0.9999360254630554,5000.0,5957152.0,12,0,0.0,65513.0,75744.0,12,12,1.0,748342785.0,70993819.5,False,True,True,False,True,True,False,True,True
Agent,Long Tap,claude no humanity,20251216_204348,3,Trip Planning,True,False,True,0.9999360254630549,0.9999360254630554,5000.0,5957152.0,8,0,0.0,61326.0,77939.0,7,7,1.0,148406241.0,83807614.0,False,True,True,False,True,True,False,True,True
Agent,Long Tap,claude no humanity,20251216_205730,4,Office & Learning,True,False,True,0.9999360254630549,0.9999360254630554,5000.0,5670071.0,5,0,0.0,66576.0,72995.0,4,4,1.0,324440574.0,64948366.5,False,True,True,False,True,True,False,True,True
Agent,Long Tap,claude no humanity,20251216_210832,4,Office & Learning,True,True,True,1.0489785298061758,0.9999360254630554,5000.0,5670071.0,15,0,0.0,60062.0,81890.0,15,15,1.0,97671636.0,72508129.0,False,True,True,False,True,True,False,True,True
Agent,Long Tap,claude no humanity,20251216_212915,4,Office & Learning,True,False,True,0.9999360254630547,0.9999360254630554,5000.0,5670071.0,21,0,0.0,63251.0,84056.0,20,20,1.0,230299717.0,72380572.5,False,True,True,False,True,True,False,True,True
Agent,Long Tap,claude no humanity,20251216_220027,4,Office & Learning,True,False,True,0.9999360254630549,0.9999360254630554,5000.0,5670071.0,1,0,0.0,79716.0,79716.0,0,0,0.0,,,False,False,False,False,False,False,False,False,False
Agent,Long Tap,claude no humanity,20251216_220302,4,Office & Learning,True,False,True,0.999936025463055,0.9999360254630554,5000.0,5670071.0,3,0,0.0,90532.0,90646.0,2,2,1.0,74338595.0,73591891.0,False,True,True,False,True,True,False,False,False
Agent,Long Tap,claude no humanity,20251216_220812,4,Office & Learning,True,False,True,0.9999360254630548,0.9999360254630554,5000.0,5670071.0,6,0,0.0,66680.0,76453.0,5,5,1.0,103221325.0,73118122.0,False,True,True,False,True,True,False,True,True
Agent,Long Tap,claude no humanity,20251216_221728,1,Shopping,True,False,True,0.9999360254630549,0.9999360254630554,5000.0,6008676.0,1,0,0.0,83497.0,83497.0,0,0,0.0,,,False,False,False,False,False,False,False,False,False
Agent,Long Tap,claude no humanity,20251216_222013,1,Shopping,True,True,True,1.1129147425519414,0.9999360254630554,5000.0,6008676.0,11,0,0.0,60605.0,83121.0,13,13,1.0,145199260.0,75899812.0,False,True,True,False,True,True,False,True,True
Agent,Long Tap,claude no humanity,20251216_224122,1,Shopping,True,False,True,0.9999360254630549,0.9999360254630554,5000.0,6008676.0,1,0,0.0,84990.0,84990.0,0,0,0.0,,,False,False,False,False,False,False,False,False,False
Agent,Long Tap,claude no humanity,20251216_224402,1,Shopping,True,False,True,0.9999360254630549,0.9999360254630554,5000.0,6008676.0,1,0,0.0,83971.0,83971.0,0,0,0.0,,,False,False,False,False,False,False,False,False,False
Agent,Long Tap,claude no humanity,20251216_224642,1,Shopping,True,False,True,0.9999360254630549,0.9999360254630554,5000.0,6008676.0,1,0,0.0,63978.0,63978.0,0,0,0.0,,,False,False,False,False,False,False,False,False,False
Agent,Long Tap,claude no humanity,20251216_224917,1,Shopping,True,True,True,1.0938255467866624,0.9999360254630554,5000.0,6008676.0,13,0,0.0,63803.0,82403.0,16,16,1.0,141875811.0,66916558.5,False,True,True,False,True,True,False,True,True
Agent,Long Tap,claude no humanity,20251216_231256,1,Shopping,True,False,True,0.9999360254630549,0.9999360254630554,5000.0,6008676.0,2,0,0.0,59760.0,75565.0,1,1,1.0,62199912.0,62199912.0,False,True,True,False,False,False,False,False,False
Agent,Long Tap,claude no humanity,20251216_231636,1,Shopping,True,True,True,1.0548227616130177,0.9999360254630554,5000.0,6008676.0,17,0,0.0,55624.0,83050.0,20,20,1.0,126580770.0,64075031.0,False,True,True,False,True,True,False,True,True
Agent,Long Tap,claude no humanity,20251216_234430,1,Shopping,True,True,True,1.2341647538219405,0.9999360254630554,5000.0,6008676.0,9,0,0.0,70941.0,84499.0,18,18,1.0,171425146.0,80059558.0,False,True,True,False,True,True,False,True,True
Agent,Long Tap,claude no humanity,20251217_001542,3,Trip Planning,True,False,True,0.9999360254630549,0.9999360254630554,5000.0,5957152.0,2,0,0.0,57737.0,65941.5,1,1,1.0,236406505.0,236406505.0,False,True,True,False,False,False,False,False,False
Agent,Long Tap,claude no humanity,20251217_002444,3,Trip Planning,True,True,True,1.177486673598959,0.9999360254630554,5000.0,5957152.0,5,0,0.0,56375.0,83506.0,5,5,1.0,171130937.0,76900582.0,False,True,True,False,True,True,False,True,True
Agent,Long Tap,claude no humanity,20251217_004126,3,Trip Planning,True,False,True,0.9999360254630549,0.9999360254630554,5000.0,5957152.0,2,0,0.0,88020.0,90004.5,1,1,1.0,68398231.0,68398231.0,False,True,True,False,False,False,False,False,False
Agent,Long Tap,claude no humanity,20251217_004511,3,Trip Planning,True,False,True,0.9999360254630549,0.9999360254630554,5000.0,5957152.0,1,0,0.0,94957.0,94957.0,0,0,0.0,,,False,False,False,False,False,False,False,False,False
Agent,Long Tap,claude no humanity,20251217_004746,3,Trip Planning,True,False,True,0.9999360254630549,0.9999360254630554,5000.0,5957152.0,1,0,0.0,73539.0,73539.0,0,0,0.0,,,False,False,False,False,False,False,False,False,False
Agent,Long Tap,claude no humanity,20251217_005016,3,Trip Planning,True,True,True,1.0224017808725083,0.9999360254630554,5000.0,5957152.0,7,0,0.0,62936.0,81270.0,7,7,1.0,67961663.0,60943008.0,False,True,True,False,True,True,False,True,True
Agent,Long Tap,claude no humanity,20251217_010027,1,Shopping,True,False,True,0.9999360254630548,0.9999360254630554,5000.0,6008676.0,7,0,0.0,65034.0,69917.0,6,6,1.0,129336316.0,67683860.5,False,True,True,False,True,True,False,True,True
Agent,Long Tap,claude no humanity,20251217_011115,1,Shopping,True,False,True,0.9999360254630549,0.9999360254630554,5000.0,6008676.0,1,0,0.0,96391.0,96391.0,0,0,0.0,,,False,False,False,False,False,False,False,False,False
Agent,Long Tap,claude no humanity,20251217_011340,1,Shopping,True,True,True,1.1715059102988215,0.9999360254630554,5000.0,6008676.0,5,0,0.0,77036.0,84279.0,5,5,1.0,94937972.0,65937862.0,False,True,True,False,True,True,False,True,True
Agent,Long Tap,claude no humanity,20251217_012256,1,Shopping,True,False,True,0.9999360254630549,0.9999360254630554,5000.0,6008676.0,5,0,0.0,67287.0,77203.0,4,4,1.0,65830750.0,60679647.0,False,True,True,False,True,True,False,True,True
Agent,Long Tap,claude no humanity,20251217_013032,1,Shopping,True,False,True,0.9999360254630549,0.9999360254630554,5000.0,6008676.0,1,0,0.0,97942.0,97942.0,0,0,0.0,,,False,False,False,False,False,False,False,False,False
Agent,Long Tap,claude no humanity,20251217_013307,1,Shopping,True,True,True,1.0228695822021554,0.9999360254630554,5000.0,6008676.0,25,0,0.0,67310.0,79496.0,25,25,1.0,111831506.0,66374698.0,False,True,True,False,True,True,False,True,True
Agent,Long Tap,claude no humanity,20251217_020420,1,Shopping,True,False,True,0.9999360254630549,0.9999360254630554,5000.0,6008676.0,1,0,0.0,72199.0,72199.0,0,0,0.0,,,False,False,False,False,False,False,False,False,False
Agent,Long Tap,claude no humanity,20251217_020925,1,Shopping,True,False,True,0.9999360254630549,0.9999360254630554,5000.0,6008676.0,4,0,0.0,67628.0,68397.0,3,3,1.0,71888407.0,68638869.0,False,True,True,False,True,True,False,True,True
Agent,Long Tap,claude no humanity,20251217_021536,1,Shopping,True,False,True,0.9999360254630549,0.9999360254630554,5000.0,6008676.0,1,0,0.0,75728.0,75728.0,0,0,0.0,,,False,False,False,False,False,False,False,False,False
Agent,Long Tap,claude no humanity,20251217_021840,4,Office & Learning,True,False,True,0.9999360254630549,0.9999360254630554,5000.0,5670071.0,2,0,0.0,76729.0,78772.5,1,1,1.0,49767966.0,49767966.0,False,True,True,False,False,False,False,False,False
Agent,Long Tap,claude no humanity,20251217_022148,4,Office & Learning,True,False,True,0.9999360254630549,0.9999360254630554,5000.0,5670071.0,26,0,0.0,61340.0,79810.0,25,25,1.0,136894347.0,60594527.0,False,True,True,False,True,True,False,True,True
Agent,Long Tap,claude no humanity,20251217_025259,4,Office & Learning,True,True,True,1.035449627826076,0.9999360254630554,5000.0,5670071.0,23,0,0.0,64290.0,81895.0,24,24,1.0,121498505.0,58115660.0,False,True,True,False,True,True,False,True,True
Agent,Long Tap,claude no humanity,20251217_032410,4,Office & Learning,True,True,True,1.1886390236759905,0.9999360254630554,5000.0,5670071.0,4,0,0.0,63489.0,87019.0,4,4,1.0,93381196.0,61336147.5,False,True,True,False,True,True,False,True,True
Agent,Long Tap,claude no humanity,20251217_033106,4,Office & Learning,True,True,True,1.1378692910045303,0.9999360254630554,5000.0,5670071.0,19,0,0.0,67724.0,80497.0,23,23,1.0,121032144.0,60681230.0,False,True,True,False,True,True,False,True,True
Agent,Long Tap,claude no humanity,20251217_035845,4,Office & Learning,True,True,True,1.0476946483476988,0.9999360254630554,5000.0,5670071.0,9,0,0.0,63697.0,76890.0,9,9,1.0,135379840.0,64720879.0,False,True,True,False,True,True,False,True,True
Agent,Long Tap,claude no humanity,20251217_041137,0,Social Media,True,False,True,0.9999360254630548,0.9999360254630554,5000.0,6311961.0,6,0,0.0,68270.0,74819.5,5,5,1.0,57948871.0,53558124.0,False,True,True,False,True,True,False,True,True
Agent,Long Tap,claude no humanity,20251217_041808,0,Social Media,True,True,True,1.0771204475989387,0.9999360254630554,5000.0,6311961.0,7,0,0.0,75836.0,79839.0,7,7,1.0,121307513.0,61842132.0,False,True,True,False,True,True,False,True,True
Agent,Long Tap,claude no humanity,20251217_042915,0,Social Media,True,True,True,1.045123564364286,0.9999360254630554,5000.0,6311961.0,21,0,0.0,61498.0,78954.0,21,21,1.0,136926692.0,62550187.0,False,True,True,False,True,True,False,True,True
Agent,Long Tap,claude no humanity,20251217_050027,0,Social Media,True,True,True,1.3389636201469208,0.9999360254630554,5000.0,6311961.0,2,0,0.0,57942.0,72446.5,3,3,1.0,70783427.0,63508013.0,False,True,True,False,True,True,False,True,True
Agent,Long Tap,claude no humanity,20251217_050723,0,Social Media,True,True,True,1.0641861363422147,0.9999360254630554,5000.0,6311961.0,16,0,0.0,67773.0,81643.5,17,17,1.0,317977155.0,67065206.0,False,True,True,False,True,True,False,True,True
Agent,Long Tap,claude no humanity,20251217_053836,0,Social Media,True,True,True,1.0667002413403148,0.9999360254630554,5000.0,6311961.0,20,0,0.0,58881.0,77028.5,21,21,1.0,159539950.0,69423458.0,False,True,True,False,True,True,False,True,True
Agent,Long Tap,claude no humanity,20251217_060948,0,Social Media,True,False,True,0.9999360254630548,0.9999360254630554,5000.0,6311961.0,6,0,0.0,83920.0,88150.5,5,5,1.0,120621557.0,58354996.0,False,True,True,False,True,True,False,True,True
Agent,Long Tap,claude no humanity,20251217_061854,0,Social Media,True,True,True,1.0318139873915582,0.9999360254630554,5000.0,6311961.0,24,0,0.0,54738.0,77323.0,24,24,1.0,140851394.0,63018419.5,False,True,True,False,True,True,False,True,True
Agent,Long Tap,claude no humanity,20251217_065005,0,Social Media,True,True,True,1.2618788584736405,0.9999360254630554,5000.0,6311961.0,9,0,0.0,71733.0,81309.0,26,26,1.0,107596009.0,65136002.0,False,True,True,False,True,True,False,True,True
Agent,Long Tap,claude no humanity,20251217_072117,0,Social Media,True,False,True,0.9999360254630549,0.9999360254630554,5000.0,6311961.0,4,0,0.0,58790.0,80745.5,3,3,1.0,59690899.0,59198650.0,False,True,True,False,True,True,False,True,True
Agent,Long Tap,claude no humanity,20251217_072723,0,Social Media,True,False,True,0.999936025463055,0.9999360254630554,5000.0,6311961.0,10,0,0.0,70599.0,87069.0,9,9,1.0,115600632.0,60107322.0,False,True,True,False,True,True,False,True,True
Agent,Long Tap,claude no humanity,20251217_074019,0,Social Media,True,True,True,1.1009763618782114,0.9999360254630554,5000.0,6311961.0,10,0,0.0,66863.0,85291.5,10,10,1.0,91055028.0,61916630.5,False,True,True,False,True,True,False,True,True
Agent,Long Tap,claude no humanity,20251217_075326,0,Social Media,True,False,True,0.9999360254630549,0.9999360254630554,5000.0,6311961.0,2,0,0.0,77027.0,80590.0,1,1,1.0,62676554.0,62676554.0,False,True,True,False,False,False,False,False,False
Agent,Long Tap,claude no humanity,20251217_075721,0,Social Media,True,False,True,0.999936025463055,0.9999360254630554,5000.0,6311961.0,3,0,0.0,66097.0,75483.0,2,2,1.0,79338536.0,77555539.0,False,True,True,False,True,True,False,False,False
Agent,Long Tap,claude no humanity,20251217_080232,0,Social Media,True,False,True,0.9999360254630549,0.9999360254630554,5000.0,6311961.0,5,0,0.0,78162.0,85225.0,4,4,1.0,107207286.0,72539345.0,False,True,True,False,True,True,False,True,True
Agent,Long Tap,claude no humanity,20251217_081103,0,Social Media,True,False,True,0.9999360254630549,0.9999360254630554,5000.0,6311961.0,1,0,0.0,75124.0,75124.0,0,0,0.0,,,False,False,False,False,False,False,False,False,False
Agent,Long Tap,claude no humanity,20251217_081323,0,Social Media,True,False,True,0.9999360254630549,0.9999360254630554,5000.0,6311961.0,1,0,0.0,101784.0,101784.0,0,0,0.0,,,False,False,False,False,False,False,False,False,False
Agent,Long Tap,claude no humanity,20251217_081548,0,Social Media,True,False,True,0.9999360254630549,0.9999360254630554,5000.0,6311961.0,8,0,0.0,70701.0,82359.5,7,7,1.0,67338662.0,62861701.0,False,True,True,False,True,True,False,True,True
Agent,Long Tap,claude no humanity,20251217_082550,4,Office & Learning,True,False,True,0.9999360254630549,0.9999360254630554,5000.0,5670071.0,4,0,0.0,69553.0,79497.0,3,3,1.0,108434177.0,74452605.0,False,True,True,False,True,True,False,True,True
Agent,Long Tap,claude no humanity,20251217_083225,4,Office & Learning,True,True,True,1.1355200672128976,0.9999360254630554,5000.0,5670071.0,8,0,0.0,73041.0,84195.0,9,9,1.0,120561105.0,71928566.0,False,True,True,False,True,True,False,True,True
Agent,Long Tap,claude no humanity,20251217_084622,4,Office & Learning,True,True,True,1.0639522560568555,0.9999360254630554,5000.0,5670071.0,21,0,0.0,66010.0,83529.0,23,23,1.0,135224805.0,67385798.0,False,True,True,False,True,True,False,True,True
Agent,Long Tap,claude no humanity,20251217_091557,0,Social Media,True,False,True,0.9999360254630549,0.9999360254630554,5000.0,6311961.0,2,0,0.0,69659.0,71833.0,1,1,1.0,58162064.0,58162064.0,False,True,True,False,False,False,False,False,False
Agent,Long Tap,claude no humanity,20251217_091917,0,Social Media,True,True,True,1.0870075580686638,0.9999360254630554,5000.0,6311961.0,9,0,0.0,61088.0,78446.0,9,9,1.0,121889495.0,62825622.0,False,True,True,False,True,True,False,True,True
Agent,Long Tap,claude no humanity,20251217_093321,0,Social Media,True,False,True,0.9999360254630549,0.9999360254630554,5000.0,6311961.0,1,0,0.0,83781.0,83781.0,0,0,0.0,,,False,False,False,False,False,False,False,False,False
Agent,Long Tap,claude no humanity,20251217_093606,0,Social Media,True,False,True,0.999936025463055,0.9999360254630554,5000.0,6311961.0,3,0,0.0,68418.0,79783.0,2,2,1.0,120946836.0,93213607.5,False,True,True,False,True,True,False,False,False
Agent,Long Tap,cpm_gui_agent raw,20251214_160137,2,Video Streaming,True,False,True,1.0000506441079473,1.0000506441079475,5000.0,5927296.0,2,0,0.0,79548.0,85916.5,1,1,1.0,6509352.0,6509352.0,False,True,True,False,False,False,False,False,False
Agent,Long Tap,cpm_gui_agent raw,20251214_160317,2,Video Streaming,False,False,False,1.0000506441079473,1.0000506441079475,5000.0,5927296.0,7,0,0.0,59487.0,76315.0,6,4,0.6666666666666666,14782287.0,6551820.5,False,True,True,False,True,True,False,True,True
Agent,Long Tap,cpm_gui_agent raw,20251214_160512,2,Video Streaming,True,False,True,-0.026275293927933152,1.0000506441079475,5000.0,5927296.0,3,0,0.0,71019.0,71590.0,6,4,0.6666666666666666,6653995.0,6053584.5,False,True,True,False,True,True,False,True,True
Agent,Long Tap,cpm_gui_agent raw,20251214_160652,2,Video Streaming,False,False,False,0.05281948424013825,1.0000506441079475,5000.0,5927296.0,3,0,0.0,73414.0,82890.0,5,5,1.0,14117405.0,6551468.0,False,True,True,False,True,True,False,True,True
Agent,Long Tap,cpm_gui_agent raw,20251214_160832,2,Video Streaming,False,False,False,1.0000506441079473,1.0000506441079475,5000.0,5927296.0,6,0,0.0,72060.0,79659.5,5,5,1.0,17032306.0,7523939.0,False,True,True,False,True,True,False,True,True
Agent,Long Tap,cpm_gui_agent raw,20251214_161022,2,Video Streaming,True,False,True,0.8248949762472096,1.0000506441079475,5000.0,5927296.0,11,0,0.0,73241.0,79543.0,11,7,0.6363636363636364,6209186.0,6086092.0,False,True,True,False,True,True,False,True,True
Agent,Long Tap,cpm_gui_agent raw,20251214_161232,2,Video Streaming,True,False,True,-0.12725548713698817,1.0000506441079475,5000.0,5927296.0,3,0,0.0,81313.0,87797.0,6,5,0.8333333333333334,6392627.0,6233383.0,False,True,True,False,True,True,False,True,True
Agent,Long Tap,cpm_gui_agent raw,20251214_161412,2,Video Streaming,True,False,True,-0.49011615182595475,1.0000506441079475,5000.0,5927296.0,2,0,0.0,79582.0,81801.0,10,6,0.6,6345457.0,5991011.5,False,True,True,False,True,True,False,True,True
Agent,Long Tap,cpm_gui_agent raw,20251214_161617,1,Shopping,True,False,True,1.0000506441079473,1.0000506441079475,5000.0,6008676.0,4,0,0.0,76626.0,80056.5,3,2,0.6666666666666666,6448994.0,6132852.0,False,True,True,False,True,True,False,False,False
Agent,Long Tap,cpm_gui_agent raw,20251214_161737,1,Shopping,False,False,False,1.0000506441079473,1.0000506441079475,5000.0,6008676.0,8,0,0.0,71045.0,77802.5,7,3,0.42857142857142855,17885049.0,5803854.0,False,True,True,False,True,True,False,True,True
Agent,Long Tap,cpm_gui_agent raw,20251214_162042,3,Trip Planning,True,False,True,1.0000506441079473,1.0000506441079475,5000.0,5957152.0,2,0,0.0,97480.0,98602.0,1,1,1.0,12697699.0,12697699.0,False,True,True,False,False,False,False,False,False
Agent,Long Tap,cpm_gui_agent raw,20251214_162156,3,Trip Planning,False,False,False,1.0000506441079473,1.0000506441079475,5000.0,5957152.0,4,0,0.0,72051.0,82465.0,3,2,0.6666666666666666,12593750.0,6657407.0,False,True,True,False,True,True,False,False,False
Agent,Long Tap,cpm_gui_agent raw,20251214_162321,3,Trip Planning,False,False,False,1.0000506441079473,1.0000506441079475,5000.0,5957152.0,9,0,0.0,66853.0,75751.0,8,6,0.75,12940629.0,6075799.0,False,True,True,False,True,True,False,True,True
Agent,Long Tap,cpm_gui_agent raw,20251214_162516,3,Trip Planning,True,False,True,1.0000506441079473,1.0000506441079475,5000.0,5957152.0,2,0,0.0,75357.0,84188.0,1,1,1.0,12759395.0,12759395.0,False,True,True,False,False,False,False,False,False
Agent,Long Tap,cpm_gui_agent raw,20251214_162631,3,Trip Planning,False,False,False,1.0000506441079473,1.0000506441079475,5000.0,5957152.0,5,0,0.0,60521.0,80378.0,4,2,0.5,12714618.0,6310636.0,False,True,True,False,True,True,False,False,False
Agent,Long Tap,cpm_gui_agent raw,20251214_162801,3,Trip Planning,False,False,False,1.0000506441079473,1.0000506441079475,5000.0,5957152.0,10,0,0.0,56476.0,75604.5,9,6,0.6666666666666666,12972162.0,6378195.0,False,True,True,False,True,True,False,True,True
Agent,Long Tap,cpm_gui_agent raw,20251214_163001,3,Trip Planning,False,False,False,0.7141521917480936,1.0000506441079475,5000.0,5957152.0,5,0,0.0,75206.0,87918.0,5,5,1.0,13149566.0,6780066.0,False,True,True,False,True,True,False,True,True
Agent,Long Tap,cpm_gui_agent raw,20251214_163141,3,Trip Planning,False,False,False,1.0000506441079473,1.0000506441079475,5000.0,5957152.0,6,0,0.0,74732.0,83657.5,5,4,0.8,13463880.0,6709972.0,False,True,True,False,True,True,False,True,True
Agent,Long Tap,cpm_gui_agent raw,20251214_163326,3,Trip Planning,False,False,False,0.7318923616715112,1.0000506441079475,5000.0,5957152.0,14,0,0.0,67960.0,81973.5,15,14,0.9333333333333333,15067061.0,6938763.0,False,True,True,False,True,True,False,True,True
Agent,Long Tap,cpm_gui_agent raw,20251214_163622,3,Trip Planning,True,False,True,0.9936878713513108,1.0000506441079475,5000.0,5957152.0,264,0,0.0,46376.0,78991.0,264,261,0.9886363636363636,11894377.0,6587856.5,False,True,True,False,True,True,False,True,True
Agent,Long Tap,cpm_gui_agent raw,20251214_170636,3,Trip Planning,True,False,True,0.9933853641605199,1.0000506441079475,5000.0,5957152.0,307,0,0.0,55898.0,80322.0,307,88,0.28664495114006516,17765933.0,5816131.0,False,True,True,False,True,True,False,True,True
Agent,Long Tap,cpm_gui_agent raw,20251214_173748,3,Trip Planning,True,False,True,1.0000506441079473,1.0000506441079475,5000.0,5957152.0,218,0,0.0,47678.0,81221.5,217,60,0.2764976958525346,17801881.0,5897815.0,False,True,True,False,True,True,False,True,True
Agent,Long Tap,cpm_gui_agent raw,20251214_180022,3,Trip Planning,True,False,True,0.8195607795732741,1.0000506441079475,5000.0,5957152.0,17,0,0.0,60808.0,79168.0,18,17,0.9444444444444444,10538984.0,6354993.5,False,True,True,False,True,True,False,True,True
Agent,Long Tap,cpm_gui_agent raw,20251214_180435,3,Trip Planning,True,False,True,1.0000506441079473,1.0000506441079475,5000.0,5957152.0,13,0,0.0,68339.0,78507.0,12,6,0.5,6673107.0,5963696.5,False,True,True,False,True,True,False,True,True
Agent,Long Tap,cpm_gui_agent raw,20251214_180650,4,Office & Learning,True,False,True,1.0000506441079473,1.0000506441079475,5000.0,5670071.0,4,0,0.0,60601.0,68543.5,3,3,1.0,6369036.0,6150035.0,False,True,True,False,True,True,False,True,True
Agent,Long Tap,cpm_gui_agent raw,20251214_180810,4,Office & Learning,True,False,True,1.0000506441079473,1.0000506441079475,5000.0,5670071.0,3,0,0.0,77710.0,79751.0,2,2,1.0,6327241.0,6139714.0,False,True,True,False,True,True,False,False,False
Agent,Long Tap,cpm_gui_agent raw,20251214_180925,4,Office & Learning,True,False,True,1.0000506441079473,1.0000506441079475,5000.0,5670071.0,19,0,0.0,54986.0,78742.0,18,15,0.8333333333333334,6967807.0,5984206.0,False,True,True,False,True,True,False,True,True
Agent,Long Tap,cpm_gui_agent raw,20251214_181215,4,Office & Learning,True,False,True,1.0000506441079473,1.0000506441079475,5000.0,5670071.0,3,0,0.0,68299.0,77107.0,2,2,1.0,6462823.0,6193521.5,False,True,True,False,True,True,False,False,False
Agent,Long Tap,cpm_gui_agent raw,20251214_181330,4,Office & Learning,False,False,False,1.0000506441079473,1.0000506441079475,5000.0,5670071.0,8,0,0.0,76798.0,85413.0,7,2,0.2857142857142857,13362600.0,5515231.0,False,True,True,False,True,True,False,False,False
Agent,Long Tap,cpm_gui_agent raw,20251214_181625,1,Shopping,False,False,False,1.0000506441079473,1.0000506441079475,5000.0,6008676.0,5,0,0.0,70605.0,79845.0,4,4,1.0,15942865.0,6945310.5,False,True,True,False,True,True,False,True,True
Agent,Long Tap,cpm_gui_agent raw,20251214_181806,1,Shopping,False,False,False,0.6948717544322118,1.0000506441079475,5000.0,6008676.0,5,0,0.0,67260.0,79284.0,5,5,1.0,14862735.0,7337530.0,False,True,True,False,True,True,False,True,True
Agent,Long Tap,cpm_gui_agent raw,20251214_181951,1,Shopping,True,False,True,0.9161811567376754,1.0000506441079475,5000.0,6008676.0,36,0,0.0,63241.0,81486.0,37,35,0.9459459459459459,15111493.0,8019049.0,False,True,True,False,True,True,False,True,True
Agent,Long Tap,cpm_gui_agent raw,20251214_182557,1,Shopping,True,False,True,1.0000506441079473,1.0000506441079475,5000.0,6008676.0,1,0,0.0,90358.0,90358.0,0,0,0.0,,,False,False,False,False,False,False,False,False,False
Agent,Long Tap,cpm_gui_agent raw,20251214_182707,1,Shopping,True,False,True,1.0000506441079473,1.0000506441079475,5000.0,6008676.0,2,0,0.0,72219.0,83375.0,1,1,1.0,6768872.0,6768872.0,False,True,True,False,False,False,False,False,False
Agent,Long Tap,cpm_gui_agent raw,20251214_182931,1,Shopping,True,False,True,1.0000506441079473,1.0000506441079475,5000.0,6008676.0,2,0,0.0,75187.0,78510.0,1,0,0.0,5722238.0,5722238.0,False,False,False,False,False,False,False,False,False
Agent,Long Tap,cpm_gui_agent raw,20251214_183041,1,Shopping,False,False,False,0.8425127762730908,1.0000506441079475,5000.0,6008676.0,7,0,0.0,56639.0,82669.0,7,7,1.0,8097513.0,7010054.0,False,True,True,False,True,True,False,True,True
Agent,Long Tap,cpm_gui_agent raw,20251214_183233,1,Shopping,True,False,True,1.0000506441079473,1.0000506441079475,5000.0,6008676.0,1,0,0.0,83176.0,83176.0,0,0,0.0,,,False,False,False,False,False,False,False,False,False
Agent,Long Tap,cpm_gui_agent raw,20251214_183343,3,Trip Planning,False,False,False,1.0000506441079473,1.0000506441079475,5000.0,5957152.0,11,0,0.0,60829.0,75242.0,10,7,0.7,15778509.0,6799418.5,False,True,True,False,True,True,False,True,True
Agent,Long Tap,cpm_gui_agent raw,20251214_183608,3,Trip Planning,True,False,True,1.0000506441079473,1.0000506441079475,5000.0,5957152.0,10,0,0.0,68477.0,77573.5,9,5,0.5555555555555556,6801794.0,6296060.0,False,True,True,False,True,True,False,True,True
Agent,Long Tap,cpm_gui_agent raw,20251214_183808,3,Trip Planning,True,False,True,0.9887783961625399,1.0000506441079475,5000.0,5957152.0,160,0,0.0,53628.0,79566.0,160,142,0.8875,7204530.0,6380585.0,False,True,True,False,True,True,False,True,True
Agent,Long Tap,cpm_gui_agent raw,20251214_185715,3,Trip Planning,True,False,True,1.0000506441079473,1.0000506441079475,5000.0,5957152.0,10,0,0.0,65626.0,76986.5,9,7,0.7777777777777778,6798805.0,6084153.0,False,True,True,False,True,True,False,True,True
Agent,Long Tap,cpm_gui_agent raw,20251214_185915,3,Trip Planning,True,False,True,0.9829993678687682,1.0000506441079475,5000.0,5957152.0,97,0,0.0,51096.0,78067.0,97,41,0.422680412371134,7129746.0,5893599.0,False,True,True,False,True,True,False,True,True
Agent,Long Tap,cpm_gui_agent raw,20251214_190957,1,Shopping,False,False,False,1.0000506441079473,1.0000506441079475,5000.0,6008676.0,3,0,0.0,65416.0,74735.0,2,2,1.0,19250984.0,13134601.5,False,True,True,False,True,True,False,False,False
Agent,Long Tap,cpm_gui_agent raw,20251214_191126,1,Shopping,False,False,False,0.38898674854244253,1.0000506441079475,5000.0,6008676.0,4,0,0.0,55853.0,68167.0,5,5,1.0,17526464.0,7352919.0,False,True,True,False,True,True,False,True,True
Agent,Long Tap,cpm_gui_agent raw,20251214_191317,1,Shopping,True,False,True,0.4655782490248812,1.0000506441079475,5000.0,6008676.0,17,0,0.0,63374.0,76204.0,24,23,0.9583333333333334,16923664.0,7101784.5,False,True,True,False,True,True,False,True,True
Agent,Long Tap,cpm_gui_agent raw,20251214_191717,1,Shopping,True,False,True,1.0000506441079473,1.0000506441079475,5000.0,6008676.0,2,0,0.0,76217.0,83479.0,1,1,1.0,15666549.0,15666549.0,False,True,True,False,False,False,False,False,False
Agent,Long Tap,cpm_gui_agent raw,20251214_191837,1,Shopping,True,False,True,1.0000506441079473,1.0000506441079475,5000.0,6008676.0,172,0,0.0,56633.0,80287.5,171,171,1.0,17680992.0,6759089.0,False,True,True,False,True,True,False,True,True
Agent,Long Tap,cpm_gui_agent raw,20251214_193910,1,Shopping,True,False,True,1.0000506441079473,1.0000506441079475,5000.0,6008676.0,137,0,0.0,57446.0,79427.0,136,125,0.9191176470588235,18208168.0,6497538.0,False,True,True,False,True,True,False,True,True
Agent,Long Tap,cpm_gui_agent raw,20251214_195507,1,Shopping,True,False,True,1.0000506441079473,1.0000506441079475,5000.0,6008676.0,2,0,0.0,78377.0,81290.0,1,1,1.0,16696938.0,16696938.0,False,True,True,False,False,False,False,False,False
Agent,Long Tap,cpm_gui_agent raw,20251214_195627,1,Shopping,False,False,False,1.0000506441079473,1.0000506441079475,5000.0,6008676.0,9,0,0.0,52855.0,76786.0,8,6,0.75,16678479.0,6610337.5,False,True,True,False,True,True,False,True,True
Agent,Long Tap,cpm_gui_agent raw,20251214_195832,1,Shopping,True,False,True,1.0000506441079473,1.0000506441079475,5000.0,6008676.0,232,0,0.0,50682.0,78313.5,231,229,0.9913419913419913,16243771.0,6469914.0,False,True,True,False,True,True,False,True,True
Agent,Long Tap,cpm_gui_agent raw,20251214_202449,4,Office & Learning,True,False,True,1.0000506441079473,1.0000506441079475,5000.0,5670071.0,2,0,0.0,78483.0,82676.5,1,1,1.0,5727643.0,5727643.0,False,True,True,False,False,False,False,False,False
Agent,Long Tap,cpm_gui_agent raw,20251214_202549,4,Office & Learning,True,False,True,1.0000506441079473,1.0000506441079475,5000.0,5670071.0,4,0,0.0,65411.0,80989.0,3,1,0.3333333333333333,6060626.0,5588238.0,False,True,True,False,False,False,False,False,False
Agent,Long Tap,cpm_gui_agent raw,20251214_202714,4,Office & Learning,True,False,True,1.0000506441079473,1.0000506441079475,5000.0,5670071.0,321,0,0.0,48732.0,80617.0,320,146,0.45625,6803485.0,5634406.0,False,True,True,False,True,True,False,True,True
Agent,Long Tap,cpm_gui_agent raw,20251214_205825,4,Office & Learning,True,False,True,0.6491599087221952,1.0000506441079475,5000.0,5670071.0,8,0,0.0,68772.0,81591.0,9,7,0.7777777777777778,6239071.0,5798220.0,False,True,True,False,True,True,False,True,True
Agent,Long Tap,cpm_gui_agent raw,20251214_210020,4,Office & Learning,True,False,True,-0.658514744826349,1.0000506441079475,5000.0,5670071.0,22,0,0.0,62848.0,83648.0,128,123,0.9609375,6615758.0,5959656.5,False,True,True,False,True,True,False,True,True
Agent,Long Tap,cpm_gui_agent raw,20251214_211432,4,Office & Learning,True,False,True,0.24755069460270582,1.0000506441079475,5000.0,5670071.0,11,0,0.0,66209.0,78250.0,17,15,0.8823529411764706,6451887.0,6141310.0,False,True,True,False,True,True,False,True,True
Agent,Long Tap,cpm_gui_agent raw,20251214_211827,0,Social Media,False,False,False,1.0000506441079473,1.0000506441079475,5000.0,6311961.0,3,0,0.0,70903.0,77345.0,2,1,0.5,14508631.0,10167179.5,False,True,True,False,False,False,False,False,False
Agent,Long Tap,cpm_gui_agent raw,20251214_212427,0,Social Media,False,False,False,1.0000506441079473,1.0000506441079475,5000.0,6311961.0,5,0,0.0,74206.0,76085.0,4,3,0.75,16145611.0,6512106.5,False,True,True,False,True,True,False,True,True
Agent,Long Tap,cpm_gui_agent raw,20251214_212602,0,Social Media,False,False,False,1.0000506441079473,1.0000506441079475,5000.0,6311961.0,5,0,0.0,71147.0,87083.0,4,2,0.5,14815394.0,6206621.5,False,True,True,False,True,True,False,False,False
Agent,Long Tap,cpm_gui_agent raw,20251214_212737,0,Social Media,False,False,False,0.9099044204807611,1.0000506441079475,5000.0,6311961.0,15,0,0.0,54983.0,75519.0,15,5,0.3333333333333333,18214497.0,6028720.0,False,True,True,False,True,True,False,True,True
Agent,Long Tap,cpm_gui_agent raw,20251214_213033,0,Social Media,False,False,False,1.0000506441079473,1.0000506441079475,5000.0,6311961.0,3,0,0.0,63077.0,74266.0,2,1,0.5,14689062.0,10410753.5,False,True,True,False,False,False,False,False,False
Agent,Long Tap,cpm_gui_agent raw,20251214_213152,0,Social Media,True,False,True,1.0000506441079473,1.0000506441079475,5000.0,6311961.0,2,0,0.0,81903.0,82722.5,1,1,1.0,6477033.0,6477033.0,False,True,True,False,False,False,False,False,False
Agent,Long Tap,cpm_gui_agent raw,20251214_213307,0,Social Media,False,False,False,0.7862789775172838,1.0000506441079475,5000.0,6311961.0,8,0,0.0,62168.0,78786.5,8,5,0.625,20762515.0,6558201.0,False,True,True,False,True,True,False,True,True
Agent,Long Tap,cpm_gui_agent raw,20251214_213522,0,Social Media,True,False,True,1.0000506441079473,1.0000506441079475,5000.0,6311961.0,2,0,0.0,66913.0,72978.0,1,1,1.0,15143137.0,15143137.0,False,True,True,False,False,False,False,False,False
Agent,Long Tap,cpm_gui_agent raw,20251214_213642,0,Social Media,True,False,True,1.0000506441079473,1.0000506441079475,5000.0,6311961.0,3,0,0.0,68661.0,81428.0,2,2,1.0,14393954.0,10614587.0,False,True,True,False,True,True,False,False,False
Agent,Long Tap,cpm_gui_agent raw,20251214_213807,0,Social Media,True,False,True,1.000050644107947,1.0000506441079475,5000.0,6311961.0,43,0,0.0,61854.0,80340.0,42,40,0.9523809523809523,18875694.0,6755372.5,False,True,True,False,True,True,False,True,True
Agent,Long Tap,cpm_gui_agent raw,20251214_214413,0,Social Media,True,False,True,0.47846351984641394,1.0000506441079475,5000.0,6311961.0,2,0,0.0,69066.0,82132.0,2,2,1.0,7225159.0,7216247.0,False,True,True,False,True,True,False,False,False
Agent,Long Tap,cpm_gui_agent raw,20251214_214528,0,Social Media,True,False,True,0.6661313855182086,1.0000506441079475,5000.0,6311961.0,10,0,0.0,62071.0,75054.0,11,10,0.9090909090909091,8256795.0,7582757.0,False,True,True,False,True,True,False,True,True
Agent,Long Tap,cpm_gui_agent raw,20251214_214753,0,Social Media,True,False,True,1.0000506441079473,1.0000506441079475,5000.0,6311961.0,3,0,0.0,66008.0,77176.0,2,2,1.0,7918468.0,7740628.0,False,True,True,False,True,True,False,False,False
Agent,Long Tap,cpm_gui_agent raw,20251214_214913,4,Office & Learning,True,False,True,1.0000506441079473,1.0000506441079475,5000.0,5670071.0,1,0,0.0,79286.0,79286.0,0,0,0.0,,,False,False,False,False,False,False,False,False,False
Agent,Long Tap,cpm_gui_agent raw,20251214_215023,4,Office & Learning,False,False,False,1.0000506441079473,1.0000506441079475,5000.0,5670071.0,8,0,0.0,67856.0,85270.0,7,7,1.0,13007348.0,6753996.0,False,True,True,False,True,True,False,True,True
Agent,Long Tap,cpm_gui_agent raw,20251214_215218,4,Office & Learning,False,False,False,1.0000506441079473,1.0000506441079475,5000.0,5670071.0,6,0,0.0,57855.0,80789.5,5,4,0.8,12588666.0,6561236.0,False,True,True,False,True,True,False,True,True
Agent,Long Tap,cpm_gui_agent raw,20251214_215358,0,Social Media,True,False,True,0.8591735096554249,1.0000506441079475,5000.0,6311961.0,12,0,0.0,69928.0,83413.5,12,4,0.3333333333333333,114916674.0,5858859.0,False,True,True,False,True,True,False,True,True
Agent,Long Tap,cpm_gui_agent raw,20251214_215807,0,Social Media,True,False,True,1.0000506441079473,1.0000506441079475,5000.0,6311961.0,10,0,0.0,61220.0,74423.0,9,4,0.4444444444444444,6686688.0,6090131.0,False,True,True,False,True,True,False,True,True
Agent,Long Tap,cpm_gui_agent raw,20251214_220005,0,Social Media,True,False,True,1.0000506441079473,1.0000506441079475,5000.0,6311961.0,1,0,0.0,80796.0,80796.0,0,0,0.0,,,False,False,False,False,False,False,False,False,False
Agent,Long Tap,open_autoglm_agent_raw,20260204_135751,1,Shopping,False,False,False,0.9995329004256659,0.9995329004256664,5000.0,6008676.0,16,0,0.0,55922.0,78303.0,15,15,1.0,42520125.0,15863181.0,False,True,True,False,True,True,False,True,True
Agent,Long Tap,open_autoglm_agent_raw,20260204_141548,1,Shopping,True,True,True,1.0973906891251126,0.9995329004256664,5000.0,6008676.0,25,0,0.0,54428.0,79762.0,27,27,1.0,39044452.0,14802580.0,False,True,True,False,True,True,False,True,True
Agent,Long Tap,open_autoglm_agent_raw,20260204_153227,1,Shopping,False,True,True,1.0826825806276545,0.9995329004256664,5000.0,6008676.0,8,0,0.0,59030.0,80536.5,8,8,1.0,29797314.0,20734979.0,False,True,True,False,True,True,False,True,True
Agent,Long Tap,open_autoglm_agent_raw,20260204_151537,1,Shopping,True,False,True,0.9995329004256661,0.9995329004256664,5000.0,6008676.0,11,0,0.0,60115.0,79169.0,10,10,1.0,42014502.0,15761105.5,False,True,True,False,True,True,False,True,True
Agent,Long Tap,open_autoglm_agent_raw,20260204_152026,1,Shopping,False,False,False,0.9995329004256661,0.9995329004256664,5000.0,6008676.0,11,0,0.0,63398.0,75666.0,10,10,1.0,48653987.0,14758857.5,False,True,True,False,True,True,False,True,True
Agent,Long Tap,open_autoglm_agent_raw,20260204_153703,1,Shopping,False,False,False,0.9995329004256659,0.9995329004256664,5000.0,6008676.0,8,0,0.0,63943.0,77694.5,7,7,1.0,31183912.0,15626168.0,False,True,True,False,True,True,False,True,True
Agent,Long Tap,open_autoglm_agent_raw,20260204_154027,1,Shopping,True,True,True,1.282932926152767,0.9995329004256664,5000.0,6008676.0,11,0,0.0,64833.0,80337.0,17,17,1.0,51303563.0,13937251.0,False,True,True,False,True,True,False,True,True
Agent,Long Tap,open_autoglm_agent_raw,20260204_154707,1,Shopping,False,False,False,0.9995329004256661,0.9995329004256664,5000.0,6008676.0,11,0,0.0,55967.0,81080.0,10,10,1.0,39033864.0,15706368.0,False,True,True,False,True,True,False,True,True
Agent,Long Tap,open_autoglm_agent_raw,20260204_155154,3,Trip Planning,True,True,True,1.2947821352272655,0.9995329004256664,5000.0,5957152.0,7,0,0.0,70891.0,82432.0,12,12,1.0,38654644.0,23345289.5,False,True,True,False,True,True,False,True,True
Agent,Long Tap,open_autoglm_agent_raw,20260204_155957,3,Trip Planning,True,False,True,0.9995329004256661,0.9995329004256664,5000.0,5957152.0,20,0,0.0,55265.0,81242.5,19,19,1.0,152179215.0,17236041.0,False,True,True,False,True,True,False,True,True
Agent,Long Tap,open_autoglm_agent_raw,20260204_162915,3,Trip Planning,False,True,True,1.1327284634063186,0.9995329004256664,5000.0,5957152.0,18,0,0.0,70097.0,75424.0,21,21,1.0,41205537.0,15842938.0,False,True,True,False,True,True,False,True,True
Agent,Long Tap,open_autoglm_agent_raw,20260204_163830,3,Trip Planning,False,True,True,1.028322640452303,0.9995329004256664,5000.0,5957152.0,23,0,0.0,65482.0,83249.0,23,23,1.0,55432212.0,15923618.0,False,True,True,False,True,True,False,True,True
Agent,Long Tap,open_autoglm_agent_raw,20260204_164737,3,Trip Planning,True,True,True,1.1446249427064277,0.9995329004256664,5000.0,5957152.0,11,0,0.0,63405.0,81193.0,78,78,1.0,71249313.0,13132724.0,False,True,True,False,True,True,False,True,True
Agent,Long Tap,open_autoglm_agent_raw,20260204_171427,2,Video Streaming,False,False,False,0.9995329004256659,0.9995329004256664,5000.0,5927296.0,4,0,0.0,86427.0,91555.0,3,3,1.0,39094847.0,17003661.0,False,True,True,False,True,True,False,True,True
Agent,Long Tap,open_autoglm_agent_raw,20260204_171737,2,Video Streaming,False,False,False,0.9995329004256659,0.9995329004256664,5000.0,5927296.0,4,0,0.0,80108.0,81692.5,3,3,1.0,39115769.0,16018034.0,False,True,True,False,True,True,False,True,True
Agent,Long Tap,open_autoglm_agent_raw,20260204_172028,2,Video Streaming,False,False,False,0.9995329004256659,0.9995329004256664,5000.0,5927296.0,5,0,0.0,71259.0,76941.0,4,4,1.0,29468453.0,15561681.0,False,True,True,False,True,True,False,True,True
Agent,Long Tap,open_autoglm_agent_raw,20260204_172418,2,Video Streaming,True,True,True,1.3689278517162722,0.9995329004256664,5000.0,5927296.0,11,0,0.0,71653.0,79455.0,22,22,1.0,16090746.0,13584938.0,False,True,True,False,True,True,False,True,True
Agent,Long Tap,open_autoglm_agent_raw,20260204_173136,2,Video Streaming,False,False,False,0.9995329004256659,0.9995329004256664,5000.0,5927296.0,4,0,0.0,58975.0,68119.5,3,3,1.0,61173459.0,37593315.0,False,True,True,False,True,True,False,True,True
Agent,Long Tap,open_autoglm_agent_raw,20260204_173452,2,Video Streaming,True,True,True,1.4560146602540784,0.9995329004256664,5000.0,5927296.0,10,0,0.0,64049.0,81007.0,22,22,1.0,41950433.0,16262886.5,False,True,True,False,True,True,False,True,True
Agent,Long Tap,open_autoglm_agent_raw,20260204_174341,2,Video Streaming,True,True,True,1.0580114839288872,0.9995329004256664,5000.0,5927296.0,22,0,0.0,51083.0,86474.5,23,23,1.0,99650218.0,25337264.0,False,True,True,False,True,True,False,True,True
Agent,Long Tap,open_autoglm_agent_raw,20260204_181741,2,Video Streaming,True,True,True,1.2526019875192616,0.9995329004256664,5000.0,5927296.0,18,0,0.0,51167.0,74634.5,26,26,1.0,25453279.0,14858630.0,False,True,True,False,True,True,False,True,True
Agent,Long Tap,open_autoglm_agent_raw,20260204_182609,2,Video Streaming,True,True,True,1.0455287464097482,0.9995329004256664,5000.0,5927296.0,86,0,0.0,50971.0,81710.0,97,97,1.0,21801473.0,17016783.0,False,True,True,False,True,True,False,True,True
Agent,Long Tap,open_autoglm_agent_raw,20260204_185608,2,Video Streaming,True,True,True,1.1261134158385329,0.9995329004256664,5000.0,5927296.0,9,0,0.0,65336.0,83052.0,13,13,1.0,46899706.0,16329474.0,False,True,True,False,True,True,False,True,True
Agent,Long Tap,open_autoglm_agent_raw,20260204_190158,2,Video Streaming,True,False,True,0.9995329004256659,0.9995329004256664,5000.0,5927296.0,2,0,0.0,65637.0,66214.0,1,1,1.0,39603561.0,39603561.0,False,True,True,False,False,False,False,False,False
Agent,Long Tap,open_autoglm_agent_raw,20260204_190415,2,Video Streaming,False,False,False,0.9995329004256659,0.9995329004256664,5000.0,5927296.0,6,0,0.0,67642.0,78315.0,5,5,1.0,37958929.0,14076530.0,False,True,True,False,True,True,False,True,True
Agent,Long Tap,open_autoglm_agent_raw,20260204_190724,2,Video Streaming,False,False,False,0.9995329004256661,0.9995329004256664,5000.0,5927296.0,11,0,0.0,64433.0,77560.0,10,10,1.0,38905293.0,14397686.5,False,True,True,False,True,True,False,True,True
Agent,Long Tap,open_autoglm_agent_raw,20260204_191218,2,Video Streaming,True,True,True,1.5150846574044285,0.9995329004256664,5000.0,5927296.0,4,0,0.0,54447.0,64451.5,9,9,1.0,27428371.0,14771950.0,False,True,True,False,True,True,False,True,True
Agent,Long Tap,open_autoglm_agent_raw,20260204_191632,2,Video Streaming,True,True,True,1.027641984073791,0.9995329004256664,5000.0,5927296.0,95,0,0.0,56011.0,78834.0,99,99,1.0,16454223.0,14083911.0,False,True,True,False,True,True,False,True,True
Agent,Long Tap,open_autoglm_agent_raw,20260204_194134,2,Video Streaming,True,True,True,1.048877183626956,0.9995329004256664,5000.0,5927296.0,86,0,0.0,61800.0,80511.5,93,93,1.0,41562112.0,13978078.0,False,True,True,False,True,True,False,True,True
Agent,Long Tap,open_autoglm_agent_raw,20260204_200635,2,Video Streaming,True,False,True,0.9995329004256659,0.9995329004256664,5000.0,5927296.0,1,0,0.0,85201.0,85201.0,0,0,0.0,,,False,False,False,False,False,False,False,False,False
Agent,Long Tap,open_autoglm_agent_raw,20260204_200814,2,Video Streaming,True,False,True,0.9995329004256659,0.9995329004256664,5000.0,5927296.0,4,0,0.0,77072.0,81207.0,3,3,1.0,15373117.0,14072288.0,False,True,True,False,True,True,False,True,True
Agent,Long Tap,open_autoglm_agent_raw,20260204_201050,2,Video Streaming,True,True,True,1.1284831454097781,0.9995329004256664,5000.0,5927296.0,14,0,0.0,74674.0,83925.0,16,16,1.0,41987190.0,14547616.0,False,True,True,False,True,True,False,True,True
Agent,Long Tap,open_autoglm_agent_raw,20260204_201717,1,Shopping,True,False,True,0.9995329004256659,0.9995329004256664,5000.0,6008676.0,1,0,0.0,87050.0,87050.0,0,0,0.0,,,False,False,False,False,False,False,False,False,False
Agent,Long Tap,open_autoglm_agent_raw,20260204_201908,1,Shopping,True,False,True,0.9995329004256661,0.9995329004256664,5000.0,6008676.0,30,0,0.0,62618.0,79209.0,29,29,1.0,37888376.0,13440316.0,False,True,True,False,True,True,False,True,True
Agent,Long Tap,open_autoglm_agent_raw,20260204_202902,1,Shopping,True,True,True,1.0333260893330622,0.9995329004256664,5000.0,6008676.0,86,0,0.0,56743.0,81485.0,89,89,1.0,51733803.0,12810953.0,False,True,True,False,True,True,False,True,True
Agent,Long Tap,open_autoglm_agent_raw,20260204_205325,3,Trip Planning,True,False,True,0.9995329004256659,0.9995329004256664,5000.0,5957152.0,2,0,0.0,69643.0,84297.0,1,1,1.0,12958552.0,12958552.0,False,True,True,False,False,False,False,False,False
Agent,Long Tap,open_autoglm_agent_raw,20260204_205535,3,Trip Planning,False,False,False,0.9995329004256659,0.9995329004256664,5000.0,5957152.0,5,0,0.0,79131.0,82520.0,4,4,1.0,38806255.0,21769759.5,False,True,True,False,True,True,False,True,True
Agent,Long Tap,open_autoglm_agent_raw,20260204_205852,3,Trip Planning,True,False,True,0.9995329004256659,0.9995329004256664,5000.0,5957152.0,4,0,0.0,72336.0,77091.0,3,3,1.0,15342189.0,14939301.0,False,True,True,False,True,True,False,True,True
Agent,Long Tap,open_autoglm_agent_raw,20260204_210220,3,Trip Planning,True,False,True,0.9995329004256659,0.9995329004256664,5000.0,5957152.0,2,0,0.0,78780.0,85419.0,1,1,1.0,39928615.0,39928615.0,False,True,True,False,False,False,False,False,False
Agent,Long Tap,open_autoglm_agent_raw,20260204_210437,3,Trip Planning,False,False,False,0.9995329004256659,0.9995329004256664,5000.0,5957152.0,4,0,0.0,70386.0,82487.0,3,3,1.0,39315878.0,14736716.0,False,True,True,False,True,True,False,True,True
Agent,Long Tap,open_autoglm_agent_raw,20260204_210721,3,Trip Planning,True,True,True,1.009000082871629,0.9995329004256664,5000.0,5957152.0,97,0,0.0,52981.0,82346.0,97,97,1.0,39968552.0,13553286.0,False,True,True,False,True,True,False,True,True
Agent,Long Tap,open_autoglm_agent_raw,20260204_213130,3,Trip Planning,False,False,False,0.9995329004256659,0.9995329004256664,5000.0,5957152.0,5,0,0.0,75107.0,77312.0,4,4,1.0,27502885.0,14399987.5,False,True,True,False,True,True,False,True,True
Agent,Long Tap,open_autoglm_agent_raw,20260204_213426,3,Trip Planning,False,False,False,0.9995329004256659,0.9995329004256664,5000.0,5957152.0,6,0,0.0,53802.0,73431.0,5,5,1.0,38134381.0,13184552.0,False,True,True,False,True,True,False,True,True
Agent,Long Tap,open_autoglm_agent_raw,20260204_213710,3,Trip Planning,True,True,True,1.463182865125747,0.9995329004256664,5000.0,5957152.0,29,0,0.0,57329.0,78691.0,86,86,1.0,40168373.0,14302039.0,False,True,True,False,True,True,False,True,True
Agent,Long Tap,open_autoglm_agent_raw,20260204_220331,3,Trip Planning,True,False,True,0.9995329004256659,0.9995329004256664,5000.0,5957152.0,2,0,0.0,75267.0,80094.0,1,1,1.0,26654522.0,26654522.0,False,True,True,False,False,False,False,False,False
Agent,Long Tap,open_autoglm_agent_raw,20260204_220601,3,Trip Planning,False,True,True,1.0762098836901024,0.9995329004256664,5000.0,5957152.0,10,0,0.0,59358.0,78253.0,10,10,1.0,26757774.0,12935688.0,False,True,True,False,True,True,False,True,True
Agent,Long Tap,open_autoglm_agent_raw,20260204_221009,3,Trip Planning,True,True,True,1.0219674983909612,0.9995329004256664,5000.0,5957152.0,16,0,0.0,67860.0,79952.0,16,16,1.0,30494694.0,13797245.5,False,True,True,False,True,True,False,True,True
Agent,Long Tap,open_autoglm_agent_raw,20260204_221654,3,Trip Planning,True,False,True,0.9995329004256659,0.9995329004256664,5000.0,5957152.0,2,0,0.0,90842.0,94488.0,1,1,1.0,27750344.0,27750344.0,False,True,True,False,False,False,False,False,False
Agent,Long Tap,open_autoglm_agent_raw,20260204_221917,3,Trip Planning,False,False,False,0.9995329004256659,0.9995329004256664,5000.0,5957152.0,8,0,0.0,66730.0,78776.5,7,7,1.0,28867812.0,13816385.0,False,True,True,False,True,True,False,True,True
Agent,Long Tap,open_autoglm_agent_raw,20260204_222246,3,Trip Planning,False,True,True,1.0221583152314406,0.9995329004256664,5000.0,5957152.0,14,0,0.0,69878.0,87192.0,14,14,1.0,35288116.0,14540065.5,False,True,True,False,True,True,False,True,True
Agent,Long Tap,open_autoglm_agent_raw,20260204_222824,4,Office & Learning,True,False,True,0.9995329004256659,0.9995329004256664,5000.0,5670071.0,5,0,0.0,66957.0,83090.0,4,4,1.0,15411531.0,13311783.5,False,True,True,False,True,True,False,True,True
Agent,Long Tap,open_autoglm_agent_raw,20260204_223054,4,Office & Learning,True,True,True,1.5111706428963232,0.9995329004256664,5000.0,5670071.0,19,0,0.0,60905.0,81817.0,60,60,1.0,24917919.0,13740365.0,False,True,True,False,True,True,False,True,True
Agent,Long Tap,open_autoglm_agent_raw,20260204_224720,4,Office & Learning,True,True,True,1.3572735236473799,0.9995329004256664,5000.0,5670071.0,11,0,0.0,59081.0,79350.0,33,33,1.0,15465110.0,13612800.0,False,True,True,False,True,True,False,True,True
Agent,Long Tap,open_autoglm_agent_raw,20260204_225654,4,Office & Learning,True,False,True,0.9995329004256659,0.9995329004256664,5000.0,5670071.0,4,0,0.0,66256.0,70559.0,3,3,1.0,14304643.0,13948242.0,False,True,True,False,True,True,False,True,True
Agent,Long Tap,open_autoglm_agent_raw,20260204_225911,4,Office & Learning,True,False,True,0.9995329004256659,0.9995329004256664,5000.0,5670071.0,7,0,0.0,70421.0,85050.0,6,6,1.0,13259928.0,13172754.5,False,True,True,False,True,True,False,True,True
Agent,Long Tap,open_autoglm_agent_raw,20260204_230200,4,Office & Learning,True,False,True,0.9995329004256662,0.9995329004256664,5000.0,5670071.0,12,0,0.0,65300.0,82197.5,11,11,1.0,17307989.0,13808271.0,False,True,True,False,True,True,False,True,True
Agent,Long Tap,open_autoglm_agent_raw,20260204_230615,1,Shopping,False,False,False,0.9995329004256659,0.9995329004256664,5000.0,6008676.0,4,0,0.0,61186.0,74014.0,3,3,1.0,40759592.0,17152180.0,False,True,True,False,True,True,False,True,True
Agent,Long Tap,open_autoglm_agent_raw,20260204_230919,1,Shopping,False,True,True,1.2006692177897436,0.9995329004256664,5000.0,6008676.0,4,0,0.0,69282.0,82563.0,4,4,1.0,27608797.0,15369962.5,False,True,True,False,True,True,False,True,True
Agent,Long Tap,open_autoglm_agent_raw,20260204_235240,1,Shopping,True,False,True,0.9995329004256659,0.9995329004256664,5000.0,6008676.0,2,0,0.0,83131.0,90475.0,1,1,1.0,28252495.0,28252495.0,False,True,True,False,False,False,False,False,False
Agent,Long Tap,open_autoglm_agent_raw,20260204_235451,1,Shopping,False,True,True,1.222043418498072,0.9995329004256664,5000.0,6008676.0,6,0,0.0,58918.0,80915.5,8,8,1.0,40871370.0,21812456.0,False,True,True,False,True,True,False,True,True
Agent,Long Tap,open_autoglm_agent_raw,20260204_235945,1,Shopping,False,True,True,1.1493427950105886,0.9995329004256664,5000.0,6008676.0,10,0,0.0,64988.0,77704.5,13,13,1.0,44712280.0,14587647.0,False,True,True,False,True,True,False,True,True
Agent,Long Tap,open_autoglm_agent_raw,20260205_000558,1,Shopping,True,False,True,0.9995329004256659,0.9995329004256664,5000.0,6008676.0,2,0,0.0,68599.0,76782.5,1,1,1.0,13516884.0,13516884.0,False,True,True,False,False,False,False,False,False
Agent,Long Tap,open_autoglm_agent_raw,20260205_001328,3,Trip Planning,True,False,True,0.9995329004256659,0.9995329004256664,5000.0,5957152.0,2,0,0.0,68008.0,74791.5,1,1,1.0,14455828.0,14455828.0,False,True,True,False,False,False,False,False,False
Agent,Long Tap,open_autoglm_agent_raw,20260205_001525,3,Trip Planning,True,False,True,0.9995329004256659,0.9995329004256664,5000.0,5957152.0,6,0,0.0,65651.0,76949.0,5,5,1.0,14635598.0,14319496.0,False,True,True,False,True,True,False,True,True
Agent,Long Tap,open_autoglm_agent_raw,20260205_001814,3,Trip Planning,True,True,True,1.0073617576033023,0.9995329004256664,5000.0,5957152.0,97,0,0.0,42649.0,79556.0,97,97,1.0,41007962.0,13598234.0,False,True,True,False,True,True,False,True,True
Agent,Long Tap,open_autoglm_agent_raw,20260205_004244,1,Shopping,True,False,True,0.9995329004256659,0.9995329004256664,5000.0,6008676.0,2,0,0.0,75630.0,78943.5,1,1,1.0,39997907.0,39997907.0,False,True,True,False,False,False,False,False,False
Agent,Long Tap,open_autoglm_agent_raw,20260205_004508,1,Shopping,True,True,True,1.1031256199390094,0.9995329004256664,5000.0,6008676.0,5,0,0.0,70019.0,89237.0,5,5,1.0,15045105.0,14268066.0,False,True,True,False,True,True,False,True,True
Agent,Long Tap,open_autoglm_agent_raw,20260205_004758,1,Shopping,False,True,True,1.0351107501482748,0.9995329004256664,5000.0,6008676.0,9,0,0.0,62454.0,73036.0,9,9,1.0,39806944.0,15324767.0,False,True,True,False,True,True,False,True,True
Agent,Long Tap,open_autoglm_agent_raw,20260205_005225,1,Shopping,True,False,True,0.9995329004256659,0.9995329004256664,5000.0,6008676.0,2,0,0.0,71362.0,85009.0,1,1,1.0,38869406.0,38869406.0,False,True,True,False,False,False,False,False,False
Agent,Long Tap,open_autoglm_agent_raw,20260205_005442,1,Shopping,False,False,False,0.9995329004256659,0.9995329004256664,5000.0,6008676.0,5,0,0.0,70109.0,82656.0,4,4,1.0,38880263.0,17091217.5,False,True,True,False,True,True,False,True,True
Agent,Long Tap,open_autoglm_agent_raw,20260205_005752,1,Shopping,False,False,False,0.9995329004256659,0.9995329004256664,5000.0,6008676.0,8,0,0.0,65315.0,76663.0,7,7,1.0,38395514.0,15469315.0,False,True,True,False,True,True,False,True,True
Agent,Long Tap,open_autoglm_agent_raw,20260205_010154,1,Shopping,False,False,False,0.9995329004256659,0.9995329004256664,5000.0,6008676.0,3,0,0.0,62709.0,79402.0,2,2,1.0,39079358.0,26947263.0,False,True,True,False,True,True,False,False,False
Agent,Long Tap,open_autoglm_agent_raw,20260205_010424,1,Shopping,False,False,False,0.9995329004256659,0.9995329004256664,5000.0,6008676.0,5,0,0.0,83342.0,85463.0,4,4,1.0,40921236.0,17060080.5,False,True,True,False,True,True,False,True,True
Agent,Long Tap,open_autoglm_agent_raw,20260205_010734,1,Shopping,False,False,False,0.9995329004256659,0.9995329004256664,5000.0,6008676.0,7,0,0.0,65188.0,72672.0,6,6,1.0,38630302.0,14760333.0,False,True,True,False,True,True,False,True,True
Agent,Long Tap,open_autoglm_agent_raw,20260205_011102,4,Office & Learning,True,False,True,0.9995329004256659,0.9995329004256664,5000.0,5670071.0,2,0,0.0,74314.0,77996.5,1,1,1.0,12593139.0,12593139.0,False,True,True,False,False,False,False,False,False
Agent,Long Tap,open_autoglm_agent_raw,20260205_011251,4,Office & Learning,True,False,True,0.9995329004256656,0.9995329004256664,5000.0,5670071.0,46,0,0.0,54461.0,75259.5,45,45,1.0,49547658.0,12814488.0,False,True,True,False,True,True,False,True,True
Agent,Long Tap,open_autoglm_agent_raw,20260205_012632,4,Office & Learning,True,False,True,0.9995329004256654,0.9995329004256664,5000.0,5670071.0,47,0,0.0,59333.0,79810.0,46,46,1.0,13821810.0,12423840.5,False,True,True,False,True,True,False,True,True
Agent,Long Tap,open_autoglm_agent_raw,20260205_014758,0,Social Media,True,False,True,0.9995329004256661,0.9995329004256664,5000.0,6311961.0,89,0,0.0,48723.0,80368.0,88,88,1.0,27374471.0,13140451.0,False,True,True,False,True,True,False,True,True
Agent,Long Tap,open_autoglm_agent_raw,20260205_021102,0,Social Media,True,True,True,1.0762049048899225,0.9995329004256664,5000.0,6311961.0,82,0,0.0,54454.0,80616.5,96,96,1.0,39144701.0,13388072.0,False,True,True,False,True,True,False,True,True
Agent,Long Tap,open_autoglm_agent_raw,20260205_023459,0,Social Media,True,True,True,1.0047845207231927,0.9995329004256664,5000.0,6311961.0,81,0,0.0,51032.0,80479.0,81,81,1.0,41553691.0,13345217.0,False,True,True,False,True,True,False,True,True
Agent,Long Tap,open_autoglm_agent_raw,20260205_025843,0,Social Media,False,False,False,0.9995329004256659,0.9995329004256664,5000.0,6311961.0,5,0,0.0,54316.0,67876.0,4,4,1.0,37812370.0,13282529.0,False,True,True,False,True,True,False,True,True
Agent,Long Tap,open_autoglm_agent_raw,20260205_030134,0,Social Media,False,False,False,0.9995329004256659,0.9995329004256664,5000.0,6311961.0,6,0,0.0,67246.0,80791.0,5,5,1.0,37464295.0,14812720.0,False,True,True,False,True,True,False,True,True
Agent,Long Tap,open_autoglm_agent_raw,20260205_030456,0,Social Media,True,True,True,1.1689851767297508,0.9995329004256664,5000.0,6311961.0,12,0,0.0,64573.0,74243.0,14,14,1.0,37916485.0,13521206.0,False,True,True,False,True,True,False,True,True
Agent,Long Tap,open_autoglm_agent_raw,20260205_031048,0,Social Media,False,False,False,0.9995329004256659,0.9995329004256664,5000.0,6311961.0,3,0,0.0,75281.0,88590.0,2,2,1.0,36941912.0,25202407.0,False,True,True,False,True,True,False,False,False
Agent,Long Tap,open_autoglm_agent_raw,20260205_031311,0,Social Media,True,False,True,0.9995329004256659,0.9995329004256664,5000.0,6311961.0,2,0,0.0,81143.0,90827.5,1,1,1.0,13505812.0,13505812.0,False,True,True,False,False,False,False,False,False
Agent,Long Tap,open_autoglm_agent_raw,20260205_031713,0,Social Media,True,False,True,0.9995329004256659,0.9995329004256664,5000.0,6311961.0,5,0,0.0,73527.0,76364.0,4,4,1.0,37168622.0,14659467.5,False,True,True,False,True,True,False,True,True
Agent,Long Tap,open_autoglm_agent_raw,20260205_032016,0,Social Media,True,True,True,1.3035445389163773,0.9995329004256664,5000.0,6311961.0,6,0,0.0,72305.0,76364.5,12,12,1.0,28128111.0,15218271.0,False,True,True,False,True,True,False,True,True
Agent,Long Tap,open_autoglm_agent_raw,20260205_032608,0,Social Media,False,False,False,0.9995329004256662,0.9995329004256664,5000.0,6311961.0,12,0,0.0,70539.0,79059.5,11,11,1.0,37553169.0,13934710.0,False,True,True,False,True,True,False,True,True
Agent,Long Tap,open_autoglm_agent_raw,20260205_033102,0,Social Media,False,True,True,1.1474935865361182,0.9995329004256664,5000.0,6311961.0,17,0,0.0,50449.0,81464.0,20,20,1.0,52707099.0,16349926.5,False,True,True,False,True,True,False,True,True
Agent,Long Tap,open_autoglm_agent_raw,20260205_034023,0,Social Media,False,True,True,1.1171068302474134,0.9995329004256664,5000.0,6311961.0,5,0,0.0,69685.0,80925.0,5,5,1.0,29549927.0,18559139.0,False,True,True,False,True,True,False,True,True
Agent,Long Tap,open_autoglm_agent_raw,20260205_034346,0,Social Media,True,False,True,0.9995329004256661,0.9995329004256664,5000.0,6311961.0,11,0,0.0,53557.0,82929.0,10,10,1.0,18401434.0,16418775.0,False,True,True,False,True,True,False,True,True
Agent,Long Tap,open_autoglm_agent_raw,20260205_034813,4,Office & Learning,False,False,False,0.9995329004256659,0.9995329004256664,5000.0,5670071.0,4,0,0.0,76278.0,88991.0,3,3,1.0,36950689.0,13631488.0,False,True,True,False,True,True,False,True,True
Agent,Long Tap,open_autoglm_agent_raw,20260205_035050,4,Office & Learning,False,False,False,0.9995329004256659,0.9995329004256664,5000.0,5670071.0,6,0,0.0,68376.0,72179.0,5,5,1.0,38299499.0,14394715.0,False,True,True,False,True,True,False,True,True
Agent,Long Tap,open_autoglm_agent_raw,20260205_035504,0,Social Media,True,False,True,0.9995329004256659,0.9995329004256664,5000.0,6311961.0,1,0,0.0,89583.0,89583.0,0,0,0.0,,,False,False,False,False,False,False,False,False,False
Agent,Long Tap,open_autoglm_agent_raw,20260205_035943,0,Social Media,True,True,True,1.2743717963563532,0.9995329004256664,5000.0,6311961.0,2,0,0.0,73548.0,77972.0,2,2,1.0,80791606.0,55344653.5,False,True,True,False,True,True,False,False,False
